Time, Ch01, Ch02, Ch03, Ch04, Ch05, Ch06, Ch07, Ch08, Ch09
0,-3764.81005859375,3711.40380859375,1870.2210693359375,4164.08349609375,5046.05078125,-5789.54150390625,1524.7884521484375,-6169.56005859375,0
0.004,-11096.107421875,10879.8515625,5340.43359375,12247.458984375,14496.9404296875,-16946.6875,4167.51025390625,-18039.90234375,0
0.008,-14459.1435546875,13600.3544921875,6319.0654296875,15446.7470703125,17388.365234375,-21100.359375,4389.0068359375,-22456.353515625,0
0.012,-14950.4423828125,11459.154296875,4848.71875,13351.8125,13650.724609375,-17771.015625,2461.903076171875,-18656.296875,0
0.016,-16416.6875,7328.22900390625,2630.751220703125,9252.7890625,7608.7529296875,-11506.3701171875,106.16365814208984,-11134.271484375,0
0.02,-15625.2109375,1370.3359375,-218.76535034179688,3334.014404296875,-466.729736328125,-2213.19873046875,-2458.740966796875,-510.1826171875,0
0.024,-11511.646484375,-3356.891845703125,-2217.157470703125,-1088.91015625,-6313.79833984375,5278.65087890625,-3882.737548828125,7198.26171875,0
0.028,-7227.55615234375,-4301.70849609375,-2284.348876953125,-1672.1549072265625,-6627.52099609375,6596.6123046875,-3296.537109375,7696.6552734375,0
0.032,-3248.337158203125,-2884.481201171875,-1362.619873046875,-515.6312255859375,-3827.47802734375,4086.0859375,-1776.3193359375,4012.078125,0
0.036,1385.6771240234375,-1874.5,-867.49462890625,-407.67764282226562,-1942.9820556640625,2280.110107421875,-731.73260498046875,1194.291015625,0
0.04,4606.13916015625,-1886.0833740234375,-963.4091796875,-1525.5728759765625,-1717.125,2075.5234375,-359.22256469726562,575.87762451171875,0
0.044,4948.3544921875,-2138.245361328125,-1122.5751953125,-2681.13232421875,-1957.527099609375,2334.014892578125,-238.7952880859375,1016.5061645507812,0
0.048,4064.491455078125,-2337.61865234375,-1177.1624755859375,-3277.629638671875,-2222.204345703125,2754.362548828125,-203.75375366210938,1783.322021484375,0
0.052,3511.18505859375,-2268.348876953125,-1068.58203125,-3140.543701171875,-2186.713623046875,2895.337158203125,-143.63754272460938,2119.928466796875,0
0.056,2956.72265625,-1493.975341796875,-630.86358642578125,-2126.79052734375,-1239.9951171875,1877.663818359375,118.85170745849609,1196.9547119140625,0
0.06,2470.239013671875,-604.08123779296875,-206.08749389648438,-1122.859375,-217.7974853515625,606.02801513671875,320.49008178710938,113.7557373046875,0
0.064,3015.946533203125,-915.57275390625,-433.99359130859375,-1556.048828125,-881.97479248046875,1189.5560302734375,-27.902486801147461,1049.1634521484375,0
0.068,3974.423828125,-2117.149169921875,-1068.6968994140625,-2954.948486328125,-2657.617919921875,3112.744140625,-648.3680419921875,3378.3203125,0
0.072,3492.428466796875,-2244.54638671875,-1082.271240234375,-3079.444091796875,-2795.486328125,3311.783935546875,-650.2869873046875,3801.557373046875,0
0.076,1944.908935546875,-852.1219482421875,-321.89422607421875,-1445.537109375,-825.64715576171875,1175.594482421875,26.317775726318359,1545.4208984375,0
0.08,1816.8236083984375,-17.46539306640625,81.065109252929688,-431.26336669921875,274.69012451171875,-54.226715087890625,353.36367797851562,26.948171615600586,0
0.084,3436.430908203125,-1031.380859375,-495.94134521484375,-1566.4088134765625,-1191.3681640625,1526.8267822265625,-169.0404052734375,1535.7408447265625,0
0.088,4125.72900390625,-2234.75146484375,-1115.5595703125,-3000.063232421875,-2823.126220703125,3326.66552734375,-683.79052734375,3568.31982421875,0
0.092,2654.702392578125,-1725.2818603515625,-796.8662109375,-2470.813232421875,-2052.021484375,2523.70654296875,-376.22943115234375,2944.310546875,0
0.096,1338.0687255859375,-378.19400024414062,-69.414527893066406,-865.41143798828125,-204.13764953613281,529.67889404296875,238.81791687011719,792.3271484375,0
0.1,2138.421875,-250.30830383300781,-33.267894744873047,-602.228515625,-99.113021850585938,401.78231811523438,227.48088073730469,395.94647216796875,0
0.104,3526.20068359375,-1299.7386474609375,-615.98065185546875,-1800.7890625,-1571.9326171875,1976.8802490234375,-287.66366577148438,1981.2015380859375,0
0.108,3233.764892578125,-1762.0224609375,-848.1961669921875,-2435.630126953125,-2174.483642578125,2625.264892578125,-465.44500732421875,2879.088623046875,0
0.112,1878.8154296875,-1067.7073974609375,-450.514404296875,-1672.899169921875,-1201.7259521484375,1592.6282958984375,-115.05985260009766,1952.557373046875,0
0.116,1566.859130859375,-417.50332641601562,-98.50701904296875,-823.26922607421875,-338.03799438476562,678.1962890625,163.12858581542969,865.81622314453125,0
0.12,2436.50341796875,-637.74530029296875,-234.4378662109375,-986.69775390625,-669.84783935546875,1026.462890625,24.052425384521484,1039.5054931640625,0
0.124,2878.389892578125,-1128.4173583984375,-512.12548828125,-1593.0111083984375,-1341.2861328125,1722.4638671875,-210.74043273925781,1792.0084228515625,0
0.128,2324.35546875,-1136.145263671875,-511.75213623046875,-1682.7232666015625,-1346.4124755859375,1720.1195068359375,-201.921630859375,1950.0693359375,0
0.132,1773.875,-814.34112548828125,-324.06771850585938,-1294.9173583984375,-917.66815185546875,1279.376708984375,-49.946338653564453,1534.8052978515625,0
0.136,1878.6129150390625,-650.89923095703125,-230.56327819824219,-1021.5104370117188,-705.57391357421875,1065.1820068359375,14.625020027160645,1207.6197509765625,0
0.14,2158.951171875,-702.91326904296875,-268.78872680664062,-1050.0963134765625,-776.24298095703125,1124.609375,-22.863689422607422,1190.0048828125,0
0.144,2121.66162109375,-772.7659912109375,-319.26678466796875,-1170.6370849609375,-876.2552490234375,1208.3759765625,-65.354354858398438,1310.1728515625,0
0.148,1929.817138671875,-796.2283935546875,-332.07073974609375,-1224.109375,-925.18817138671875,1259.7750244140625,-82.444747924804688,1427.998779296875,0
0.152,1832.203857421875,-777.12078857421875,-311.87216186523438,-1174.4508056640625,-909.5579833984375,1256.0054931640625,-74.976852416992188,1433.1431884765625,0
0.156,1776.8564453125,-685.8349609375,-258.06503295898438,-1031.180419921875,-780.38104248046875,1118.8824462890625,-33.571647644042969,1255.3701171875,0
0.16,1714.9716796875,-579.02911376953125,-207.3719482421875,-898.9119873046875,-632.92266845703125,948.0428466796875,8.0589475631713867,1048.2509765625,0
0.164,1716.3818359375,-573.27294921875,-213.36994934082031,-900.2327880859375,-638.26922607421875,942.39874267578125,-2.8547623157501221,1039.111083984375,0
0.168,1733.919677734375,-645.2860107421875,-254.07731628417969,-984.98468017578125,-751.86993408203125,1060.2415771484375,-46.224353790283203,1177.4322509765625,0
0.172,1649.224609375,-660.53973388671875,-258.72274780273438,-994.2034912109375,-776.9456787109375,1086.231201171875,-55.958049774169922,1221.66015625,0
0.176,1516.184326171875,-589.4119873046875,-218.25749206542969,-898.17498779296875,-678.443359375,980.568359375,-24.049739837646484,1111.03125,0
0.18,1464.494873046875,-515.8818359375,-180.88362121582031,-798.7001953125,-580.92498779296875,874.2376708984375,4.6528306007385254,980.13739013671875,0
0.184,1466.154052734375,-480.735595703125,-167.12458801269531,-751.0770263671875,-540.60430908203125,822.09063720703125,10.937841415405273,908.4769287109375,0
0.188,1431.84375,-473.45849609375,-168.2406005859375,-744.60400390625,-539.87469482421875,808.34649658203125,3.1554496288299561,897.22900390625,0
0.192,1386.6331787109375,-501.88323974609375,-185.01777648925781,-776.46258544921875,-587.0487060546875,854.05242919921875,-17.484416961669922,958.7860107421875,0
0.196,1358.019287109375,-534.3984375,-199.8575439453125,-802.3470458984375,-634.82977294921875,910.18585205078125,-33.947479248046875,1023.11572265625,0
0.2,1278.6363525390625,-481.48397827148438,-169.51945495605469,-727.59832763671875,-560.60821533203125,831.07928466796875,-9.8875913619995117,933.49267578125,0
0.204,1159.9632568359375,-356.81268310546875,-106.49210357666016,-577.51251220703125,-392.11563110351562,638.60089111328125,39.989593505859375,719.27423095703125,0
0.208,1139.8779296875,-316.19793701171875,-91.942123413085938,-528.3460693359375,-348.124755859375,578.41815185546875,44.598590850830078,645.9453125,0
0.212,1217.655029296875,-412.505126953125,-146.78083801269531,-635.26385498046875,-491.421142578125,729.25653076171875,-9.4116573333740234,805.83984375,0
0.216,1196.2066650390625,-477.10488891601562,-178.78414916992188,-704.98504638671875,-580.5545654296875,827.18145751953125,-39.063121795654297,923.1728515625,0
0.22,1022.5881958007812,-383.33773803710938,-126.25492858886719,-591.17657470703125,-448.24267578125,682.62615966796875,5.0995659828186035,779.95458984375,0
0.224,907.77703857421875,-253.68119812011719,-59.878986358642578,-431.386474609375,-274.71377563476562,488.61221313476562,57.190479278564453,561.5911865234375,0
0.228,966.5506591796875,-250.43074035644531,-64.201271057128906,-417.2392578125,-280.93960571289062,487.02963256835938,46.066650390625,537.74932861328125,0
0.232,1025.9710693359375,-326.89901733398438,-108.86867523193359,-504.11215209960938,-392.57577514648438,599.7734375,2.6803722381591797,656.6982421875,0
0.236,942.25665283203125,-346.73748779296875,-119.21397399902344,-530.35662841796875,-420.89956665039062,626.03594970703125,-8.473668098449707,705.25653076171875,0
0.24,823.8084716796875,-298.52041625976562,-91.587203979492188,-468.43954467773438,-355.82357788085938,556.90985107421875,12.702522277832031,641.50048828125,0
0.244,788.30731201171875,-242.67851257324219,-61.963542938232422,-388.71932983398438,-281.83139038085938,477.26385498046875,34.445770263671875,541.87353515625,0
0.248,775.25408935546875,-191.587890625,-39.051555633544922,-321.79208374023438,-215.30722045898438,396.06439208984375,49.886280059814453,438.56484985351562,0
0.252,738.30938720703125,-169.53781127929688,-33.633045196533203,-299.853759765625,-191.91389465332031,356.78167724609375,49.270069122314453,397.30322265625,0
0.256,743.9853515625,-230.39958190917969,-68.692588806152344,-370.67886352539062,-283.68374633789062,451.89453125,13.880895614624023,508.74334716796875,0
0.26,760.01629638671875,-305.75454711914062,-105.47697448730469,-448.17416381835938,-388.189453125,571.56817626953125,-19.725961685180664,642.810546875,0
0.264,649.1806640625,-233.46142578125,-63.871082305908203,-355.36196899414062,-283.10391235351562,458.72021484375,16.403457641601562,522.7216796875,0
0.268,482.1103515625,-52.883525848388672,27.693685531616211,-144.12043762207031,-36.718029022216797,178.78059387207031,91.565780639648438,215.52682495117188,0
0.272,508.30508422851562,-27.768957138061523,31.939218521118164,-112.34954833984375,-16.559463500976562,143.16938781738281,86.47369384765625,161.7928466796875,0
0.276,692.00958251953125,-220.40324401855469,-73.480697631835938,-329.46493530273438,-291.34652709960938,440.52719116210938,-9.9203109741210938,475.74453735351562,0
0.28,677.0032958984375,-321.27783203125,-121.42592620849609,-444.36557006835938,-422.93984985351562,589.43634033203125,-49.047466278076172,655.9915771484375,0
0.284,389.36148071289062,-127.82015228271484,-14.67341136932373,-220.83232116699219,-147.85421752929688,288.74993896484375,44.595970153808594,352.80389404296875,0
0.288,236.87849426269531,87.512290954589844,93.805198669433594,36.769031524658203,139.8109130859375,-35.110126495361328,130.83529663085938,-12.876996040344238,0
0.292,446.2421875,-4.6003632545471191,35.568042755126953,-56.641956329345703,-3.6975703239440918,111.291259765625,70.742347717285156,108.593017578125,0
0.296,642.8646240234375,-244.337890625,-93.098556518554688,-333.62890625,-335.54632568359375,470.51034545898438,-41.495513916015625,497.17276000976562,0
0.3,455.87588500976562,-236.4793701171875,-82.984580993652344,-335.134521484375,-313.48748779296875,448.31234741210938,-28.1009521484375,514.6981201171875,0
0.304,145.30281066894531,9.7335004806518555,49.955791473388672,-48.112846374511719,27.283687591552734,76.099327087402344,85.036537170410156,129.654052734375,0
0.308,167.83235168457031,116.71348571777344,100.48553466796875,95.726547241210938,161.5462646484375,-76.4461669921875,119.33270263671875,-72.604164123535156,0
0.312,424.03558349609375,-43.135814666748047,8.3046035766601562,-77.76898193359375,-67.981895446777344,164.9476318359375,33.632884979248047,153.92578125,0
0.316,456.73599243164062,-182.9010009765625,-66.4324951171875,-251.31648254394531,-256.27825927734375,364.59661865234375,-28.997308731079102,391.42098999023438,0
0.32,210.46818542480469,-95.51422119140625,-15.940243721008301,-161.32015991210938,-130.50532531738281,228.19418334960938,16.446456909179688,284.83926391601562,0
0.324,63.417583465576172,58.267894744873047,66.875900268554688,29.62835693359375,77.001998901367188,4.287325382232666,83.336166381835938,38.598869323730469,0
0.328,173.48486328125,67.754440307617188,67.559616088867188,61.274829864501953,82.66290283203125,-6.132565975189209,77.579856872558594,-11.364273071289062,0
0.332,286.21279907226562,-20.161144256591797,15.410006523132324,-40.405181884765625,-40.155693054199219,117.20555114746094,30.579219818115234,109.42826080322266,0
0.336,217.15316772460938,-54.944999694824219,-4.6394600868225098,-94.891822814941406,-87.185104370117188,161.7386474609375,13.640205383300781,183.50068664550781,0
0.34,100.09964752197266,-19.818359375,16.356683731079102,-54.956867218017578,-40.301654815673828,113.26524353027344,30.038858413696289,150.46174621582031,0
0.344,77.188522338867188,23.602640151977539,41.208465576171875,11.171346664428711,18.049571990966797,53.393951416015625,48.352924346923828,73.895858764648438,0
0.348,91.049728393554688,59.08013916015625,57.420684814453125,62.135913848876953,66.992759704589844,-5.2581009864807129,60.218040466308594,-8.2139492034912109,0
0.352,78.53997802734375,72.550254821777344,59.029613494873047,72.621482849121094,82.794822692871094,-33.300518035888672,59.623466491699219,-40.079174041748047,0
0.356,83.596275329589844,28.593582153320312,32.790935516357422,16.408197402954102,16.624166488647461,34.07635498046875,34.195362091064453,41.639202117919922,0
0.36,95.589515686035156,-27.533229827880859,5.2591652870178223,-43.831378936767578,-61.759479522705078,122.7607421875,8.8370561599731445,143.67839050292969,0
0.364,29.330083847045898,10.572688102722168,28.439245223999023,7.6391172409057617,-4.5323920249938965,61.972301483154297,28.946630477905273,79.7431640625,0
0.368,-70.193954467773438,120.26255035400391,84.583984375,137.34834289550781,147.41488647460938,-109.690673828125,75.864280700683594,-109.98046875,0
0.372,-50.992118835449219,140.50297546386719,89.592979431152344,162.01957702636719,167.91792297363281,-140.15829467773438,75.73492431640625,-153.8800048828125,0
0.376,60.747772216796875,31.270956039428711,28.949579238891602,37.364185333251953,11.735323905944824,27.32135009765625,20.294610977172852,22.231607437133789,0
0.38,56.568103790283203,-32.894645690917969,-2.4869568347930908,-37.520977020263672,-72.8612060546875,121.15207672119141,-5.7266068458557129,136.19267272949219,0
0.384,-99.893592834472656,62.588428497314453,50.623332977294922,72.444015502929688,64.04327392578125,-28.154352188110352,41.309684753417969,-11.168312072753906,0
0.388,-181.89802551269531,176.36405944824219,108.34188079833984,209.743408203125,217.322021484375,-199.37374877929688,87.924293518066406,-205.00032043457031,0
0.392,-73.118797302246094,137.3013916015625,82.534141540527344,172.23396301269531,155.75883483886719,-137.67098999023438,60.945354461669922,-159.9400634765625,0
0.396,29.124053955078125,20.346384048461914,18.800365447998047,36.063213348388672,-6.2805547714233398,35.634788513183594,5.1853628158569336,26.313716888427734,0
0.4,-58.28515625,15.540507316589355,18.513956069946289,23.408523559570312,-7.817652702331543,36.692821502685547,7.012331485748291,49.527935028076172,0
0.404,-205.15824890136719,122.96488952636719,76.925254821777344,148.41459655761719,141.29533386230469,-125.78916931152344,56.765647888183594,-115.81894683837891,0
0.408,-197.30868530273438,174.34994506835938,101.85591888427734,218.57597351074219,207.15263366699219,-199.61083984375,74.251441955566406,-213.45097351074219,0
0.412,-83.333724975585938,110.7445068359375,64.528076171875,150.9356689453125,116.19891357421875,-105.0535888671875,39.459197998046875,-128.8685302734375,0
0.416,-66.172447204589844,50.445587158203125,31.370931625366211,74.943763732910156,34.999755859375,-20.569408416748047,11.687528610229492,-28.726480484008789,0
0.42,-167.79292297363281,79.913841247558594,48.235374450683594,103.01446533203125,77.598365783691406,-67.572128295898438,27.010950088500977,-60.668048858642578,0
0.424,-229.54106140136719,138.41325378417969,80.013168334960938,176.3878173828125,156.67770385742188,-152.67707824707031,52.543262481689453,-153.138916015625,0
0.428,-187.92074584960938,144.73149108886719,81.900489807128906,193.33222961425781,163.27473449707031,-161.48347473144531,51.676708221435547,-178.90768432617188,0
0.432,-143.66487121582031,114.05291748046875,63.167919158935547,158.288818359375,120.99261474609375,-120.22430419921875,34.852611541748047,-140.60627746582031,0
0.436,-168.01310729980469,100.226318359375,54.626544952392578,135.98388671875,102.25162506103516,-103.50978851318359,27.660470962524414,-112.81331634521484,0
0.44,-211.43135070800781,110.38297271728516,60.592796325683594,146.60140991210938,115.37455749511719,-117.79575347900391,31.976455688476562,-120.10404205322266,0
0.444,-220.9632568359375,123.91180419921875,68.52435302734375,168.20735168457031,133.57173156738281,-136.80046081542969,37.422698974609375,-144.3497314453125,0
0.448,-215.44868469238281,134.85578918457031,73.546920776367188,185.17167663574219,149.3634033203125,-156.0657958984375,40.970966339111328,-172.16911315917969,0
0.452,-218.75668334960938,139.36152648925781,73.879562377929688,188.95394897460938,155.46195983886719,-166.69319152832031,40.775432586669922,-184.76164245605469,0
0.456,-219.23051452636719,127.44023132324219,66.147682189941406,172.99470520019531,137.53153991699219,-149.49101257324219,33.266521453857422,-163.18974304199219,0
0.46,-217.70344543457031,111.07637786865234,57.71893310546875,155.20541381835938,114.46458435058594,-124.30322265625,25.287456512451172,-133.68586730957031,0
0.464,-235.79940795898438,118.75228118896484,62.407489776611328,166.55793762207031,126.39327239990234,-137.33552551269531,29.231588363647461,-147.25717163085938,0
0.468,-261.95443725585938,145.822021484375,76.057518005371094,199.16171264648438,164.37606811523438,-180.45429992675781,40.771209716796875,-195.3863525390625,0
0.472,-258.85205078125,153.00399780273438,78.108314514160156,207.97798156738281,172.80319213867188,-192.0697021484375,41.538745880126953,-211.307861328125,0
0.476,-233.63569641113281,129.33882141113281,64.43902587890625,180.85746765136719,138.85592651367188,-156.72615051269531,28.785293579101562,-174.6624755859375,0
0.48,-234.48896789550781,112.87577056884766,55.925651550292969,161.46420288085938,117.00443267822266,-133.62509155273438,21.366067886352539,-146.5408935546875,0
0.484,-268.41064453125,129.43351745605469,65.177490234375,180.63070678710938,141.20370483398438,-160.57356262207031,29.492242813110352,-171.95783996582031,0
0.488,-286.91717529296875,152.27120971679688,76.835121154785156,208.76445007324219,172.38349914550781,-195.68693542480469,38.941978454589844,-211.62458801269531,0
0.492,-267.43759155273438,148.05509948730469,73.46478271484375,205.85563659667969,165.38752746582031,-189.82109069824219,35.079181671142578,-210.20893859863281,0
0.496,-248.50508117675781,128.02510070800781,62.080432891845703,182.3380126953125,137.69123840332031,-161.43147277832031,24.943948745727539,-180.20735168457031,0
0.5,-262.73797607421875,123.80538177490234,59.835174560546875,175.70932006835938,132.80517578125,-157.12216186523438,23.233221054077148,-171.25851440429688,0
0.504,-287.217041015625,137.51628112792969,67.23992919921875,191.72470092773438,152.18070983886719,-178.42207336425781,29.544277191162109,-191.96806335449219,0
0.508,-288.03408813476562,146.0836181640625,71.390914916992188,203.9437255859375,163.75289916992188,-191.37983703613281,32.629718780517578,-208.95783996582031,0
0.512,-272.96630859375,140.23046875,67.45550537109375,198.4755859375,155.64852905273438,-183.78669738769531,28.914657592773438,-204.12448120117188,0
0.516,-269.71054077148438,132.3822021484375,62.604297637939453,188.2972412109375,145.23979187011719,-173.93624877929688,24.734233856201172,-192.67512512207031,0
0.52,-280.72256469726562,132.41313171386719,62.408336639404297,187.13615417480469,145.56210327148438,-175.02413940429688,24.4600830078125,-191.14253234863281,0
0.524,-288.1005859375,136.33683776855469,64.539649963378906,192.4228515625,151.00851440429688,-181.114501953125,25.950174331665039,-197.36592102050781,0
0.528,-285.49700927734375,137.74894714355469,65.156005859375,195.59733581542969,153.17013549804688,-183.9754638671875,26.257532119750977,-202.34761047363281,0
0.532,-281.76742553710938,136.41899108886719,64.01434326171875,194.35397338867188,151.73954772949219,-183.48112487792969,25.35491943359375,-203.0025634765625,0
0.536,-282.547119140625,134.70832824707031,62.664417266845703,191.50862121582031,149.60897827148438,-182.17135620117188,24.312789916992188,-201.04704284667969,0
0.54,-284.94784545898438,133.55903625488281,61.813201904296875,189.6090087890625,148.02987670898438,-181.04423522949219,23.549697875976562,-198.9627685546875,0
0.544,-285.7177734375,132.77804565429688,61.261871337890625,188.97555541992188,147.06637573242188,-180.38044738769531,23.006435394287109,-198.21040344238281,0
0.548,-284.88885498046875,131.98042297363281,60.681243896484375,188.50314331054688,146.3822021484375,-180.04769897460938,22.531341552734375,-198.38461303710938,0
0.552,-284.05145263671875,131.52243041992188,60.244464874267578,188.00566101074219,146.27861022949219,-180.41191101074219,22.253829956054688,-199.13693237304688,0
0.556,-284.57601928710938,132.22770690917969,60.407562255859375,188.54374694824219,147.63790893554688,-182.49089050292969,22.438287734985352,-201.32441711425781,0
0.56,-285.1142578125,132.62739562988281,60.393230438232422,188.80322265625,148.39118957519531,-184.02853393554688,22.372768402099609,-202.75566101074219,0
0.564,-282.46185302734375,129.45478820800781,58.528617858886719,185.19247436523438,144.22201538085938,-180.01058959960938,20.758993148803711,-198.31478881835938,0
0.568,-278.26187133789062,124.15000915527344,55.676048278808594,179.23092651367188,137.4163818359375,-172.70285034179688,18.510601043701172,-190.41642761230469,0
0.572,-278.96005249023438,123.68294525146484,55.438098907470703,178.6243896484375,137.53535461425781,-172.91435241699219,18.680919647216797,-190.50556945800781,0
0.576,-283.86880493164062,129.26542663574219,58.178215026855469,184.6888427734375,145.699462890625,-182.31819152832031,21.284784317016602,-200.65534973144531,0
0.58,-282.64419555664062,131.04243469238281,58.660808563232422,186.39901733398438,148.08283996582031,-185.60539245605469,21.663585662841797,-204.7445068359375,0
0.584,-272.65396118164062,122.776611328125,54.013542175292969,176.7620849609375,136.74821472167969,-173.5538330078125,17.636043548583984,-192.23152160644531,0
0.588,-267.101318359375,114.46262359619141,49.808685302734375,167.02023315429688,126.09194183349609,-161.80876159667969,14.290420532226562,-179.031494140625,0
0.592,-274.10214233398438,117.99344635009766,51.977001190185547,170.76315307617188,131.98324584960938,-168.19062805175781,16.520685195922852,-184.94026184082031,0
0.596,-280.34716796875,126.71209716796875,56.47235107421875,180.67741394042969,144.30827331542969,-181.94609069824219,20.460870742797852,-200.09928894042969,0
0.6,-271.67196655273438,124.78353118896484,55.035633087158203,178.49153137207031,141.37480163574219,-179.14338684082031,19.072378158569336,-198.65620422363281,0
0.604,-258.09954833984375,113.01686859130859,48.678020477294922,164.54171752929688,125.32878112792969,-161.81877136230469,13.694483757019043,-180.4642333984375,0
0.608,-258.36053466796875,107.82381439208984,46.216533660888672,157.7027587890625,119.05607604980469,-154.98046875,12.038853645324707,-171.509521484375,0
0.612,-268.4404296875,114.59629821777344,50.02435302734375,165.0447998046875,129.13912963867188,-165.97505187988281,15.714879035949707,-182.069580078125,0
0.616,-268.381103515625,119.96561431884766,52.656455993652344,171.55354309082031,136.71086120605469,-174.22761535644531,18.080636978149414,-192.07080078125,0
0.62,-255.53564453125,114.29738616943359,49.234214782714844,165.21005249023438,129.07231140136719,-165.91744995117188,15.26433277130127,-184.95394897460938,0
0.624,-247.28520202636719,105.53548431396484,44.435783386230469,154.36799621582031,117.67086029052734,-153.56623840332031,11.560175895690918,-171.41413879394531,0
0.628,-251.18501281738281,104.09072113037109,43.892601013183594,151.76860046386719,116.52469635009766,-152.3079833984375,11.571202278137207,-168.27229309082031,0
0.632,-255.02255249023438,107.53759765625,45.994598388671875,155.692626953125,121.7879638671875,-157.866943359375,13.629252433776855,-173.71928405761719,0
0.636,-249.71513366699219,108.19441986083984,46.339641571044922,156.84371948242188,122.9708251953125,-159.01054382324219,14.067133903503418,-176.240478515625,0
0.64,-241.9862060546875,105.2198486328125,44.521953582763672,153.0322265625,119.23050689697266,-155.04252624511719,12.752041816711426,-172.92887878417969,0
0.644,-238.989501953125,101.71270751953125,42.516437530517578,147.83784484863281,114.79179382324219,-150.3929443359375,11.334495544433594,-167.33283996582031,0
0.648,-237.60676574707031,98.420936584472656,40.937774658203125,143.2666015625,110.60878753662109,-145.7000732421875,10.229879379272461,-161.32943725585938,0
0.652,-234.75253295898438,96.399864196777344,40.164264678955078,140.9027099609375,108.32535552978516,-142.7813720703125,9.8552703857421875,-158.12419128417969,0
0.656,-233.17631530761719,97.996444702148438,41.053009033203125,142.58464050292969,111.14250183105469,-145.5438232421875,11.03148365020752,-161.65670776367188,0
0.66,-231.96736145019531,100.37493896484375,41.99365234375,144.54972839355469,114.76558685302734,-149.42936706542969,12.235128402709961,-166.34909057617188,0
0.664,-225.67524719238281,96.721908569335938,39.739330291748047,139.50448608398438,109.80637359619141,-143.91398620605469,10.59111499786377,-160.62687683105469,0
0.668,-217.10212707519531,88.407394409179688,35.404285430908203,129.47639465332031,98.737770080566406,-131.49604797363281,7.2546920776367188,-146.97038269042969,0
0.672,-216.04318237304688,85.881065368652344,34.397789001464844,126.22159576416016,96.16943359375,-128.25675964355469,6.9456610679626465,-142.7803955078125,0
0.676,-221.02734375,91.91363525390625,37.722492218017578,132.7032470703125,105.21736907958984,-137.83735656738281,10.202009201049805,-152.86421203613281,0
0.68,-218.46310424804688,94.976646423339844,39.132133483886719,135.80851745605469,109.45042419433594,-142.33139038085938,11.474057197570801,-158.53878784179688,0
0.684,-205.66093444824219,87.196311950683594,34.833820343017578,126.42746734619141,98.608070373535156,-130.38398742675781,7.8563857078552246,-146.48593139648438,0
0.688,-197.66850280761719,78.076416015625,30.196828842163086,115.24971771240234,86.587646484375,-117.04689788818359,4.3256707191467285,-131.44218444824219,0
0.692,-202.68815612792969,79.571998596191406,31.340246200561523,116.23207855224609,89.550514221191406,-119.97035980224609,5.9425187110900879,-133.18766784667969,0
0.696,-207.38290405273438,86.574012756347656,35.137531280517578,124.01982116699219,99.625289916992188,-130.64225769042969,9.580535888671875,-144.78462219238281,0
0.7,-198.71540832519531,85.470321655273438,34.395977020263672,122.82955169677734,98.171043395996094,-128.74264526367188,9.060826301574707,-144.44381713867188,0
0.704,-185.56755065917969,76.13934326171875,29.415609359741211,111.69571685791016,85.773239135742188,-114.88005065917969,5.0621170997619629,-130.32829284667969,0
0.708,-183.45951843261719,70.997596740722656,26.935970306396484,104.75053405761719,79.600990295410156,-107.734619140625,3.4920058250427246,-121.376953125,0
0.712,-189.22578430175781,74.560081481933594,29.124624252319336,108.14217376708984,85.243431091308594,-113.35833740234375,5.8532590866088867,-126.17488861083984,0
0.716,-187.89237976074219,77.892234802246094,30.972625732421875,112.05851745605469,90.099632263183594,-118.16398620605469,7.6244139671325684,-131.97798156738281,0
0.72,-177.5299072265625,74.26275634765625,28.952194213867188,107.88031005859375,85.289344787597656,-112.69309997558594,6.0184454917907715,-127.36149597167969,0
0.724,-170.068115234375,68.302536010742188,25.764003753662109,100.18174743652344,77.558395385742188,-104.19456481933594,3.6476447582244873,-118.02490234375,0
0.728,-170.53244018554688,66.446151733398438,24.927877426147461,96.951522827148438,75.57806396484375,-101.76731872558594,3.4504046440124512,-114.11932373046875,0
0.732,-171.19438171386719,67.58990478515625,25.720165252685547,97.862060546875,77.514137268066406,-103.32359313964844,4.5875535011291504,-115.37563323974609,0
0.736,-166.43600463867188,67.436668395996094,25.684209823608398,97.780807495117188,77.498580932617188,-102.80928802490234,4.9520750045776367,-115.74112701416016,0
0.74,-160.18159484863281,65.368812561035156,24.514644622802734,95.050582885742188,74.864540100097656,-99.745567321777344,4.3415594100952148,-113.28404235839844,0
0.744,-156.62528991699219,62.96307373046875,23.224391937255859,91.341758728027344,71.807418823242188,-96.279464721679688,3.5581791400909424,-109.4024658203125,0
0.748,-154.15693664550781,60.623222351074219,22.172924041748047,87.835960388183594,68.889732360839844,-92.67376708984375,2.8652739524841309,-104.9908447265625,0
0.752,-150.95475769042969,58.854541778564453,21.559606552124023,85.434371948242188,66.86859130859375,-89.8638916015625,2.5315227508544922,-101.80783843994141,0
0.756,-148.2086181640625,58.773143768310547,21.744409561157227,85.074569702148438,67.21124267578125,-89.849876403808594,2.953794002532959,-101.91748046875,0
0.76,-145.64582824707031,59.127899169921875,21.986968994140625,85.052047729492188,68.058815002441406,-90.660873413085938,3.4602394104003906,-102.87973785400391,0
0.764,-141.000732421875,56.9254150390625,20.826894760131836,82.0306396484375,65.324546813964844,-87.475204467773438,2.7808983325958252,-99.49066162109375,0
0.768,-135.50009155273438,52.676982879638672,18.7020263671875,76.708824157714844,59.91217041015625,-81.031227111816406,1.3309959173202515,-92.513832092285156,0
0.772,-133.13473510742188,50.641796112060547,17.876495361328125,73.957496643066406,57.737781524658203,-77.96600341796875,1.0548684597015381,-89.008895874023438,0
0.776,-133.21163940429688,52.038787841796875,18.799566268920898,75.209274291992188,60.201164245605469,-80.1376953125,2.2549502849578857,-91.261886596679688,0
0.78,-130.3751220703125,52.580188751220703,19.093292236328125,75.561744689941406,61.168571472167969,-80.906494140625,2.8052310943603516,-92.393173217773438,0
0.784,-123.64736175537109,49.262504577636719,17.282556533813477,71.409156799316406,56.69036865234375,-75.76092529296875,1.5484784841537476,-87.126136779785156,0
0.788,-118.65615081787109,45.259532928466797,15.228991508483887,66.2691650390625,51.481212615966797,-69.70703125,0.20513863861560822,-80.304244995117188,0
0.792,-118.33467864990234,44.682933807373047,15.166341781616211,65.0765380859375,51.243907928466797,-68.983299255371094,0.58303993940353394,-77.23944091796875,0
0.796,-117.99973297119141,46.022113800048828,16.182332992553711,66.430076599121094,53.640552520751953,-71.164230346679688,1.7523971796035767,-73.9571533203125,0
0.8,-113.27890777587891,45.020641326904297,15.873245239257812,65.267799377441406,52.617229461669922,-69.75341796875,1.704978346824646,-67.238441467285156,0
0.804,-107.11894226074219,41.541461944580078,14.13585376739502,60.915874481201172,48.088459014892578,-64.587379455566406,0.53208857774734497,-61.086345672607422,0
0.808,-103.81207275390625,39.582084655761719,13.777371406555176,58.176586151123047,45.740867614746094,-60.280853271484375,0.69364994764328003,-58.516166687011719,0
0.812,-76.326072692871094,62.066516876220703,46.474102020263672,87.865699768066406,74.139976501464844,-28.842660903930664,33.135608673095703,-18.720758438110352,0
0.816,12.91936206817627,134.08381652832031,150.377685546875,184.04789733886719,164.02067565917969,71.564979553222656,135.83439636230469,116.18914794921875,0
0.82,109.96080017089844,208.27363586425781,260.293701171875,284.17953491210938,256.820068359375,181.24044799804688,244.64279174804688,267.555908203125,0
0.824,131.78849792480469,219.95576477050781,281.51766967773438,301.02255249023438,272.13623046875,206.11323547363281,265.902587890625,305.4267578125,0
0.828,90.050437927246094,182.46652221679688,229.022705078125,250.60481262207031,225.58651733398438,157.85173034667969,214.47262573242188,239.85090637207031,0
0.832,92.845924377441406,190.48051452636719,222.25956726074219,246.87724304199219,225.4014892578125,153.48300170898438,208.80766296386719,215.13932800292969,0
0.836,262.06143188476562,351.46697998046875,395.2255859375,417.24325561523438,393.36492919921875,325.75357055664062,382.21957397460938,395.12710571289062,0
0.84,500.18765258789062,569.90069580078125,648.13525390625,662.19921875,631.18408203125,576.4110107421875,635.0625,680.11346435546875,0
0.844,585.99591064453125,641.73272705078125,741.77490234375,749.94403076171875,714.62725830078125,670.22540283203125,728.64453125,797.91015625,0
0.848,488.98675537109375,545.6953125,635.59600830078125,644.58447265625,611.92755126953125,568.1986083984375,622.9866943359375,685.5380859375,0
0.852,397.67324829101562,462.75311279296875,528.71954345703125,541.5770263671875,514.48175048828125,466.51498413085938,516.90643310546875,557.41876220703125,0
0.856,552.01806640625,619.28302001953125,680.11053466796875,692.626953125,667.03631591796875,619.70135498046875,668.7197265625,703.33135986328125,0
0.86,871.51593017578125,930.08367919921875,1010.34228515625,1017.3905029296875,988.080078125,948.3592529296875,999.11981201171875,1050.124755859375,0
0.864,1026.3433837890625,1074.1265869140625,1171.7103271484375,1174.2398681640625,1141.602294921875,1109.4271240234375,1160.8466796875,1227.78125,0
0.868,900.91552734375,945.9666748046875,1037.9224853515625,1040.886474609375,1009.89111328125,979.13720703125,1027.4945068359375,1092.6029052734375,0
0.872,727.27032470703125,774.66876220703125,851.3450927734375,856.3416748046875,829.41748046875,797.12677001953125,841.10711669921875,898.3499755859375,0
0.876,840.9617919921875,888.3319091796875,962.01544189453125,965.9544677734375,940.98760986328125,910.1126708984375,952.2547607421875,1009.7863159179688,0
0.88,1182.4837646484375,1225.7562255859375,1309.9010009765625,1309.9169921875,1283.726318359375,1258.061279296875,1300.8330078125,1366.1390380859375,0
0.884,1365.752685546875,1403.8511962890625,1496.8125,1493.8968505859375,1465.888427734375,1445.3072509765625,1488.1009521484375,1559.826171875,0
0.888,1232.2799072265625,1266.548828125,1358.2291259765625,1355.12890625,1327.1732177734375,1308.888671875,1349.4986572265625,1422.392578125,0
0.892,1036.802490234375,1066.0439453125,1156.5699462890625,1153.2724609375,1125.9281005859375,1109.9017333984375,1147.8720703125,1224.5517578125,0
0.896,1129.6904296875,1155.0286865234375,1246.9306640625,1242.6568603515625,1216.389404296875,1202.622802734375,1239.5640869140625,1317.7252197265625,0
0.9,1448.5113525390625,1473.4827880859375,1565.3486328125,1560.2017822265625,1535.522216796875,1522.881591796875,1560.009521484375,1633.8189697265625,0
0.904,1618.8629150390625,1643.4462890625,1734.8414306640625,1728.9228515625,1704.9302978515625,1693.5592041015625,1730.284912109375,1802.483154296875,0
0.908,1492.8013916015625,1512.727294921875,1606.639404296875,1599.4166259765625,1574.5804443359375,1566.3646240234375,1601.2757568359375,1681.4273681640625,0
0.912,1319.266357421875,1330.016357421875,1432.7467041015625,1422.9312744140625,1396.023193359375,1393.3792724609375,1426.451171875,1521.8486328125,0
0.916,1393.8304443359375,1400.6419677734375,1504.3148193359375,1493.8822021484375,1467.652099609375,1466.9420166015625,1499.1038818359375,1594.9320068359375,0
0.92,1648.1461181640625,1658.4365234375,1751.7203369140625,1743.3050537109375,1720.921875,1717.2093505859375,1749.0068359375,1829.0836181640625,0
0.924,1780.71484375,1791.5687255859375,1881.1744384765625,1872.6839599609375,1851.9410400390625,1848.2232666015625,1879.1878662109375,1957.5775146484375,0
0.928,1683.331787109375,1685.646240234375,1788.147216796875,1775.126953125,1751.3560791015625,1754.8511962890625,1784.2177734375,1887.2562255859375,0
0.932,1560.6881103515625,1551.2281494140625,1672.091796875,1653.6890869140625,1625.700927734375,1638.1044921875,1666.4375,1795.112060546875,0
0.936,1610.9146728515625,1599.9332275390625,1718.3355712890625,1700.2532958984375,1673.345458984375,1686.2493896484375,1713.759521484375,1836.074951171875,0
0.94,1771.6859130859375,1768.3597412109375,1865.3941650390625,1852.5426025390625,1831.484130859375,1837.505615234375,1863.830078125,1954.2640380859375,0
0.944,1864.108154296875,1861.797607421875,1951.3912353515625,1940.6490478515625,1922.444091796875,1926.1605224609375,1952.1470947265625,2024.1517333984375,0
0.948,1834.8773193359375,1821.201171875,1930.2005615234375,1915.0140380859375,1893.2864990234375,1904.231201171875,1931.2572021484375,2016.890625,0
0.952,1799.3284912109375,1774.164794921875,1904.4951171875,1883.942138671875,1857.576171875,1877.038818359375,1904.9547119140625,2011.3179931640625,0
0.956,1833.6220703125,1810.2738037109375,1932.789794921875,1913.36328125,1888.6373291015625,1907.5208740234375,1933.7347412109375,2033.353515625,0
0.96,1891.2503662109375,1879.629638671875,1971.3978271484375,1958.46875,1940.7174072265625,1951.2105712890625,1973.8271484375,2043.3052978515625,0
0.964,1926.8870849609375,1921.1702880859375,1995.6207275390625,1986.427490234375,1972.816162109375,1978.0364990234375,1998.9046630859375,2051.200439453125,0
0.968,1950.428466796875,1937.5550537109375,2024.7991943359375,2012.6265869140625,1996.4462890625,2005.5521240234375,2027.8548583984375,2092.463623046875,0
0.972,1989.779052734375,1967.6708984375,2073.08203125,2056.36865234375,2036.12890625,2052.162109375,2075.918701171875,2157.34716796875,0
0.976,2007.364990234375,1986.917724609375,2084.35888671875,2068.720703125,2050.067138671875,2066.09912109375,2087.93505859375,2161.483642578125,0
0.98,1973.3441162109375,1963.2203369140625,2032.751953125,2022.6331787109375,2010.1793212890625,2019.4088134765625,2037.237060546875,2086.15234375,0
0.984,1958.763427734375,1954.061279296875,2009.5816650390625,2001.994873046875,1992.9105224609375,1998.085693359375,2014.079833984375,2051.919921875,0
0.988,2023.19921875,2013.0972900390625,2080.61474609375,2069.938720703125,2058.442138671875,2067.4375,2084.678955078125,2132.78515625,0
0.992,2116.849609375,2100.28857421875,2181.07763671875,2166.935546875,2152.417236328125,2167.322998046875,2185.263671875,2242.80810546875,0
0.996,2115.425048828125,2100.864013671875,2172.421875,2159.78857421875,2147.061767578125,2161.770263671875,2177.26171875,2226.282470703125,0
1,2013.1812744140625,2006.0126953125,2055.449951171875,2047.213623046875,2039.453125,2048.79052734375,2060.63037109375,2093.125,0
1.004,1968.7855224609375,1965.0546875,2005.0078125,1998.2760009765625,1993.0872802734375,1999.6636962890625,2009.9976806640625,2036.3228759765625,0
1.008,2064.02880859375,2057.428955078125,2105.059326171875,2095.948486328125,2089.425048828125,2098.92724609375,2109.943359375,2141.311279296875,0
1.012,2186.735107421875,2177.57763671875,2231.217529296875,2220.05029296875,2212.209716796875,2225.357421875,2236.475830078125,2270.580078125,0
1.016,2164.37255859375,2156.94482421875,2202.407470703125,2192.51708984375,2186.381591796875,2198.799560546875,2208.026123046875,2235.936279296875,0
1.02,2017.6478271484375,2013.092529296875,2044.7591552734375,2037.7083740234375,2034.822021484375,2043.6455078125,2050.533935546875,2069.483642578125,0
1.024,1955.1302490234375,1951.208984375,1976.91796875,1970.9508056640625,1969.8929443359375,1977.0745849609375,1983.0277099609375,1997.331787109375,0
1.028,2062.194091796875,2057.731689453125,2085.487548828125,2078.452392578125,2077.35302734375,2086.03515625,2092.146484375,2105.684326171875,0
1.032,2192.79296875,2188.775390625,2217.23583984375,2209.319580078125,2208.30224609375,2218.598388671875,2224.42529296875,2236.875,0
1.036,2157.71630859375,2154.418701171875,2177.68115234375,2170.62255859375,2170.810546875,2180.560546875,2184.92333984375,2194.626953125,0
1.04,1991.5081787109375,1987.732421875,2003.8779296875,1998.62109375,2000.4072265625,2008.31640625,2010.933349609375,2017.1298828125,0
1.044,1918.7581787109375,1914.5357666015625,1926.313232421875,1922.2406005859375,1925.208740234375,1931.79296875,1933.6614990234375,1935.9853515625,0
1.048,2024.0924072265625,2021.1431884765625,2031.1787109375,2027.1927490234375,2030.9713134765625,2037.256591796875,2039.2994384765625,2037.8157958984375,0
1.052,2152.449951171875,2150.88671875,2159.47216796875,2155.270263671875,2159.906982421875,2166.38671875,2168.34521484375,2164.27099609375,0
1.056,2112.137939453125,2109.774658203125,2115.856201171875,2111.963623046875,2117.25927734375,2124.02685546875,2124.748779296875,2119.93896484375,0
1.06,1939.0823974609375,1934.6781005859375,1937.39453125,1934.343505859375,1939.9810791015625,1946.7421875,1945.7255859375,1940.3609619140625,0
1.064,1857.730224609375,1853.048583984375,1852.137451171875,1849.959716796875,1856.2467041015625,1862.2701416015625,1860.389404296875,1852.188232421875,0
1.068,1953.5693359375,1950.782958984375,1946.5244140625,1944.9407958984375,1952.5035400390625,1957.369140625,1955.6148681640625,1942.588623046875,0
1.072,2074.934814453125,2073.170654296875,2066.639404296875,2065.409423828125,2074.21484375,2078.55859375,2076.754638671875,2060.140625,0
1.076,2033.421630859375,2030.290771484375,2022.5263671875,2021.388427734375,2030.482177734375,2035.4320068359375,2032.5302734375,2015.8570556640625,0
1.08,1861.7923583984375,1856.974609375,1847.98046875,1846.845458984375,1855.5244140625,1861.119873046875,1856.836669921875,1841.5634765625,0
1.084,1776.2437744140625,1771.8004150390625,1760.294921875,1759.5687255859375,1768.420654296875,1773.3685302734375,1768.6295166015625,1751.9046630859375,0
1.088,1859.3834228515625,1856.7509765625,1841.396484375,1841.5599365234375,1851.700927734375,1855.1201171875,1850.587646484375,1828.7255859375,0
1.092,1968.082763671875,1966.067138671875,1947.537109375,1948.475341796875,1959.9261474609375,1962.609375,1957.847412109375,1931.4400634765625,0
1.096,1925.5869140625,1922.3662109375,1902.873779296875,1903.8441162109375,1915.335693359375,1918.748046875,1912.9869384765625,1886.630615234375,0
1.1,1762.8763427734375,1758.4302978515625,1739.1529541015625,1739.6507568359375,1750.3804931640625,1754.7279052734375,1748.002685546875,1724.3997802734375,0
1.104,1680.2431640625,1676.030029296875,1655.3701171875,1655.9345703125,1666.752685546875,1670.7066650390625,1663.6728515625,1639.845703125,0
1.108,1750.766357421875,1747.811279296875,1723.060546875,1724.68359375,1736.96875,1739.354248046875,1732.2353515625,1703.384765625,0
1.112,1843.194091796875,1840.9779052734375,1812.2474365234375,1814.9326171875,1828.7138671875,1829.9970703125,1822.4263916015625,1788.6314697265625,0
1.116,1800.0462646484375,1797.3883056640625,1767.962646484375,1770.5611572265625,1784.280029296875,1786.103271484375,1777.7333984375,1744.2093505859375,0
1.12,1650.7437744140625,1647.2347412109375,1619.4251708984375,1621.1920166015625,1633.6728515625,1636.834716796875,1627.833984375,1598.016357421875,0
1.124,1573.22265625,1569.7015380859375,1541.5205078125,1543.2015380859375,1555.3349609375,1558.643310546875,1549.421630859375,1520.195068359375,0
1.128,1628.7640380859375,1626.400146484375,1593.9437255859375,1596.8441162109375,1610.332763671875,1612.0322265625,1602.7265625,1568.5035400390625,0
1.132,1702.6234130859375,1701.3765869140625,1664.420654296875,1668.6197509765625,1683.5784912109375,1683.6539306640625,1674.1558837890625,1634.5927734375,0
1.136,1660.5103759765625,1659.0185546875,1621.7066650390625,1625.794677734375,1640.6080322265625,1640.9925537109375,1631.0618896484375,1591.8033447265625,0
1.14,1528.3922119140625,1525.7132568359375,1491.083740234375,1493.9951171875,1507.5111083984375,1509.6572265625,1499.1575927734375,1464.298828125,0
1.144,1457.844482421875,1454.8447265625,1420.5699462890625,1423.0667724609375,1436.1654052734375,1438.991943359375,1428.107177734375,1394.5374755859375,0
1.148,1498.2376708984375,1496.5689697265625,1457.991943359375,1461.6478271484375,1475.9476318359375,1477.2542724609375,1466.2093505859375,1427.8587646484375,0
1.152,1554.1966552734375,1553.9859619140625,1510.7269287109375,1515.70703125,1531.317138671875,1530.86328125,1519.626708984375,1476.028076171875,0
1.156,1514.7281494140625,1514.133544921875,1470.872802734375,1475.658203125,1491.113037109375,1490.9642333984375,1479.337646484375,1436.4075927734375,0
1.16,1400.354248046875,1398.0091552734375,1358.1624755859375,1361.7113037109375,1375.996826171875,1377.59765625,1365.5869140625,1327.401123046875,0
1.164,1336.8759765625,1333.878662109375,1294.8599853515625,1298.04296875,1311.9755859375,1314.080810546875,1301.898193359375,1265.059326171875,0
1.168,1363.377685546875,1361.7900390625,1318.534912109375,1322.8759765625,1337.916015625,1338.3863525390625,1326.0404052734375,1284.6488037109375,0
1.172,1402.9801025390625,1403.0240478515625,1355.067138671875,1360.613037109375,1376.8531494140625,1375.6790771484375,1362.9996337890625,1317.0726318359375,0
1.176,1366.2470703125,1366.068115234375,1318.2451171875,1323.51953125,1339.609130859375,1338.8587646484375,1325.8076171875,1281.109130859375,0
1.18,1268.6578369140625,1266.9290771484375,1222.7154541015625,1226.853515625,1241.8519287109375,1242.7191162109375,1229.491943359375,1189.3486328125,0
1.184,1211.975341796875,1209.794677734375,1166.510498046875,1170.416015625,1185.0533447265625,1186.2584228515625,1172.9801025390625,1133.863037109375,0
1.188,1225.698974609375,1225.0416259765625,1177.7386474609375,1182.6689453125,1198.2642822265625,1197.9716796875,1184.4720458984375,1141.228271484375,0
1.192,1250.3775634765625,1251.21875,1199.8031005859375,1205.6343994140625,1222.2548828125,1220.641357421875,1206.7470703125,1159.7486572265625,0
1.196,1216.576171875,1216.9375,1166.272216796875,1171.7437744140625,1188.1376953125,1187.073974609375,1172.9033203125,1127.108154296875,0
1.2,1134.684326171875,1133.541015625,1086.6380615234375,1091.099609375,1106.393310546875,1106.822265625,1092.708740234375,1050.5989990234375,0
1.204,1084.3900146484375,1083.0257568359375,1037.0474853515625,1041.339599609375,1056.119140625,1056.850341796875,1042.8568115234375,1001.4900512695312,0
1.208,1087.176513671875,1087.229248046875,1037.6859130859375,1042.940185546875,1058.283203125,1057.740966796875,1043.5521240234375,999.07794189453125,0
1.212,1099.4339599609375,1100.637451171875,1047.6572265625,1053.7613525390625,1069.763671875,1068.0599365234375,1053.5357666015625,1006.3494262695312,0
1.216,1068.889404296875,1069.4849853515625,1017.3797607421875,1023.2140502929688,1038.9830322265625,1037.605224609375,1022.9541015625,976.86083984375,0
1.22,1001.26611328125,1000.4000854492188,951.6717529296875,956.62286376953125,971.58514404296875,971.34490966796875,956.7705078125,913.94482421875,0
1.224,957.32989501953125,956.12908935546875,908.34014892578125,913.02813720703125,927.6888427734375,927.7435302734375,913.0955810546875,871.58367919921875,0
1.228,951.4443359375,951.38018798828125,900.76983642578125,906.09637451171875,921.27862548828125,920.3856201171875,905.3558349609375,861.90069580078125,0
1.232,953,953.99688720703125,900.6015625,906.52667236328125,922.26708984375,920.41552734375,905.04913330078125,859.29296875,0
1.236,924.42919921875,925.17022705078125,872.52392578125,878.2362060546875,893.73016357421875,892.0789794921875,876.697265625,831.4573974609375,0
1.24,868.18359375,867.88946533203125,818.2552490234375,823.28759765625,837.9554443359375,837.30645751953125,822.1195068359375,779.5350341796875,0
1.244,829.8603515625,829.1888427734375,780.74432373046875,785.56024169921875,799.8065185546875,799.5906982421875,784.49658203125,743.20050048828125,0
1.248,818.0579833984375,818.18817138671875,767.58856201171875,772.97967529296875,787.53253173828125,786.60693359375,771.36798095703125,728.41943359375,0
1.252,811.93231201171875,813.0657958984375,760.13397216796875,766.1708984375,780.33612060546875,778.53009033203125,763.8734130859375,718.7938232421875,0
1.256,785.69561767578125,786.8226318359375,734.8221435546875,740.79571533203125,752.77325439453125,751.05487060546875,738.375,693.77734375,0
1.26,740.37322998046875,740.65020751953125,691.70196533203125,697.1229248046875,706.90350341796875,706.0380859375,695.08709716796875,653.0335693359375,0
1.264,708.8167724609375,708.68243408203125,660.9990234375,666.24639892578125,675.70867919921875,675.23944091796875,664.33447265625,623.57403564453125,0
1.268,692.84649658203125,693.38897705078125,643.69482421875,649.44677734375,660.25244140625,659.15655517578125,646.98895263671875,604.87481689453125,0
1.272,679.5438232421875,681.04510498046875,628.14404296875,634.37579345703125,647.92041015625,646.05731201171875,631.64910888671875,587.87158203125,0
1.276,653.9150390625,655.4530029296875,601.2396240234375,607.25439453125,623.98486328125,622.22235107421875,605.43524169921875,562.30841064453125,0
1.28,615.95037841796875,616.63543701171875,563.9306640625,569.36053466796875,587.38995361328125,586.3592529296875,568.72607421875,527.81671142578125,0
1.284,589.01904296875,589.17108154296875,538.06756591796875,543.3515625,560.5234375,559.84454345703125,542.78741455078125,502.88641357421875,0
1.288,571.0789794921875,571.68927001953125,520.2332763671875,525.98358154296875,541.71221923828125,540.640625,524.2684326171875,483.42251586914062,0
1.292,555.02130126953125,556.30255126953125,505.12591552734375,511.306396484375,525.64373779296875,524.10137939453125,508.14202880859375,466.43572998046875,0
1.296,532.54345703125,533.68878173828125,485.67202758789062,491.67987060546875,505.022216796875,503.60028076171875,487.782958984375,446.943115234375,0
1.3,501.99349975585938,502.45303344726562,457.92327880859375,463.40029907226562,476.451416015625,475.55194091796875,459.73892211914062,420.58319091796875,0
1.304,478.95654296875,479.24798583984375,435.33270263671875,440.54019165039062,453.696533203125,453.017578125,437.25546264648438,398.83560180664062,0
1.308,458.50698852539062,459.4541015625,413.47811889648438,418.82534790039062,431.92129516601562,430.90121459960938,415.30770874023438,376.53720092773438,0
1.312,440.13095092773438,441.723876953125,393.73040771484375,399.23672485351562,411.61074829101562,410.170166015625,395.24945068359375,356.306396484375,0
1.316,421.70941162109375,423.16787719726562,375.40420532226562,380.78890991210938,392.03436279296875,390.59042358398438,376.74966430664062,338.62542724609375,0
1.32,397.54071044921875,398.42636108398438,352.50747680664062,357.63299560546875,368.20272827148438,367.01058959960938,353.89486694335938,317.07723999023438,0
1.324,376.54705810546875,377.27044677734375,332.50497436523438,337.51708984375,348.05606079101562,346.87567138671875,333.87222290039062,297.83047485351562,0
1.328,353.89154052734375,355.00628662109375,309.73983764648438,314.84896850585938,325.5966796875,324.07821655273438,310.88494873046875,274.82366943359375,0
1.332,333.46475219726562,334.92611694335938,288.857421875,294.05892944335938,305.03109741210938,303.18109130859375,289.80258178710938,253.57279968261719,0
1.336,317.26824951171875,318.566650390625,272.996826171875,278.08172607421875,289.20620727539062,287.34521484375,273.80389404296875,237.93717956542969,0
1.34,298.62393188476562,299.48348999023438,255.4285888671875,260.25897216796875,271.49560546875,269.84732055664062,256.17617797851562,221.19259643554688,0
1.344,281.41488647460938,282.09677124023438,239.02604675292969,243.69059753417969,254.98825073242188,253.43376159667969,239.77397155761719,205.652099609375,0
1.348,258.57577514648438,259.45166015625,216.23600769042969,220.947509765625,232.19734191894531,230.48991394042969,216.81103515625,183.173095703125,0
1.352,236.4730224609375,237.58859252929688,194.12699890136719,198.9464111328125,210.12275695800781,208.24130249023438,194.39570617675781,161.05024719238281,0
1.356,221.10478210449219,222.23336791992188,179.57524108886719,184.331787109375,195.03010559082031,193.1722412109375,179.39279174804688,146.55668640136719,0
1.36,206.05107116699219,207.02168273925781,165.9110107421875,170.42536926269531,180.18806457519531,178.4879150390625,165.19699096679688,133.15168762207031,0
1.364,191.92680358886719,192.77287292480469,152.64900207519531,156.93147277832031,166.14216613769531,164.51374816894531,151.69477844238281,120.32161712646484,0
1.368,169.8756103515625,170.73246765136719,130.62043762207031,134.82243347167969,144.17668151855469,142.44047546386719,129.7576904296875,98.682334899902344,0
1.372,147.7293701171875,148.7108154296875,108.45761871337891,112.70611572265625,122.30975341796875,120.39943695068359,107.72238922119141,76.880661010742188,0
1.376,134.3677978515625,135.439208984375,95.602134704589844,99.912254333496094,109.15806579589844,107.17659759521484,94.779396057128906,64.501205444335938,0
1.38,123.35823822021484,124.33358001708984,85.424827575683594,89.725746154785156,98.022865295410156,96.1494140625,84.384742736816406,54.933826446533203,0
1.384,112.60506439208984,113.38444519042969,75.348655700683594,79.594100952148438,87.137428283691406,85.459068298339844,74.13006591796875,45.405223846435547,0
1.388,92.48992919921875,93.189353942871094,55.578685760498047,59.780498504638672,67.143211364746094,65.569984436035156,54.206684112548828,25.935699462890625,0
1.392,72.036598205566406,72.83184814453125,35.442535400390625,39.624076843261719,46.998363494873047,45.379478454589844,34.026702880859375,6.048891544342041,0
1.396,60.556968688964844,61.507232666015625,24.471612930297852,28.623224258422852,36.010669708251953,34.288951873779297,23.148117065429688,-4.5305471420288086,0
1.4,51.038043975830078,52.047050476074219,15.604576110839844,19.686214447021484,27.190200805664062,25.401159286499023,14.381770133972168,-12.884681701660156,0
1.404,41.354663848876953,42.291034698486328,6.5681281089782715,10.57548999786377,18.134197235107422,16.381139755249023,5.3328604698181152,-21.419113159179688,0
1.408,21.989238739013672,22.83660888671875,-12.23579216003418,-8.2719192504882812,-0.89993715286254883,-2.4880897998809814,-13.507311820983887,-39.683349609375,0
1.412,1.7173233032226562,2.5294864177703857,-32.008544921875,-28.0723876953125,-20.931539535522461,-22.331680297851562,-33.140941619873047,-58.690021514892578,0
1.416,-9.3432521820068359,-8.529118537902832,-42.608917236328125,-38.740985870361328,-31.660131454467773,-32.9801025390625,-43.600341796875,-68.565841674804688,0
1.42,-17.600704193115234,-16.740829467773438,-50.249286651611328,-46.568126678466797,-39.472118377685547,-40.849700927734375,-51.305095672607422,-75.794288635253906,1
1.424,-25.318614959716797,-24.362630844116211,-57.178794860839844,-53.805461883544922,-46.766307830810547,-48.27886962890625,-58.496307373046875,-82.48736572265625,0
1.428,-42.3851318359375,-41.382884979248047,-73.627197265625,-70.561019897460938,-63.430564880371094,-65.041419982910156,-75.204124450683594,-98.559181213378906,0
1.432,-60.827228546142578,-59.918231964111328,-91.719688415527344,-88.796348571777344,-81.32794189453125,-82.923866271972656,-93.33636474609375,-116.03593444824219,0
1.436,-70.708908081054688,-69.893966674804688,-101.2852783203125,-98.293479919433594,-90.747848510742188,-92.261695861816406,-102.87233734130859,-125.07576751708984,0
1.44,-77.973373413085938,-77.12225341796875,-108.10455322265625,-104.99436187744141,-97.751060485839844,-99.154708862304688,-109.72298431396484,-131.53813171386719,0
1.444,-83.892929077148438,-82.998619079589844,-113.45182800292969,-110.34279632568359,-103.55767822265625,-104.79948425292969,-115.206298828125,-136.52616882324219,0
1.448,-97.871864318847656,-97.064918518066406,-126.71722412109375,-123.73919677734375,-117.50516510009766,-118.61917877197266,-128.69856262207031,-149.343017578125,0
1.452,-113.47562408447266,-112.78544616699219,-141.526611328125,-138.73898315429688,-132.94572448730469,-134.10791015625,-143.67692565917969,-163.65673828125,0
1.456,-122.30844879150391,-121.56610107421875,-149.66300964355469,-146.96711730957031,-141.41732788085938,-142.76420593261719,-151.8990478515625,-171.4442138671875,0
1.46,-129.73075866699219,-128.80342102050781,-156.47648620605469,-153.72152709960938,-148.31877136230469,-149.7939453125,-158.75448608398438,-177.96652221679688,0
1.464,-135.32443237304688,-134.31172180175781,-161.4317626953125,-158.61698913574219,-153.47676086425781,-154.925048828125,-163.768310546875,-182.43537902832031,0
1.468,-147.55770874023438,-146.630615234375,-172.977294921875,-170.14933776855469,-165.427734375,-166.73088073730469,-175.38081359863281,-193.29267883300781,0
1.472,-160.53988647460938,-159.69633483886719,-185.3006591796875,-182.47233581542969,-178.07539367675781,-179.22409057617188,-187.73825073242188,-205.00424194335938,0
1.476,-166.96354675292969,-166.09567260742188,-191.22848510742188,-188.40290832519531,-184.19279479980469,-185.27458190917969,-193.66960144042969,-210.64511108398438,0
1.48,-172.7177734375,-171.79928588867188,-196.579345703125,-193.7646484375,-189.7440185546875,-190.81791687011719,-198.94369506835938,-215.80778503417969,0
1.484,-177.28315734863281,-176.36044311523438,-200.560302734375,-197.86117553710938,-194.10368347167969,-195.15278625488281,-202.736572265625,-219.2615966796875,0
1.488,-188.20236206054688,-187.34465026855469,-210.71371459960938,-208.250732421875,-204.6868896484375,-205.67658996582031,-212.75582885742188,-228.64750671386719,0
1.492,-199.33932495117188,-198.57368469238281,-221.22236633300781,-218.95097351074219,-215.3973388671875,-216.402587890625,-223.416015625,-238.67448425292969,0
1.496,-204.59750366210938,-203.84736633300781,-226.0439453125,-223.829833984375,-220.23507690429688,-221.4447021484375,-228.5552978515625,-243.37985229492188,0
1.5,-210.24455261230469,-209.43869018554688,-231.36874389648438,-229.16374206542969,-225.18901062011719,-226.65058898925781,-234.00627136230469,-248.50363159179688,0
1.504,-214.77926635742188,-213.98088073730469,-235.9781494140625,-233.82572937011719,-228.29574584960938,-229.82223510742188,-238.17265319824219,-252.25605773925781,0
1.508,-224.51152038574219,-223.88322448730469,-245.96846008300781,-243.9261474609375,-236.55525207519531,-237.9510498046875,-247.51847839355469,-261.04360961914062,0
1.512,-233.63725280761719,-233.18942260742188,-254.7978515625,-252.88948059082031,-245.32382202148438,-246.5777587890625,-256.29061889648438,-269.29672241210938,0
1.516,-237.43766784667969,-236.93244934082031,-257.811279296875,-255.96635437011719,-249.52291870117188,-250.71273803710938,-259.567626953125,-272.36489868164062,0
1.52,-242.06864929199219,-241.3658447265625,-261.331787109375,-259.47714233398438,-254.6568603515625,-255.77754211425781,-263.52294921875,-276.32879638671875,0
1.524,-244.8028564453125,-244.01689147949219,-262.15966796875,-260.33480834960938,-257.72811889648438,-258.702392578125,-265.59637451171875,-278.19515991210938,0
1.528,-251.97702026367188,-251.25192260742188,-267.21533203125,-265.454345703125,-264.947998046875,-265.72430419921875,-272.194091796875,-284.272216796875,0
1.532,-259.530517578125,-258.875732421875,-273.83071899414062,-272.10049438476562,-272.45986938476562,-273.09661865234375,-279.33023071289062,-290.90267944335938,0
1.536,-263.40234375,-262.71890258789062,-277.83294677734375,-276.09634399414062,-276.177734375,-276.84243774414062,-282.78555297851562,-294.06607055664062,0
1.54,-268.590576171875,-267.843994140625,-283.41934204101562,-281.67031860351562,-281.35879516601562,-282.15859985351562,-287.41586303710938,-298.49130249023438,0
1.544,-270.010498046875,-269.271484375,-285.200439453125,-283.49990844726562,-283.50088500976562,-284.304931640625,-288.40713500976562,-299.10897827148438,0
1.548,-273.033447265625,-272.351806640625,-288.31265258789062,-286.73861694335938,-287.54116821289062,-288.15835571289062,-291.40512084960938,-301.49966430664062,0
1.552,-276.60595703125,-275.95697021484375,-291.60897827148438,-290.12103271484375,-291.36660766601562,-291.8671875,-295.05746459960938,-304.54037475585938,0
1.556,-279.32781982421875,-278.63876342773438,-293.83782958984375,-292.30996704101562,-293.38467407226562,-293.97821044921875,-297.39111328125,-306.489013671875,0
1.56,-285.75796508789062,-284.97183227539062,-299.83798217773438,-298.22256469726562,-298.41470336914062,-299.16513061523438,-302.96234130859375,-311.90292358398438,0
1.564,-288.15838623046875,-287.29388427734375,-301.93667602539062,-300.310791015625,-299.2744140625,-300.112060546875,-304.66860961914062,-313.43896484375,0
1.568,-290.12094116210938,-289.26611328125,-303.55990600585938,-302.02020263671875,-300.49676513671875,-301.30264282226562,-306.50918579101562,-314.87249755859375,0
1.572,-292.231201171875,-291.46963500976562,-305.24609375,-303.84295654296875,-302.69906616210938,-303.412841796875,-308.63671875,-316.5048828125,0
1.576,-294.34414672851562,-293.68228149414062,-306.88931274414062,-305.63247680664062,-304.695068359375,-305.45272827148438,-310.28286743164062,-317.84066772460938,0
1.58,-300.24267578125,-299.63589477539062,-312.265625,-311.098388671875,-309.85073852539062,-310.777099609375,-315.33505249023438,-322.69110107421875,0
1.584,-301.45126342773438,-300.86981201171875,-312.97817993164062,-311.86376953125,-310.51797485351562,-311.48501586914062,-315.955322265625,-322.98159790039062,0
1.588,-301.54583740234375,-300.92767333984375,-312.74969482421875,-311.73992919921875,-310.73934936523438,-311.623779296875,-315.92587280273438,-322.48422241210938,0
1.592,-302.09539794921875,-301.342041015625,-313.06463623046875,-312.17205810546875,-311.3779296875,-312.23794555664062,-316.28851318359375,-322.44082641601562,0
1.596,-303.73159790039062,-302.82168579101562,-314.24893188476562,-313.41275024414062,-312.49234008789062,-313.36865234375,-317.283203125,-323.23583984375,0
1.6,-309.99356079101562,-309.016357421875,-319.8134765625,-319.01065063476562,-318.06170654296875,-318.964111328125,-322.76971435546875,-328.61880493164062,0
1.604,-311.83172607421875,-310.93197631835938,-321.12509155273438,-320.35879516601562,-319.65615844726562,-320.63836669921875,-324.21810913085938,-329.83261108398438,0
1.608,-312.68710327148438,-311.958251953125,-321.89144897460938,-321.129150390625,-320.587890625,-321.61734008789062,-325.05972290039062,-330.287353515625,0
1.612,-314.26287841796875,-313.69467163085938,-323.53353881835938,-322.72836303710938,-322.04312133789062,-323.01596069335938,-326.53192138671875,-331.37884521484375,0
1.616,-316.03848266601562,-315.56503295898438,-325.14691162109375,-324.267578125,-323.50161743164062,-324.35336303710938,-327.91049194335938,-332.45135498046875,0
1.62,-320.940673828125,-320.48651123046875,-329.6845703125,-328.7138671875,-328.239990234375,-328.94174194335938,-332.32437133789062,-336.621826171875,0
1.624,-321.22958374023438,-320.76986694335938,-329.713623046875,-328.65805053710938,-328.52059936523438,-329.092041015625,-332.29736328125,-336.36367797851562,0
1.628,-321.088134765625,-320.64144897460938,-329.45126342773438,-328.39462280273438,-328.28363037109375,-328.75750732421875,-332.035888671875,-335.83740234375,0
1.632,-321.64779663085938,-321.21401977539062,-329.74267578125,-328.79940795898438,-328.640625,-329.02554321289062,-332.39862060546875,-335.96841430664062,0
1.636,-321.73721313476562,-321.32220458984375,-329.34857177734375,-328.55047607421875,-328.60791015625,-328.92025756835938,-332.06201171875,-335.50888061523438,0
1.64,-324.92373657226562,-324.56072998046875,-332.07568359375,-331.41445922851562,-331.72747802734375,-332.01531982421875,-334.75921630859375,-338.14736938476562,0
1.644,-324.27801513671875,-323.96820068359375,-331.134765625,-330.64047241210938,-330.87582397460938,-331.18182373046875,-333.78289794921875,-337.050048828125,0
1.648,-323.79702758789062,-323.51547241210938,-330.414306640625,-330.08700561523438,-330.050048828125,-330.39422607421875,-333.14419555664062,-336.14096069335938,0
1.652,-324.55313110351562,-324.31732177734375,-330.84701538085938,-330.63250732421875,-330.49017333984375,-330.87835693359375,-333.71963500976562,-336.33340454101562,0
1.656,-324.96234130859375,-324.77044677734375,-330.85800170898438,-330.71380615234375,-330.68441772460938,-331.10946655273438,-333.82241821289062,-336.03598022460938,0
1.66,-327.942138671875,-327.73065185546875,-333.47525024414062,-333.38119506835938,-333.44888305664062,-333.9228515625,-336.47161865234375,-338.33364868164062,0
1.664,-326.38778686523438,-326.12030029296875,-331.60955810546875,-331.57388305664062,-331.61026000976562,-332.15390014648438,-334.63363647460938,-336.21304321289062,0
1.668,-324.34002685546875,-324.04946899414062,-329.2109375,-329.232421875,-329.27334594726562,-329.86761474609375,-332.29257202148438,-333.657958984375,0
1.672,-323.584228515625,-323.30453491210938,-328.08187866210938,-328.090087890625,-328.27133178710938,-328.873779296875,-331.17831420898438,-332.41122436523438,0
1.676,-323.319580078125,-323.04486083984375,-327.55722045898438,-327.44589233398438,-327.75961303710938,-328.35101318359375,-330.56259155273438,-331.6767578125,0
1.68,-326.87255859375,-326.57998657226562,-331.011474609375,-330.67108154296875,-331.04119873046875,-331.63494873046875,-333.83511352539062,-334.77670288085938,0
1.684,-326.53363037109375,-326.19540405273438,-330.62548828125,-330.02865600585938,-330.52603149414062,-331.13168334960938,-333.232421875,-334.01132202148438,0
1.688,-324.748046875,-324.39105224609375,-328.71102905273438,-328.01382446289062,-328.729736328125,-329.34286499023438,-331.19720458984375,-331.85565185546875,0
1.692,-322.930419921875,-322.62222290039062,-326.65682983398438,-326.04656982421875,-326.927978515625,-327.53359985351562,-329.14486694335938,-329.72314453125,0
1.696,-320.92596435546875,-320.681884765625,-324.37493896484375,-323.89471435546875,-324.86630249023438,-325.419677734375,-326.87249755859375,-327.39730834960938,0
1.7,-322.83978271484375,-322.60775756835938,-326.01092529296875,-325.66400146484375,-326.64859008789062,-327.13177490234375,-328.49649047851562,-328.90420532226562,0
1.704,-321.3876953125,-321.12313842773438,-324.30136108398438,-324.10882568359375,-324.99505615234375,-325.41796875,-326.80770874023438,-326.991455078125,0
1.708,-319.03182983398438,-318.75448608398438,-321.6953125,-321.61636352539062,-322.38314819335938,-322.72576904296875,-324.24609375,-324.14981079101562,0
1.712,-317.56878662109375,-317.31948852539062,-319.93368530273438,-319.9140625,-320.62393188476562,-320.91537475585938,-322.50732421875,-322.18399047851562,0
1.716,-316.327880859375,-316.16177368164062,-318.392578125,-318.40673828125,-319.10858154296875,-319.48748779296875,-320.97265625,-320.56195068359375,0
1.72,-318.725341796875,-318.705078125,-320.5712890625,-320.6083984375,-321.33782958984375,-321.88616943359375,-323.14712524414062,-322.73529052734375,0
1.724,-317.52947998046875,-317.63809204101562,-319.223876953125,-319.29296875,-320.08120727539062,-320.69525146484375,-321.77255249023438,-321.34417724609375,0
1.728,-314.82144165039062,-314.97860717773438,-316.36709594726562,-316.44815063476562,-317.33660888671875,-317.87484741210938,-318.87939453125,-318.388427734375,0
1.732,-312.54257202148438,-312.66757202148438,-313.90478515625,-313.98519897460938,-314.96591186523438,-315.39193725585938,-316.37002563476562,-315.77285766601562,0
1.736,-310.57437133789062,-310.6240234375,-311.77001953125,-311.859375,-312.85580444335938,-313.217529296875,-314.13836669921875,-313.40347290039062,0
1.74,-312.49697875976562,-312.49935913085938,-313.60733032226562,-313.666015625,-314.63330078125,-315.01318359375,-315.82757568359375,-314.96493530273438,0
1.744,-311.39193725585938,-311.37933349609375,-312.47113037109375,-312.4716796875,-313.42691040039062,-313.87167358398438,-314.534423828125,-313.58920288085938,0
1.748,-309.65469360351562,-309.59335327148438,-310.66082763671875,-310.61709594726562,-311.63217163085938,-312.09048461914062,-312.62786865234375,-311.59310913085938,0
1.752,-308.85879516601562,-308.70889282226562,-309.71722412109375,-309.63470458984375,-310.77890014648438,-311.11611938476562,-311.71624755859375,-310.47894287109375,0
1.756,-307.43661499023438,-307.241455078125,-308.13125610351562,-308.031982421875,-309.3125,-309.44027709960938,-310.27114868164062,-308.75894165039062,0
1.76,-308.25601196289062,-308.119873046875,-308.80364990234375,-308.74496459960938,-310.11688232421875,-310.09222412109375,-311.07192993164062,-309.39886474609375,0
1.764,-305.31802368164062,-305.32470703125,-305.75238037109375,-305.77505493164062,-307.150390625,-307.138671875,-308.02197265625,-306.33880615234375,0
1.768,-302.14273071289062,-302.31146240234375,-302.46453857421875,-302.60247802734375,-303.86004638671875,-304.01187133789062,-304.64511108398438,-302.96868896484375,0
1.772,-300.914306640625,-301.166015625,-301.043701171875,-301.30633544921875,-302.39300537109375,-302.71524047851562,-303.15008544921875,-301.43490600585938,0
1.776,-299.33731079101562,-299.51303100585938,-299.24063110351562,-299.54037475585938,-300.53646850585938,-300.92520141601562,-301.30453491210938,-299.5302734375,0
1.78,-299.65371704101562,-299.68789672851562,-299.437744140625,-299.64590454101562,-300.649658203125,-301.01693725585938,-301.46597290039062,-299.60171508789062,0
1.784,-296.185791015625,-296.17709350585938,-295.99478149414062,-296.046142578125,-297.08047485351562,-297.38491821289062,-297.98281860351562,-295.98770141601562,0
1.788,-292.29730224609375,-292.37564086914062,-292.19207763671875,-292.126953125,-293.17205810546875,-293.40863037109375,-294.12167358398438,-291.99600219726562,0
1.792,-290.38931274414062,-290.62103271484375,-290.33145141601562,-290.23794555664062,-291.29925537109375,-291.51089477539062,-292.19302368164062,-289.98934936523438,0
1.796,-288.70297241210938,-289.04019165039062,-288.56072998046875,-288.530029296875,-289.65087890625,-289.85809326171875,-290.41275024414062,-288.18075561523438,0
1.8,-289.66592407226562,-289.96835327148438,-289.29248046875,-289.37762451171875,-290.607177734375,-290.74945068359375,-291.169921875,-288.93988037109375,0
1.804,-287.05990600585938,-287.225830078125,-286.44595336914062,-286.594482421875,-287.94790649414062,-287.98422241210938,-288.272705078125,-286.08172607421875,0
1.808,-283.08392333984375,-283.13739013671875,-282.34588623046875,-282.46127319335938,-283.913330078125,-283.89910888671875,-284.085205078125,-281.92837524414062,0
1.812,-280.23544311523438,-280.27099609375,-279.44061279296875,-279.52548217773438,-281.01766967773438,-280.99658203125,-281.143310546875,-278.994140625,0
1.816,-277.60922241210938,-277.67587280273438,-276.69839477539062,-276.87860107421875,-278.29443359375,-278.24935913085938,-278.38949584960938,-276.28436279296875,0
1.82,-278.41708374023438,-278.47406005859375,-277.31069946289062,-277.64291381835938,-278.90658569335938,-278.83831787109375,-278.975341796875,-276.97451782226562,0
1.824,-276.78533935546875,-276.78564453125,-275.49749755859375,-275.88223266601562,-277.07821655273438,-277.02261352539062,-277.10385131835938,-275.20571899414062,0
1.828,-274.04266357421875,-274.04241943359375,-272.69546508789062,-273.03890991210938,-274.27011108398438,-274.28256225585938,-274.16513061523438,-272.31747436523438,0
1.832,-272.11099243164062,-272.1708984375,-270.83245849609375,-271.114501953125,-272.38275146484375,-272.47305297851562,-272.114990234375,-270.24649047851562,0
1.836,-270.00677490234375,-270.10464477539062,-268.81552124023438,-269.01577758789062,-270.3203125,-270.427001953125,-269.97079467773438,-268.04818725585938,0
1.84,-270.83758544921875,-270.96548461914062,-269.668212890625,-269.77606201171875,-271.12442016601562,-271.22006225585938,-270.81478881835938,-268.830322265625,0
1.844,-268.73626708984375,-268.89990234375,-267.51132202148438,-267.59906005859375,-268.94393920898438,-269.076171875,-268.77215576171875,-266.705322265625,0
1.848,-265.10507202148438,-265.26312255859375,-263.79095458984375,-263.93377685546875,-265.21713256835938,-265.424560546875,-265.21548461914062,-263.09661865234375,0
1.852,-262.35409545898438,-262.45672607421875,-261.00018310546875,-261.16366577148438,-262.357666015625,-262.59149169921875,-262.50503540039062,-260.36929321289062,0
1.856,-259.65130615234375,-259.68661499023438,-258.30337524414062,-258.4228515625,-259.55389404296875,-259.72909545898438,-259.76968383789062,-257.600341796875,0
1.86,-260.27798461914062,-260.24530029296875,-258.89004516601562,-258.99334716796875,-260.14492797851562,-260.205078125,-260.294189453125,-258.07528686523438,0
1.864,-258.66641235351562,-258.59393310546875,-257.205810546875,-257.34609985351562,-258.580078125,-258.47909545898438,-258.53924560546875,-256.30120849609375,0
1.868,-255.8797607421875,-255.83415222167969,-254.37141418457031,-254.56547546386719,-255.85002136230469,-255.61177062988281,-255.59762573242188,-253.36332702636719,0
1.872,-254.14689636230469,-254.10551452636719,-252.56306457519531,-252.81880187988281,-254.09025573730469,-253.8404541015625,-253.73823547363281,-251.49032592773438,0
1.876,-252.1263427734375,-252.0264892578125,-250.42074584960938,-250.7178955078125,-252.00837707519531,-251.8160400390625,-251.661865234375,-249.38655090332031,0
1.88,-252.80021667480469,-252.69784545898438,-250.980712890625,-251.3179931640625,-252.694580078125,-252.51106262207031,-252.32470703125,-250.0267333984375,0
1.884,-251.01213073730469,-250.99267578125,-249.12712097167969,-249.49130249023438,-250.92597961425781,-250.7581787109375,-250.46125793457031,-248.22395324707031,0
1.888,-247.84909057617188,-247.906982421875,-245.94775390625,-246.25900268554688,-247.69308471679688,-247.58554077148438,-247.14047241210938,-245.05517578125,0
1.892,-245.76631164550781,-245.81417846679688,-243.83224487304688,-244.04389953613281,-245.50212097167969,-245.36227416992188,-244.88008117675781,-242.91317749023438,0
1.896,-243.29521179199219,-243.3074951171875,-241.32650756835938,-241.42033386230469,-243.00785827636719,-242.71430969238281,-242.25337219238281,-240.34928894042969,0
1.9,-243.20942687988281,-243.291015625,-241.29206848144531,-241.23844909667969,-243.021728515625,-242.57633972167969,-242.10502624511719,-240.22763061523438,0
1.904,-241.06527709960938,-241.28108215332031,-239.21342468261719,-239.09225463867188,-241.00834655761719,-240.4443359375,-240.00541687011719,-238.093017578125,0
1.908,-238.36018371582031,-238.6851806640625,-236.51518249511719,-236.49169921875,-238.41230773925781,-237.76850891113281,-237.37178039550781,-235.41337585449219,0
1.912,-237.03317260742188,-237.41670227050781,-235.18388366699219,-235.32760620117188,-237.17570495605469,-236.5443115234375,-236.10490417480469,-234.10807800292969,0
1.916,-234.73690795898438,-235.1246337890625,-232.86860656738281,-233.1409912109375,-234.91757202148438,-234.37825012207031,-233.85897827148438,-231.7803955078125,0
1.92,-234.29875183105469,-234.68342590332031,-232.4039306640625,-232.73335266113281,-234.46818542480469,-234.03654479980469,-233.443115234375,-231.26054382324219,0
1.924,-231.82954406738281,-232.21919250488281,-229.94831848144531,-230.25178527832031,-231.9873046875,-231.61286926269531,-230.9586181640625,-228.69441223144531,0
1.928,-228.98027038574219,-229.32734680175781,-227.10665893554688,-227.35409545898438,-229.1201171875,-228.73274230957031,-228.06831359863281,-225.72575378417969,0
1.932,-228.16220092773438,-228.4310302734375,-226.25593566894531,-226.47566223144531,-228.2479248046875,-227.81526184082031,-227.236328125,-224.7738037109375,0
1.936,-226.51498413085938,-226.72883605957031,-224.57919311523438,-224.76762390136719,-226.49325561523438,-226.04096984863281,-225.620361328125,-223.00764465332031,0
1.94,-225.94320678710938,-226.15437316894531,-224.0107421875,-224.15377807617188,-225.80673217773438,-225.36601257324219,-225.10209655761719,-222.39205932617188,0
1.944,-222.76277160644531,-223.04330444335938,-220.88041687011719,-220.98117065429688,-222.60690307617188,-222.16943359375,-222.00456237792969,-219.29243469238281,0
1.948,-218.9049072265625,-219.27572631835938,-217.06649780273438,-217.10946655273438,-218.7764892578125,-218.33940124511719,-218.15255737304688,-215.54768371582031,0
1.952,-217.44186401367188,-217.85800170898438,-215.57575988769531,-215.58163452148438,-217.25448608398438,-216.85848999023438,-216.51667785644531,-214.13716125488281,0
1.956,-215.9232177734375,-216.34016418457031,-213.99882507324219,-214.02519226074219,-215.6070556640625,-215.32084655761719,-214.76176452636719,-212.6474609375,0
1.96,-216.09799194335938,-216.4892578125,-214.10795593261719,-214.18205261230469,-215.6463623046875,-215.49491882324219,-214.75651550292969,-212.85128784179688,0
1.964,-213.88224792480469,-214.2347412109375,-211.80632019042969,-211.91891479492188,-213.29354858398438,-213.23873901367188,-212.44479370117188,-210.62971496582031,0
1.968,-210.386962890625,-210.701904296875,-208.28523254394531,-208.4017333984375,-209.70968627929688,-209.67826843261719,-208.96147155761719,-207.09394836425781,0
1.972,-208.98812866210938,-209.3021240234375,-206.97453308105469,-207.09701538085938,-208.31893920898438,-208.25483703613281,-207.64411926269531,-205.62739562988281,0
1.976,-208.09098815917969,-208.46017456054688,-206.20915222167969,-206.378662109375,-207.49150085449219,-207.41447448730469,-206.83065795898438,-204.62654113769531,0
1.98,-209.3878173828125,-209.81791687011719,-207.62284851074219,-207.84147644042969,-208.86019897460938,-208.82344055175781,-208.19918823242188,-205.83271789550781,0
1.984,-208.13923645019531,-208.60002136230469,-206.49508666992188,-206.73506164550781,-207.64047241210938,-207.68136596679688,-207.02241516113281,-204.58625793457031,0
1.988,-204.9871826171875,-205.46337890625,-203.45736694335938,-203.69575500488281,-204.51863098144531,-204.599609375,-203.9322509765625,-201.57267761230469,0
1.992,-203.572509765625,-204.02607727050781,-202.07975769042969,-202.27986145019531,-203.16838073730469,-203.20463562011719,-202.52169799804688,-200.36177062988281,0
1.996,-202.448486328125,-202.822265625,-200.93098449707031,-201.05171203613281,-202.08837890625,-202.04582214355469,-201.32817077636719,-199.35063171386719,0
2,-203.41716003417969,-203.69393920898438,-201.87960815429688,-201.9405517578125,-203.07209777832031,-202.94157409667969,-202.19027709960938,-200.28715515136719,0
2.004,-202.16523742675781,-202.34310913085938,-200.56840515136719,-200.6593017578125,-201.76542663574219,-201.57980346679688,-200.82148742675781,-198.918212890625,0
2.008,-199.4080810546875,-199.4945068359375,-197.68002319335938,-197.88468933105469,-198.8470458984375,-198.69026184082031,-197.96260070800781,-196.04914855957031,0
2.012,-198.65132141113281,-198.69612121582031,-196.7606201171875,-197.10383605957031,-197.85722351074219,-197.77812194824219,-197.1107177734375,-195.22761535644531,0
2.016,-197.600341796875,-197.64230346679688,-195.53825378417969,-196.0262451171875,-196.54756164550781,-196.54508972167969,-195.94453430175781,-194.15878295898438,0
2.02,-197.61454772949219,-197.66011047363281,-195.41989135742188,-196.06689453125,-196.38327026367188,-196.42684936523438,-195.8702392578125,-194.23554992675781,0
2.024,-195.33100891113281,-195.37948608398438,-193.08027648925781,-193.85054016113281,-194.07987976074219,-194.1165771484375,-193.54541015625,-192.06723022460938,0
2.028,-191.96549987792969,-192.01261901855469,-189.71525573730469,-190.5198974609375,-190.81657409667969,-190.823486328125,-190.14433288574219,-188.79655456542969,0
2.032,-190.97848510742188,-191.03219604492188,-188.74789428710938,-189.51786804199219,-189.94345092773438,-189.94807434082031,-189.14921569824219,-187.84126281738281,0
2.036,-189.7672119140625,-189.84480285644531,-187.54924011230469,-188.2662353515625,-188.76779174804688,-188.78446960449219,-187.98982238769531,-186.57821655273438,0
2.04,-189.81782531738281,-189.91374206542969,-187.62834167480469,-188.25338745117188,-188.7708740234375,-188.80537414550781,-188.12471008300781,-186.54924011230469,0
2.044,-188.05868530273438,-188.15238952636719,-185.93244934082031,-186.40011596679688,-186.95536804199219,-186.99995422363281,-186.48429870605469,-184.75764465332031,0
2.048,-184.99845886230469,-185.12619018554688,-182.96733093261719,-183.2852783203125,-183.94149780273438,-183.94502258300781,-183.5882568359375,-181.78276062011719,0
2.052,-184.177001953125,-184.37983703613281,-182.27194213867188,-182.4833984375,-183.2393798828125,-183.17057800292969,-182.89828491210938,-181.17562866210938,0
2.056,-183.28910827636719,-183.52413940429688,-181.48970031738281,-181.64059448242188,-182.41830444335938,-182.3070068359375,-182.03645324707031,-180.53121948242188,0
2.06,-183.4521484375,-183.65998840332031,-181.70097351074219,-181.88261413574219,-182.59640502929688,-182.49958801269531,-182.15214538574219,-180.88766479492188,0
2.064,-181.75968933105469,-181.89364624023438,-180.032470703125,-180.28060913085938,-180.89372253417969,-180.85758972167969,-180.41972351074219,-179.29843139648438,0
2.068,-179.02719116210938,-179.08447265625,-177.3565673828125,-177.55587768554688,-178.14753723144531,-178.19023132324219,-177.70394897460938,-176.57929992675781,0
2.072,-178.91084289550781,-178.965087890625,-177.31449890136719,-177.333251953125,-178.05599975585938,-178.15512084960938,-177.62028503417969,-176.42578125,0
2.076,-178.75570678710938,-178.85238647460938,-177.18576049804688,-177.02902221679688,-177.913330078125,-178.03507995605469,-177.4337158203125,-176.21427917480469,0
2.08,-179.40585327148438,-179.53125,-177.84140014648438,-177.61276245117188,-178.52949523925781,-178.65531921386719,-178.00349426269531,-176.8533935546875,0
2.084,-177.74215698242188,-177.87422180175781,-176.20370483398438,-176.02738952636719,-176.85311889648438,-176.96476745605469,-176.30375671386719,-175.26179504394531,0
2.088,-173.99870300292969,-174.09603881835938,-172.48042297363281,-172.4541015625,-173.14909362792969,-173.20182800292969,-172.55073547363281,-171.61300659179688,0
2.092,-172.40531921386719,-172.42008972167969,-170.85954284667969,-171.0301513671875,-171.579833984375,-171.53913879394531,-170.89640808105469,-170.06388854980469,0
2.096,-171.48544311523438,-171.41239929199219,-169.864501953125,-170.21798706054688,-170.65095520019531,-170.5360107421875,-169.91390991210938,-169.13777160644531,0
2.1,-172.53376770019531,-172.36459350585938,-170.83760070800781,-171.29977416992188,-171.69575500488281,-171.54960632324219,-170.94515991210938,-170.18832397460938,0
2.104,-172.03955078125,-171.74299621582031,-170.28759765625,-170.7999267578125,-171.17732238769531,-171.0830078125,-170.45321655273438,-169.70199584960938,0
2.108,-169.31416320800781,-168.92745971679688,-167.5653076171875,-168.07026672363281,-168.38607788085938,-168.42292785644531,-167.75944519042969,-166.93087768554688,0
2.112,-168.25802612304688,-167.88883972167969,-166.64042663574219,-167.00325012207031,-167.267578125,-167.39997863769531,-166.80599975585938,-165.80949401855469,0
2.116,-167.23908996582031,-166.9501953125,-165.82991027832031,-165.95991516113281,-166.26937866210938,-166.3853759765625,-165.9300537109375,-164.79953002929688,0
2.12,-167.74462890625,-167.52743530273438,-166.50997924804688,-166.48014831542969,-166.93893432617188,-166.92207336425781,-166.5367431640625,-165.43722534179688,0
2.124,-167.0087890625,-166.88578796386719,-165.85861206054688,-165.81552124023438,-166.45138549804688,-166.22892761230469,-165.86979675292969,-164.910400390625,0
2.128,-164.55697631835938,-164.52445983886719,-163.40510559082031,-163.41342163085938,-164.19677734375,-163.83772277832031,-163.44670104980469,-162.63346862792969,0
2.132,-164.31600952148438,-164.27104187011719,-163.09834289550781,-163.10639953613281,-163.98139953613281,-163.64936828613281,-163.12138366699219,-162.43342590332031,0
2.136,-163.95857238769531,-163.86247253417969,-162.62129211425781,-162.5577392578125,-163.45903015136719,-163.23812866210938,-162.6337890625,-162.00361633300781,0
2.14,-164.40324401855469,-164.33969116210938,-162.95149230957031,-162.80912780761719,-163.72494506835938,-163.59687805175781,-163.04037475585938,-162.40242004394531,0
2.144,-163.49775695800781,-163.515869140625,-161.96662902832031,-161.84086608886719,-162.7476806640625,-162.66928100585938,-162.18563842773438,-161.5164794921875,0
2.148,-160.96298217773438,-161.02294921875,-159.34736633300781,-159.37190246582031,-160.16682434082031,-160.10954284667969,-159.70292663574219,-159.04818725585938,0
2.152,-160.71305847167969,-160.7056884765625,-158.97941589355469,-159.20002746582031,-159.82418823242188,-159.79049682617188,-159.42431640625,-158.87846374511719,0
2.156,-160.3486328125,-160.1793212890625,-158.51887512207031,-158.8818359375,-159.37118530273438,-159.3646240234375,-158.9805908203125,-158.53584289550781,0
2.16,-160.57963562011719,-160.2884521484375,-158.76057434082031,-159.17924499511719,-159.59455871582031,-159.61752319335938,-159.19638061523438,-158.77473449707031,0
2.164,-159.33676147460938,-159.03373718261719,-157.64208984375,-158.0101318359375,-158.43600463867188,-158.478759765625,-158.01242065429688,-157.59359741210938,0
2.168,-156.54142761230469,-156.33712768554688,-155.04887390136719,-155.28361511230469,-155.78244018554688,-155.82638549804688,-155.33293151855469,-154.90869140625,0
2.172,-156.79631042480469,-156.75521850585938,-155.47982788085938,-155.5775146484375,-156.13325500488281,-156.16731262207031,-155.73580932617188,-155.2591552734375,0
2.176,-157.59326171875,-157.66056823730469,-156.3472900390625,-156.33740234375,-156.89826965332031,-156.89619445800781,-156.63032531738281,-156.08627319335938,0
2.18,-158.89616394042969,-158.95419311523438,-157.650146484375,-157.57467651367188,-158.09870910644531,-158.06491088867188,-157.94369506835938,-157.349365234375,0
2.184,-158.57466125488281,-158.56259155273438,-157.3433837890625,-157.25114440917969,-157.74140930175781,-157.6842041015625,-157.61398315429688,-156.93583679199219,0
2.188,-155.96578979492188,-155.8900146484375,-154.78427124023438,-154.77876281738281,-155.2193603515625,-155.13374328613281,-155.053955078125,-154.29402160644531,0
2.192,-155.2335205078125,-155.09762573242188,-154.01802062988281,-154.2255859375,-154.5838623046875,-154.47531127929688,-154.36239624023438,-153.585693359375,0
2.196,-154.546630859375,-154.36274719238281,-153.19535827636719,-153.5689697265625,-153.9176025390625,-153.76286315917969,-153.66313171386719,-152.86740112304688,0
2.2,-154.96122741699219,-154.7847900390625,-153.54646301269531,-153.90461730957031,-154.31648254394531,-154.12446594238281,-154.10746765136719,-153.25607299804688,0
2.204,-154.65092468261719,-154.51423645019531,-153.31840515136719,-153.53507995605469,-153.97726440429688,-153.794189453125,-153.86112976074219,-152.98713684082031,0
2.208,-152.1102294921875,-151.98811340332031,-150.91596984863281,-150.95198059082031,-151.38923645019531,-151.24955749511719,-151.33175659179688,-150.53622436523438,0
2.212,-151.32975769042969,-151.22346496582031,-150.22763061523438,-150.1392822265625,-150.54130554199219,-150.482421875,-150.51583862304688,-149.8743896484375,0
2.216,-150.71310424804688,-150.62434387207031,-149.5625,-149.48837280273438,-149.82760620117188,-149.81234741210938,-149.78781127929688,-149.26945495605469,0
2.22,-151.3072509765625,-151.18806457519531,-149.97541809082031,-150.0006103515625,-150.30607604980469,-150.25752258300781,-150.1546630859375,-149.6982421875,0
2.224,-151.19384765625,-151.00422668457031,-149.67070007324219,-149.78044128417969,-150.08566284179688,-149.99555969238281,-149.81063842773438,-149.41056823730469,0
2.228,-148.55619812011719,-148.31501770019531,-146.947509765625,-147.1195068359375,-147.4364013671875,-147.30302429199219,-147.11369323730469,-146.76193237304688,0
2.232,-147.8260498046875,-147.65327453613281,-146.30790710449219,-146.52900695800781,-146.87997436523438,-146.66044616699219,-146.5518798828125,-146.22041320800781,0
2.236,-147.56864929199219,-147.59013366699219,-146.25520324707031,-146.51412963867188,-146.89250183105469,-146.59260559082031,-146.57124328613281,-146.24760437011719,0
2.24,-148.39794921875,-148.58476257324219,-147.29020690917969,-147.55693054199219,-147.90202331542969,-147.62619018554688,-147.59992980957031,-147.29072570800781,0
2.244,-148.48703002929688,-148.66401672363281,-147.5145263671875,-147.72148132324219,-147.98751831054688,-147.79902648925781,-147.71932983398438,-147.4581298828125,0
2.248,-146.12678527832031,-146.11332702636719,-145.17460632324219,-145.29911804199219,-145.49435424804688,-145.38981628417969,-145.26606750488281,-145.09465026855469,0
2.252,-145.92521667480469,-145.69894409179688,-144.88410949707031,-144.989501953125,-145.12263488769531,-145.16658020019531,-144.98457336425781,-144.85783386230469,0
2.256,-146.08979797363281,-145.784912109375,-144.93440246582031,-145.09480285644531,-145.13864135742188,-145.3941650390625,-145.1990966796875,-144.97770690917969,0
2.26,-146.7364501953125,-146.48178100585938,-145.58346557617188,-145.80915832519531,-145.76081848144531,-146.154296875,-145.99922180175781,-145.614013671875,0
2.264,-146.32316589355469,-146.18266296386719,-145.306396484375,-145.5701904296875,-145.4765625,-145.85554504394531,-145.75752258300781,-145.2647705078125,0
2.268,-143.38261413574219,-143.35160827636719,-142.5391845703125,-142.79830932617188,-142.6973876953125,-142.98605346679688,-142.993896484375,-142.451171875,0
2.272,-142.94233703613281,-142.97270202636719,-142.2373046875,-142.43270874023438,-142.32577514648438,-142.5712890625,-142.71598815917969,-142.13314819335938,0
2.276,-143.27555847167969,-143.32763671875,-142.64643859863281,-142.76005554199219,-142.62907409667969,-142.8880615234375,-143.13090515136719,-142.552734375,0
2.28,-144.25923156738281,-144.26274108886719,-143.66166687011719,-143.70993041992188,-143.56034851074219,-143.84005737304688,-144.08210754394531,-143.61054992675781,0
2.284,-144.41757202148438,-144.3017578125,-143.79997253417969,-143.8109130859375,-143.69906616210938,-143.95368957519531,-144.12033081054688,-143.82551574707031,0
2.288,-142.05656433105469,-141.8465576171875,-141.37504577636719,-141.36972045898438,-141.369873046875,-141.49299621582031,-141.63029479980469,-141.46110534667969,0
2.292,-142.0330810546875,-141.85873413085938,-141.28564453125,-141.23629760742188,-141.41740417480469,-141.35920715332031,-141.54975891113281,-141.39778137207031,0
2.296,-142.2178955078125,-142.19430541992188,-141.42697143554688,-141.29450988769531,-141.656005859375,-141.48486328125,-141.75273132324219,-141.56526184082031,0
2.3,-142.53781127929688,-142.63105773925781,-141.73884582519531,-141.53547668457031,-141.97042846679688,-141.762451171875,-142.09785461425781,-141.84980773925781,0
2.304,-142.31245422363281,-142.38935852050781,-141.5238037109375,-141.3140869140625,-141.74789428710938,-141.484619140625,-141.88273620605469,-141.56954956054688,0
2.308,-139.72676086425781,-139.74906921386719,-139.01164245605469,-138.83683776855469,-139.29057312011719,-138.9234619140625,-139.332275390625,-139.00178527832031,0
2.312,-139.40304565429688,-139.49031066894531,-138.82609558105469,-138.64083862304688,-139.16720581054688,-138.7427978515625,-139.05575561523438,-138.74324035644531,0
2.316,-139.18746948242188,-139.47518920898438,-138.72590637207031,-138.44186401367188,-139.06877136230469,-138.7088623046875,-138.87556457519531,-138.58967590332031,0
2.32,-139.17900085449219,-139.6566162109375,-138.82247924804688,-138.3795166015625,-139.04733276367188,-138.85661315917969,-138.90641784667969,-138.65817260742188,0
2.324,-139.27392578125,-139.78861999511719,-139.0367431640625,-138.4202880859375,-139.03634643554688,-139.01339721679688,-139.0426025390625,-138.8096923828125,0
2.328,-137.448486328125,-137.8602294921875,-137.28767395019531,-136.56564331054688,-137.081298828125,-137.12057495117188,-137.2515869140625,-136.99618530273438,0
2.332,-137.93466186523438,-138.2308349609375,-137.69511413574219,-137.03840637207031,-137.44482421875,-137.43588256835938,-137.71672058105469,-137.45829772949219,0
2.336,-138.31771850585938,-138.591064453125,-137.8778076171875,-137.41645812988281,-137.75106811523438,-137.63232421875,-138.02360534667969,-137.84248352050781,0
2.34,-138.682373046875,-138.99650573730469,-138.1312255859375,-137.84501647949219,-138.16708374023438,-137.95381164550781,-138.3896484375,-138.3258056640625,0
2.344,-138.94287109375,-139.30097961425781,-138.45590209960938,-138.26469421386719,-138.57392883300781,-138.3458251953125,-138.78852844238281,-138.76029968261719,0
2.348,-136.54460144042969,-136.92497253417969,-136.22456359863281,-136.0421142578125,-136.30661010742188,-136.11726379394531,-136.535888671875,-136.44194030761719,0
2.352,-136.28254699707031,-136.66696166992188,-136.06954956054688,-135.81039428710938,-136.11882019042969,-135.91024780273438,-136.28678894042969,-136.12300109863281,0
2.356,-136.47006225585938,-136.92501831054688,-136.22908020019531,-135.87850952148438,-136.349365234375,-136.020263671875,-136.37255859375,-136.22257995605469,0
2.36,-136.94548034667969,-137.52790832519531,-136.63688659667969,-136.28181457519531,-136.83834838867188,-136.43220520019531,-136.7381591796875,-136.68916320800781,0
2.364,-137.37165832519531,-138.02133178710938,-136.99467468261719,-136.74787902832031,-137.2237548828125,-136.89840698242188,-137.1241455078125,-137.172607421875,0
2.368,-134.77107238769531,-135.4267578125,-134.375244140625,-134.23249816894531,-134.57881164550781,-134.43281555175781,-134.57722473144531,-134.65194702148438,0
2.372,-134.24484252929688,-134.93220520019531,-133.86849975585938,-133.72871398925781,-134.041015625,-134.04988098144531,-134.12239074707031,-134.12809753417969,0
2.376,-134.49235534667969,-135.226806640625,-134.01559448242188,-133.8258056640625,-134.25007629394531,-134.2835693359375,-134.373046875,-134.2216796875,0
2.38,-134.92753601074219,-135.63932800292969,-134.24809265136719,-134.06242370605469,-134.63642883300781,-134.57145690917969,-134.7607421875,-134.484375,0
2.384,-135.15470886230469,-135.754638671875,-134.28556823730469,-134.21919250488281,-134.87190246582031,-134.67013549804688,-134.90608215332031,-134.63664245605469,0
2.388,-132.490478515625,-132.96073913574219,-131.49560546875,-131.56689453125,-132.2554931640625,-131.9422607421875,-132.16435241699219,-131.97810363769531,0
2.392,-132.33137512207031,-132.74154663085938,-131.29367065429688,-131.38241577148438,-132.14755249023438,-131.76962280273438,-132.00715637207031,-131.88639831542969,0
2.396,-133.23934936523438,-133.62300109863281,-132.19624328613281,-132.16720581054688,-133.08320617675781,-132.67953491210938,-132.96533203125,-132.86308288574219,0
2.4,-134.47555541992188,-134.81001281738281,-133.44992065429688,-133.26057434082031,-134.31259155273438,-133.90580749511719,-134.25070190429688,-134.13632202148438,0
2.404,-135.67558288574219,-135.97297668457031,-134.71989440917969,-134.43510437011719,-135.4544677734375,-135.085205078125,-135.49345397949219,-135.3544921875,0
2.408,-133.76388549804688,-134.03305053710938,-132.93307495117188,-132.65966796875,-133.45451354980469,-133.2069091796875,-133.58992004394531,-133.46237182617188,0
2.412,-134.05436706542969,-134.33979797363281,-133.32780456542969,-133.16342163085938,-133.75666809082031,-133.6114501953125,-133.84457397460938,-133.82585144042969,0
2.416,-134.87675476074219,-135.26887512207031,-134.15544128417969,-134.14167785644531,-134.70797729492188,-134.53776550292969,-134.62106323242188,-134.77352905273438,0
2.42,-135.29048156738281,-135.78366088867188,-134.56303405761719,-134.63839721679688,-135.23310852050781,-135.031494140625,-134.99897766113281,-135.296142578125,0
2.424,-135.61642456054688,-136.09541320800781,-134.8994140625,-134.97079467773438,-135.56523132324219,-135.40324401855469,-135.279296875,-135.64474487304688,0
2.428,-133.16708374023438,-133.5655517578125,-132.39608764648438,-132.44589233398438,-133.05184936523438,-132.8848876953125,-132.81059265136719,-133.17143249511719,0
2.432,-133.13232421875,-133.53715515136719,-132.32809448242188,-132.33451843261719,-133.00822448730469,-132.7242431640625,-132.8426513671875,-133.14533996582031,0
2.436,-133.32394409179688,-133.8499755859375,-132.57492065429688,-132.51388549804688,-133.31002807617188,-132.84037780761719,-133.15046691894531,-133.34480285644531,0
2.44,-133.00724792480469,-133.63301086425781,-132.28536987304688,-132.22416687011719,-133.127197265625,-132.50175476074219,-132.87174987792969,-132.94906616210938,0
2.444,-133.55856323242188,-134.13107299804688,-132.76449584960938,-132.71647644042969,-133.669189453125,-133.02290344238281,-133.30307006835938,-133.29833984375,0
2.448,-132.05949401855469,-132.41816711425781,-131.17903137207031,-131.06820678710938,-132.00131225585938,-131.47311401367188,-131.63021850585938,-131.58222961425781,0
2.452,-133.15214538574219,-133.30685424804688,-132.2525634765625,-132.01791381835938,-132.95759582519531,-132.5809326171875,-132.65657043457031,-132.63525390625,0
2.456,-134.22738647460938,-134.35002136230469,-133.3538818359375,-132.98432922363281,-134.01925659179688,-133.7373046875,-133.806396484375,-133.8900146484375,0
2.46,-133.69856262207031,-133.93901062011719,-132.85957336425781,-132.44979858398438,-133.54052734375,-133.29757690429688,-133.42256164550781,-133.6336669921875,0
2.464,-132.84033203125,-133.2396240234375,-132.02987670898438,-131.68037414550781,-132.75593566894531,-132.5401611328125,-132.71720886230469,-133.00688171386719,0
2.468,-129.55427551269531,-130.012939453125,-128.705322265625,-128.4378662109375,-129.4622802734375,-129.3165283203125,-129.52734375,-129.819091796875,0
2.472,-129.76718139648438,-130.1724853515625,-128.78498840332031,-128.59834289550781,-129.5863037109375,-129.49821472167969,-129.70597839355469,-129.98507690429688,0
2.476,-131.18624877929688,-131.56198120117188,-130.11972045898438,-129.98014831542969,-131.02192687988281,-130.88395690917969,-131.0267333984375,-131.29032897949219,0
2.48,-131.83268737792969,-132.25558471679688,-130.84269714355469,-130.69071960449219,-131.798828125,-131.56796264648438,-131.62690734863281,-131.84025573730469,0
2.484,-132.41683959960938,-132.9124755859375,-131.53707885742188,-131.33573913574219,-132.437744140625,-132.14389038085938,-132.21125793457031,-132.35810852050781,0
2.488,-129.37251281738281,-129.91447448730469,-128.54133605957031,-128.28178405761719,-129.30790710449219,-128.98310852050781,-129.187744140625,-129.25944519042969,0
2.492,-128.59028625488281,-129.13801574707031,-127.81626892089844,-127.44696044921875,-128.43855285644531,-128.10311889648438,-128.44430541992188,-128.44796752929688,0
2.496,-129.18806457519531,-129.65817260742188,-128.44174194335938,-127.93965911865234,-129.0518798828125,-128.67097473144531,-129.0682373046875,-129.01445007324219,0
2.5,-129.65803527832031,-129.96115112304688,-128.85527038574219,-128.31857299804688,-129.57072448730469,-129.12104797363281,-129.56173706054688,-129.422607421875,0
2.504,-130.42460632324219,-130.62158203125,-129.60456848144531,-129.09797668457031,-130.406005859375,-129.91889953613281,-130.4222412109375,-130.15498352050781,0
2.508,-127.48390960693359,-127.71893310546875,-126.72586822509766,-126.24898529052734,-127.59417724609375,-127.10544586181641,-127.60652923583984,-127.24351501464844,0
2.512,-126.50309753417969,-126.88639068603516,-125.86936950683594,-125.38162994384766,-126.7940673828125,-126.34928131103516,-126.69511413574219,-126.37168121337891,0
2.516,-126.66361999511719,-127.23775482177734,-126.24320220947266,-125.63914489746094,-127.16934967041016,-126.771240234375,-126.89499664306641,-126.72764587402344,0
2.52,-126.9896240234375,-127.64949798583984,-126.7330322265625,-125.96232604980469,-127.5965576171875,-127.221435546875,-127.21588134765625,-127.20904541015625,0
2.524,-128.2998046875,-128.94633483886719,-128.0244140625,-127.15892028808594,-128.81269836425781,-128.44287109375,-128.46037292480469,-128.50009155273438,0
2.528,-126.39009857177734,-127.02797698974609,-125.95256042480469,-125.15911865234375,-126.71513366699219,-126.291015625,-126.48179626464844,-126.44779205322266,0
2.532,-126.98040771484375,-127.57071685791016,-126.35372161865234,-125.72519683837891,-127.1466064453125,-126.6214599609375,-127.00856781005859,-126.91656494140625,0
2.536,-128.49337768554688,-128.95829772949219,-127.78585052490234,-127.2364501953125,-128.6009521484375,-128.0068359375,-128.45487976074219,-128.38764953613281,0
2.54,-129.12484741210938,-129.44868469238281,-128.45133972167969,-127.87469482421875,-129.22773742675781,-128.64213562011719,-129.02511596679688,-129.0350341796875,0
2.544,-130.397216796875,-130.63008117675781,-129.7625732421875,-129.10017395019531,-130.47860717773438,-129.93136596679688,-130.2503662109375,-130.31694030761719,0
2.548,-128.4349365234375,-128.667724609375,-127.81742858886719,-127.05533599853516,-128.47831726074219,-127.95975494384766,-128.273193359375,-128.31388854980469,0
2.552,-128.62753295898438,-128.95356750488281,-128.09260559082031,-127.2305908203125,-128.67851257324219,-128.1907958984375,-128.47578430175781,-128.50386047363281,0
2.556,-129.09199523925781,-129.55033874511719,-128.73518371582031,-127.7816162109375,-129.24259948730469,-128.79411315917969,-128.994873046875,-129.1063232421875,0
2.56,-128.17390441894531,-128.73739624023438,-127.97013092041016,-127.01580810546875,-128.44088745117188,-128.07675170898438,-128.2059326171875,-128.41230773925781,0
2.564,-128.17207336425781,-128.79035949707031,-127.97581481933594,-127.13047790527344,-128.44406127929688,-128.24667358398438,-128.31832885742188,-128.548583984375,0
2.568,-125.78642272949219,-126.44722747802734,-125.46488189697266,-124.77976989746094,-125.95735931396484,-125.93135833740234,-125.96956634521484,-126.1318359375,0
2.572,-126.88945007324219,-127.541259765625,-126.44384765625,-125.83953857421875,-126.9893798828125,-126.98435211181641,-127.07419586181641,-127.11690521240234,0
2.576,-128.73640441894531,-129.28385925292969,-128.299072265625,-127.58969879150391,-128.81491088867188,-128.71383666992188,-128.92892456054688,-128.85665893554688,0
2.58,-128.23210144042969,-128.67587280273438,-127.87717437744141,-126.98088073730469,-128.238525390625,-128.07955932617188,-128.43453979492188,-128.27426147460938,0
2.584,-127.94521331787109,-128.36250305175781,-127.58608245849609,-126.58013916015625,-127.83846282958984,-127.66313171386719,-128.10348510742188,-127.91214752197266,0
2.588,-124.72801208496094,-125.17545318603516,-124.23851013183594,-123.28495788574219,-124.50331878662109,-124.34487152099609,-124.79313659667969,-124.639404296875,0
2.592,-124.14316558837891,-124.62492370605469,-123.58547210693359,-122.72349548339844,-123.86735534667969,-123.78353118896484,-124.16426849365234,-124.10758972167969,0
2.596,-124.31563568115234,-124.83298492431641,-123.89945220947266,-123.00955963134766,-124.17191314697266,-124.17148590087891,-124.41670989990234,-124.43821716308594,0
2.6,-123.38067626953125,-123.97501373291016,-123.13126373291016,-122.23250579833984,-123.44576263427734,-123.482421875,-123.62217712402344,-123.6441650390625,0
2.604,-123.71408843994141,-124.41811370849609,-123.45745849609375,-122.6583251953125,-123.89359283447266,-123.87437438964844,-124.01823425292969,-124.04296875,0
2.608,-120.96140289306641,-121.7509765625,-120.57049560546875,-119.87014007568359,-121.16378021240234,-121.02657318115234,-121.19777679443359,-121.2884521484375,0
2.612,-121.02133941650391,-121.78923034667969,-120.54301452636719,-119.82883453369141,-121.19693756103516,-120.99385833740234,-121.10789489746094,-121.29604339599609,0
2.616,-122.57222747802734,-123.22528076171875,-122.15257263183594,-121.3125,-122.68772888183594,-122.516845703125,-122.55435943603516,-122.793212890625,0
2.62,-122.8604736328125,-123.44920349121094,-122.56219482421875,-121.63002777099609,-122.88706207275391,-122.80316162109375,-122.85166168212891,-123.04736328125,0
2.624,-123.88706970214844,-124.53459167480469,-123.62109375,-122.71134948730469,-123.80698394775391,-123.76536560058594,-123.92913818359375,-124.03398132324219,0
2.628,-121.55113220214844,-122.31972503662109,-121.18685150146484,-120.39823150634766,-121.40826416015625,-121.30242919921875,-121.63304138183594,-121.68772125244141,0
2.632,-121.81303405761719,-122.65397644042969,-121.39962005615234,-120.72076416015625,-121.75376129150391,-121.54605865478516,-121.95920562744141,-122.02585601806641,0
2.636,-123.04753112792969,-123.84743499755859,-122.76371002197266,-122.09590911865234,-123.23594665527344,-122.94858551025391,-123.30712890625,-123.36838531494141,0
2.64,-122.75921630859375,-123.44468688964844,-122.61777496337891,-121.96586608886719,-123.19218444824219,-122.84268951416016,-123.12754058837891,-123.1201171875,0
2.644,-123.63175964355469,-124.26113128662109,-123.48799896240234,-122.89633941650391,-124.16152191162109,-123.79045104980469,-124.03990173339844,-123.95272064208984,0
2.648,-121.32341003417969,-122.03476715087891,-121.06871032714844,-120.55426025390625,-121.82273101806641,-121.52201843261719,-121.72322845458984,-121.59953308105469,0
2.652,-121.68096923828125,-122.50539398193359,-121.41845703125,-120.86466979980469,-122.12419128417969,-121.97451019287109,-122.08294677734375,-122.01039886474609,0
2.656,-122.88808441162109,-123.72003173828125,-122.80802154541016,-122.00604248046875,-123.29970550537109,-123.28914642333984,-123.29238128662109,-123.34922027587891,0
2.66,-122.01607513427734,-122.75030517578125,-122.0595703125,-121.06064605712891,-122.34600830078125,-122.41033935546875,-122.36637115478516,-122.52891540527344,0
2.664,-122.12210845947266,-122.75291442871094,-122.12100982666016,-121.0816650390625,-122.32332611083984,-122.35368347167969,-122.37113952636719,-122.52870941162109,0
2.668,-119.22845458984375,-119.79290771484375,-119.13863372802734,-118.06650543212891,-119.350341796875,-119.22715759277344,-119.38798522949219,-119.44775390625,0
2.672,-119.59312438964844,-120.08477783203125,-119.4715576171875,-118.33673095703125,-119.70391845703125,-119.45639801025391,-119.71514892578125,-119.68601989746094,0
2.676,-121.63316345214844,-122.04624938964844,-121.55181884765625,-120.38189697265625,-121.75728607177734,-121.50760650634766,-121.75254821777344,-121.69927978515625,0
2.68,-121.88664245605469,-122.26718902587891,-121.82869720458984,-120.70320892333984,-122.01927185058594,-121.78438568115234,-121.97441101074219,-121.94761657714844,0
2.684,-122.74835205078125,-123.17653656005859,-122.67868804931641,-121.63848876953125,-122.91447448730469,-122.62441253662109,-122.80023193359375,-122.80186462402344,0
2.688,-119.69938659667969,-120.20127105712891,-119.63871765136719,-118.66024017333984,-119.93376159667969,-119.56626892089844,-119.76676940917969,-119.767333984375,0
2.692,-119.184326171875,-119.66313171386719,-119.22788238525391,-118.20119476318359,-119.482666015625,-119.10799407958984,-119.33821868896484,-119.3026123046875,0
2.696,-120.02516937255859,-120.35746002197266,-120.27079772949219,-119.09770202636719,-120.36093902587891,-120.0460205078125,-120.33551025390625,-120.22813415527344,0
2.7,-119.29727935791016,-119.52127838134766,-119.68314361572266,-118.45101165771484,-119.65213775634766,-119.40493011474609,-119.7296142578125,-119.61002349853516,0
2.704,-120.27970886230469,-120.56578063964844,-120.65755462646484,-119.49483489990234,-120.68387603759766,-120.4869384765625,-120.73844909667969,-120.72896575927734,0
2.708,-118.06114196777344,-118.50925445556641,-118.3709716796875,-117.3017578125,-118.54441833496094,-118.37613677978516,-118.52982330322266,-118.65702819824219,0
2.712,-118.11468505859375,-118.67546081542969,-118.44664001464844,-117.39414215087891,-118.63289642333984,-118.49174499511719,-118.60123443603516,-118.81932067871094,0
2.716,-118.9176025390625,-119.44468688964844,-119.35997009277344,-118.22434997558594,-119.40391540527344,-119.27409362792969,-119.36305999755859,-119.60382080078125,0
2.72,-117.58821868896484,-118.01662445068359,-118.12911224365234,-116.92387390136719,-118.10325622558594,-117.9193115234375,-117.97464752197266,-118.19364929199219,0
2.724,-117.6925048828125,-118.10276794433594,-118.29502868652344,-117.08559417724609,-118.36794281005859,-118.05696868896484,-118.05418395996094,-118.31103515625,0
2.728,-114.70048522949219,-115.16310882568359,-115.28237152099609,-114.12252044677734,-115.50002288818359,-115.07586669921875,-114.99570465087891,-115.35752868652344,0
2.732,-114.71897125244141,-115.22013092041016,-115.26104736328125,-114.17228698730469,-115.52921295166016,-115.11419677734375,-114.9033203125,-115.40031433105469,0
2.736,-116.05625915527344,-116.55055999755859,-116.6187744140625,-115.57303619384766,-116.82707214355469,-116.52178955078125,-116.14231109619141,-116.79465484619141,0
2.74,-115.32293701171875,-115.80135345458984,-115.87628173828125,-114.85111999511719,-116.03127288818359,-115.82437896728516,-115.34953308105469,-116.07840728759766,0
2.744,-116.2056884765625,-116.72093200683594,-116.68206787109375,-115.65811920166016,-116.89005279541016,-116.67730712890625,-116.24849700927734,-116.92147064208984,0
2.748,-113.45456695556641,-114.05117034912109,-113.81004333496094,-112.83403015136719,-114.16110992431641,-113.87431335449219,-113.57542419433594,-114.12864685058594,0
2.752,-112.9315185546875,-113.54514312744141,-113.13454437255859,-112.29630279541016,-113.59938812255859,-113.34257507324219,-113.09898376464844,-113.51070404052734,0
2.756,-114.14329528808594,-114.65195465087891,-114.20469665527344,-113.50472259521484,-114.66762542724609,-114.58226013183594,-114.254638671875,-114.51314544677734,0
2.76,-114.30692291259766,-114.67791748046875,-114.29965972900391,-113.64821624755859,-114.67398834228516,-114.76607513427734,-114.3170166015625,-114.45158386230469,0
2.764,-116.49245452880859,-116.8076171875,-116.51206207275391,-115.7911376953125,-116.80491638183594,-116.96378326416016,-116.45616149902344,-116.53212738037109,0
2.768,-114.56730651855469,-114.92385101318359,-114.67610931396484,-113.79268646240234,-114.97066497802734,-115.04344177246094,-114.57846832275391,-114.61503601074219,0
2.772,-114.42045593261719,-114.83235931396484,-114.660400390625,-113.58016204833984,-114.9979248046875,-114.92041015625,-114.543212890625,-114.51603698730469,0
2.776,-115.51158142089844,-115.91026306152344,-115.89019775390625,-114.66922760009766,-116.24001312255859,-116.04483795166016,-115.68589019775391,-115.69387054443359,0
2.78,-114.71977233886719,-115.0435791015625,-115.19008636474609,-113.92142486572266,-115.51322937011719,-115.22188568115234,-114.79698181152344,-115.04245758056641,0
2.784,-115.72044372558594,-115.94725036621094,-116.2078857421875,-114.92723083496094,-116.47158050537109,-116.09578704833984,-115.62583923339844,-116.13747406005859,0
2.788,-113.2403564453125,-113.33984375,-113.67256927490234,-112.40016937255859,-113.8837890625,-113.44223785400391,-112.99790191650391,-113.59793853759766,0
2.792,-113.47538757324219,-113.43662261962891,-113.86025238037109,-112.58223724365234,-114.03118896484375,-113.57334136962891,-113.15826416015625,-113.69260406494141,0
2.796,-115.09403991699219,-115.00258636474609,-115.49710845947266,-114.14846038818359,-115.61724853515625,-115.23625183105469,-114.82590484619141,-115.24013519287109,0
2.8,-114.22585296630859,-114.19041442871094,-114.66854095458984,-113.2412109375,-114.76334381103516,-114.53483581542969,-114.11279296875,-114.41475677490234,0
2.804,-114.87129974365234,-114.91829681396484,-115.38193511962891,-113.89176940917969,-115.45737457275391,-115.38877868652344,-114.98696136474609,-115.17319488525391,0
2.808,-111.71281433105469,-111.83896636962891,-112.35201263427734,-110.85012054443359,-112.36944580078125,-112.40842437744141,-112.10997009277344,-112.17240905761719,0
2.812,-111.02365875244141,-111.21195983886719,-111.79278564453125,-110.37799072265625,-111.74959564208984,-111.81954193115234,-111.61679840087891,-111.62332916259766,0
2.816,-111.89231109619141,-112.07204437255859,-112.68150329589844,-111.37071228027344,-112.63670349121094,-112.65256500244141,-112.48942565917969,-112.492919921875,0
2.82,-110.5426025390625,-110.70361328125,-111.25046539306641,-109.98812103271484,-111.28765869140625,-111.16741943359375,-111.04428863525391,-111.06746673583984,0
2.824,-111.42539215087891,-111.64766693115234,-112.05533599853516,-110.82426452636719,-112.24643707275391,-111.95774841308594,-111.83785247802734,-111.95585632324219,0
2.828,-109.21258544921875,-109.53116607666016,-109.79366302490234,-108.61741638183594,-110.14066314697266,-109.752197265625,-109.55916595458984,-109.80576324462891,0
2.832,-109.71830749511719,-110.10166931152344,-110.29093170166016,-109.15318298339844,-110.68135833740234,-110.30474853515625,-110.04888916015625,-110.36125183105469,0
2.836,-111.79107666015625,-112.1776123046875,-112.34979248046875,-111.2572021484375,-112.69962310791016,-112.41131591796875,-112.14349365234375,-112.44769287109375,0
2.84,-111.53672027587891,-111.87430572509766,-112.01959228515625,-111.01461029052734,-112.38189697265625,-112.21208190917969,-111.90940093994141,-112.1634521484375,0
2.844,-113.10640716552734,-113.38974761962891,-113.55661773681641,-112.56732177734375,-113.96795654296875,-113.88291168212891,-113.50120544433594,-113.71806335449219,0
2.848,-110.546875,-110.80220794677734,-111.08414459228516,-109.99678802490234,-111.46097564697266,-111.42935943603516,-110.99107360839844,-111.19873046875,0
2.852,-110.10972595214844,-110.35882568359375,-110.76017761230469,-109.58133697509766,-110.97782135009766,-111.03458404541016,-110.6322021484375,-110.78947448730469,0
2.856,-111.26603698730469,-111.51853179931641,-111.99007415771484,-110.78731536865234,-111.949462890625,-112.07430267333984,-111.82330322265625,-111.88802337646484,0
2.86,-109.93961334228516,-110.20182800292969,-110.71905517578125,-109.51043701171875,-110.43064117431641,-110.50662994384766,-110.450927734375,-110.46726989746094,0
2.864,-110.49082946777344,-110.7264404296875,-111.29836273193359,-110.05562591552734,-110.91977691650391,-110.88767242431641,-110.90103912353516,-110.94866943359375,0
2.868,-107.32077789306641,-107.46202087402344,-108.12252044677734,-106.81187438964844,-107.81607818603516,-107.67642974853516,-107.5794677734375,-107.7071533203125,0
2.872,-107.12040710449219,-107.13983154296875,-107.88175201416016,-106.51511383056641,-107.70078277587891,-107.49102783203125,-107.22861480712891,-107.44004058837891,0
2.876,-109.431640625,-109.40787506103516,-110.13840484619141,-108.79738616943359,-110.05143737792969,-109.87387847900391,-109.53690338134766,-109.74700927734375,0
2.88,-109.50946044921875,-109.59658050537109,-110.23980712890625,-108.99176025390625,-110.14493560791016,-110.08447265625,-109.78176116943359,-109.90712738037109,0
2.884,-111.13967132568359,-111.40423583984375,-111.99125671386719,-110.82784271240234,-111.776123046875,-111.84450531005859,-111.55644226074219,-111.68997955322266,0
2.888,-108.18228912353516,-108.59346771240234,-109.12870025634766,-108.00138092041016,-108.79209899902344,-108.921875,-108.59316253662109,-108.88706970214844,0
2.892,-107.48720550537109,-107.931884765625,-108.37506103515625,-107.25984954833984,-108.04048919677734,-108.13303375244141,-107.77822113037109,-108.21529388427734,0
2.896,-109.34951019287109,-109.66927337646484,-110.04555511474609,-108.98201751708984,-109.82772064208984,-109.83986663818359,-109.52362060546875,-109.93962097167969,0
2.9,-109.36241149902344,-109.56766510009766,-109.89011383056641,-108.92491149902344,-109.80478668212891,-109.78310394287109,-109.50225830078125,-109.804931640625,0
2.904,-111.2279052734375,-111.46527099609375,-111.73551940917969,-110.82381439208984,-111.70695495605469,-111.74684906005859,-111.38810729980469,-111.63194274902344,0
2.908,-108.20333099365234,-108.51670074462891,-108.82889556884766,-107.83943939208984,-108.72725677490234,-108.87551116943359,-108.38602447509766,-108.638427734375,0
2.912,-106.78349304199219,-107.11515045166016,-107.56193542480469,-106.44358062744141,-107.35833740234375,-107.54046630859375,-106.97988128662109,-107.28989410400391,0
2.916,-107.49601745605469,-107.82283782958984,-108.37290954589844,-107.224853515625,-108.19865417480469,-108.26029968261719,-107.71586608886719,-108.12770843505859,0
2.92,-106.54085540771484,-106.841552734375,-107.50396728515625,-106.36226654052734,-107.42929840087891,-107.27272796630859,-106.79256439208984,-107.30783843994141,0
2.924,-108.29201507568359,-108.47789001464844,-109.38494873046875,-108.13690185546875,-109.29311370849609,-108.979248046875,-108.5830078125,-109.12174987792969,0
2.928,-105.9490966796875,-105.90975189208984,-107.1029052734375,-105.69423675537109,-106.8662109375,-106.54605865478516,-106.25260925292969,-106.68929290771484,0
2.932,-105.64599609375,-105.33139801025391,-106.70556640625,-105.22524261474609,-106.31559753417969,-106.11844635009766,-105.90810394287109,-106.20676422119141,0
2.936,-107.14345550537109,-106.62455749511719,-108.04443359375,-106.61995697021484,-107.53781890869141,-107.56907653808594,-107.38259124755859,-107.58882904052734,0
2.94,-106.23411560058594,-105.65645599365234,-107.03489685058594,-105.72389984130859,-106.44168853759766,-106.73252105712891,-106.514892578125,-106.67205810546875,0
2.944,-108.16300964355469,-107.66009521484375,-108.96237945556641,-107.70530700683594,-108.35672760009766,-108.7655029296875,-108.50250244140625,-108.64682769775391,0
2.948,-106.31268310546875,-105.96628570556641,-107.18991851806641,-105.89549255371094,-106.67397308349609,-106.97434997558594,-106.64681243896484,-106.84703063964844,0
2.952,-106.41269683837891,-106.21226501464844,-107.36460113525391,-106.05516052246094,-106.9827880859375,-107.05271911621094,-106.64376068115234,-107.00058746337891,0
2.956,-108.0655517578125,-107.92417907714844,-108.96673583984375,-107.76092529296875,-108.68687438964844,-108.58917236328125,-108.14109802246094,-108.64642333984375,0
2.96,-106.82576751708984,-106.65336608886719,-107.56046295166016,-106.48355865478516,-107.32318115234375,-107.22237396240234,-106.77647399902344,-107.27568054199219,0
2.964,-108.24330902099609,-107.9833984375,-108.84255218505859,-107.76096343994141,-108.58769226074219,-108.58957672119141,-108.17537689208984,-108.54164886474609,0
2.968,-106.09059906005859,-105.7344970703125,-106.66107177734375,-105.44901275634766,-106.33512115478516,-106.46134185791016,-106.099609375,-106.33726501464844,0
2.972,-106.13328552246094,-105.75836181640625,-106.71370697021484,-105.43087005615234,-106.34847259521484,-106.56639099121094,-106.22698974609375,-106.42301940917969,0
2.976,-107.63395690917969,-107.33786773681641,-108.18266296386719,-107.00535583496094,-107.88150787353516,-108.1075439453125,-107.73077392578125,-107.97995758056641,0
2.98,-105.92240142822266,-105.74595642089844,-106.45896148681641,-105.43173980712891,-106.23482513427734,-106.43547058105469,-105.95388031005859,-106.32255554199219,0
2.984,-106.99143981933594,-106.8873291015625,-107.57559967041016,-106.58139801025391,-107.34847259521484,-107.54392242431641,-106.956787109375,-107.45706939697266,0
2.988,-104.6346435546875,-104.4874267578125,-105.24613952636719,-104.21600341796875,-104.98288726806641,-105.13974761962891,-104.55631256103516,-105.14164733886719,0
2.992,-104.54087829589844,-104.30490875244141,-105.10848236083984,-104.13748931884766,-104.85813903808594,-104.96298980712891,-104.484619140625,-105.09053802490234,0
2.996,-106.28054046630859,-105.95652008056641,-106.71964263916016,-105.92813873291016,-106.51402282714844,-106.62160491943359,-106.27579498291016,-106.85153961181641,0
3,-104.93947601318359,-104.52651214599609,-105.29288482666016,-104.629150390625,-105.06925964355469,-105.18827819824219,-104.96720886230469,-105.48233795166016,0
3.004,-105.79892730712891,-105.35214996337891,-106.22331237792969,-105.52529144287109,-105.93936920166016,-106.01029205322266,-105.89628601074219,-106.32199859619141,0
3.008,-102.65096282958984,-102.26076507568359,-103.2244873046875,-102.38639068603516,-102.914794921875,-102.90904235839844,-102.8394775390625,-103.1744384765625,0
3.012,-102.36586761474609,-102.09222412109375,-103.05442810058594,-102.08689117431641,-102.75870513916016,-102.71291351318359,-102.60648345947266,-102.88542175292969,0
3.016,-104.73775482177734,-104.54398345947266,-105.40877532958984,-104.4351806640625,-105.14858245849609,-105.10506439208984,-104.96089935302734,-105.20577239990234,0
3.02,-104.00457763671875,-103.823486328125,-104.546630859375,-103.71103668212891,-104.29709625244141,-104.28450775146484,-104.14970397949219,-104.40232849121094,0
3.024,-105.40193939208984,-105.25579833984375,-105.84869384765625,-105.19786071777344,-105.5618896484375,-105.62558746337891,-105.51603698730469,-105.80313873291016,0
3.028,-102.32920074462891,-102.27736663818359,-102.78239440917969,-102.26316833496094,-102.45133209228516,-102.62786865234375,-102.50437164306641,-102.79825592041016,0
3.032,-101.31766510009766,-101.36148834228516,-101.79886627197266,-101.35410308837891,-101.48606872558594,-101.75883483886719,-101.56998443603516,-101.82505798339844,0
3.036,-102.85245513916016,-102.92828369140625,-103.30387115478516,-102.85079193115234,-103.06523132324219,-103.37833404541016,-103.12200927734375,-103.28288269042969,0
3.04,-101.63651275634766,-101.6453857421875,-102.05827331542969,-101.46494293212891,-101.87686920166016,-102.13631439208984,-101.8311767578125,-101.93845367431641,0
3.044,-103.23004150390625,-103.127685546875,-103.74212646484375,-102.9132080078125,-103.53971862792969,-103.68087005615234,-103.34372711181641,-103.51120758056641,0
3.048,-101.30812835693359,-101.18132019042969,-102.06777191162109,-100.97682952880859,-101.73344421386719,-101.80985260009766,-101.44969177246094,-101.71159362792969,0
3.052,-101.82932281494141,-101.80059814453125,-102.85935974121094,-101.59881591796875,-102.36485290527344,-102.47587585449219,-102.08477783203125,-102.39638519287109,0
3.056,-104.05417633056641,-104.13804626464844,-105.21077728271484,-103.93662261962891,-104.64463806152344,-104.82421875,-104.39443206787109,-104.70455169677734,0
3.06,-102.46317291259766,-102.58591461181641,-103.60797119140625,-102.388427734375,-103.05350494384766,-103.28121185302734,-102.78139495849609,-103.09332275390625,0
3.064,-103.37052154541016,-103.46012115478516,-104.41397857666016,-103.25301361083984,-103.91752624511719,-104.18582916259766,-103.57857513427734,-103.91042327880859,0
3.068,-100.59000396728516,-100.62992858886719,-101.4921875,-100.39821624755859,-101.06828308105469,-101.36869812011719,-100.69725036621094,-101.00421142578125,0
3.072,-100.37156677246094,-100.40584564208984,-101.18961334228516,-100.16330718994141,-100.761962890625,-101.06121826171875,-100.42668151855469,-100.6751708984375,0
3.076,-102.35459899902344,-102.44134521484375,-103.16721343994141,-102.18996429443359,-102.62046813964844,-102.89095306396484,-102.38722991943359,-102.57994079589844,0
3.08,-100.9844970703125,-101.11887359619141,-101.82542419433594,-100.870361328125,-101.11882019042969,-101.37870025634766,-101.02817535400391,-101.16451263427734,0
3.084,-102.61546325683594,-102.7177734375,-103.45413970947266,-102.50203704833984,-102.6495361328125,-102.95267486572266,-102.65047454833984,-102.78878021240234,0
3.088,-100.348876953125,-100.36342620849609,-101.14323425292969,-100.1787109375,-100.33199310302734,-100.71518707275391,-100.32706451416016,-100.56040954589844,0
3.092,-100.20050048828125,-100.09788513183594,-100.90634918212891,-99.94073486328125,-100.19000244140625,-100.66196441650391,-100.12113189697266,-100.4827880859375,0
3.096,-102.47347259521484,-102.2373046875,-103.03969573974609,-102.10903167724609,-102.52883148193359,-103.01824951171875,-102.36679840087891,-102.80419921875,0
3.1,-101.422607421875,-101.13433837890625,-101.881103515625,-100.99886322021484,-101.60527038574219,-101.99381256103516,-101.357421875,-101.76517486572266,0
3.104,-102.93355560302734,-102.68865966796875,-103.34471130371094,-102.4840087890625,-103.21478271484375,-103.49936676025391,-102.95098876953125,-103.24485015869141,0
3.108,-100.03232574462891,-99.841110229492188,-100.39682769775391,-99.525306701660156,-100.26894378662109,-100.54185485839844,-100.07633972167969,-100.24212646484375,0
3.112,-99.0457763671875,-98.9010009765625,-99.3187255859375,-98.492660522460938,-99.121421813964844,-99.476646423339844,-99.023727416992188,-99.126449584960938,0
3.116,-100.50606536865234,-100.43105316162109,-100.69014739990234,-99.966514587402344,-100.4434814453125,-100.92441558837891,-100.39384460449219,-100.49691009521484,0
3.12,-98.59716796875,-98.607345581054688,-98.78656005859375,-98.088134765625,-98.527999877929688,-99.086753845214844,-98.468673706054688,-98.529945373535156,0
3.124,-99.405906677246094,-99.451271057128906,-99.660301208496094,-98.904647827148438,-99.421798706054688,-99.99969482421875,-99.305099487304688,-99.267845153808594,0
3.128,-96.181442260742188,-96.195541381835938,-96.4735107421875,-95.69976806640625,-96.263633728027344,-96.838706970214844,-96.093002319335938,-96.002853393554688,0
3.132,-95.5821533203125,-95.52783203125,-95.8236083984375,-95.14056396484375,-95.613327026367188,-96.174598693847656,-95.48443603515625,-95.413307189941406,0
3.136,-98.000244140625,-97.883277893066406,-98.140098571777344,-97.580345153808594,-97.8905029296875,-98.4381103515625,-97.886024475097656,-97.869674682617188,0
3.14,-97.085670471191406,-96.937545776367188,-97.208663940429688,-96.681076049804688,-96.904502868652344,-97.458824157714844,-96.992408752441406,-97.0494384765625,0
3.144,-98.816932678222656,-98.651451110839844,-99.041297912597656,-98.44769287109375,-98.679298400878906,-99.244552612304688,-98.780441284179688,-98.883773803710938,0
3.148,-95.899459838867188,-95.71258544921875,-96.256752014160156,-95.560279846191406,-95.850265502929688,-96.353782653808594,-95.889427185058594,-95.994422912597656,0
3.152,-94.89288330078125,-94.650619506835938,-95.297157287597656,-94.55267333984375,-94.8924560546875,-95.287338256835938,-94.812110900878906,-94.910011291503906,0
3.156,-97.092941284179688,-96.811790466308594,-97.424537658691406,-96.772544860839844,-97.069358825683594,-97.3956298828125,-96.880653381347656,-96.984298706054688,0
3.16,-96.314720153808594,-96.0755615234375,-96.532676696777344,-96.041770935058594,-96.218429565429688,-96.497314453125,-95.994773864746094,-96.121444702148438,0
3.164,-98.088356018066406,-97.927101135253906,-98.219261169433594,-97.84014892578125,-97.881492614746094,-98.1424560546875,-97.723182678222656,-97.864784240722656,0
3.168,-95.073715209960938,-94.957252502441406,-95.179916381835938,-94.867271423339844,-94.791282653808594,-95.0870361328125,-94.774147033691406,-94.879310607910156,0
3.172,-94.129600524902344,-93.998802185058594,-94.296104431152344,-94.008201599121094,-93.862060546875,-94.17401123046875,-93.995079040527344,-94.011863708496094,0
3.176,-96.388206481933594,-96.210411071777344,-96.658004760742188,-96.356124877929688,-96.171546936035156,-96.437057495117188,-96.382408142089844,-96.34637451171875,0
3.18,-95.37908935546875,-95.147666931152344,-95.7264404296875,-95.429039001464844,-95.216575622558594,-95.409164428710938,-95.402023315429688,-95.405860900878906,0
3.184,-97.259445190429688,-96.954627990722656,-97.620201110839844,-97.334754943847656,-97.1298828125,-97.251815795898438,-97.262863159179688,-97.311424255371094,0
3.188,-94.87957763671875,-94.477561950683594,-95.183395385742188,-94.882118225097656,-94.735816955566406,-94.795936584472656,-94.82684326171875,-94.876708984375,0
3.192,-94.398544311523438,-93.953529357910156,-94.608749389648438,-94.317428588867188,-94.240318298339844,-94.273605346679688,-94.271385192871094,-94.326522827148438,0
3.196,-96.4698486328125,-96.077369689941406,-96.619346618652344,-96.413291931152344,-96.346824645996094,-96.408409118652344,-96.333175659179688,-96.37860107421875,0
3.2,-94.884910583496094,-94.53839111328125,-95.051010131835938,-94.952316284179688,-94.82830810546875,-94.955429077148438,-94.83245849609375,-94.84747314453125,0
3.204,-96.535911560058594,-96.198524475097656,-96.757591247558594,-96.728736877441406,-96.535263061523438,-96.759483337402344,-96.627601623535156,-96.640853881835938,0
3.208,-94.167640686035156,-93.895919799804688,-94.439697265625,-94.447288513183594,-94.218063354492188,-94.550216674804688,-94.438560485839844,-94.474838256835938,0
3.212,-93.548194885253906,-93.41754150390625,-93.853759765625,-93.832069396972656,-93.619468688964844,-94.018699645996094,-93.961288452148438,-94.00994873046875,0
3.216,-95.540939331054688,-95.543746948242188,-95.8287353515625,-95.705467224121094,-95.580833435058594,-95.982406616210938,-95.972801208496094,-96.01910400390625,0
3.22,-94.201583862304688,-94.223129272460938,-94.404830932617188,-94.186935424804688,-94.202171325683594,-94.57513427734375,-94.527198791503906,-94.58251953125,0
3.224,-96.43621826171875,-96.316390991210938,-96.536178588867188,-96.272682189941406,-96.424606323242188,-96.760459899902344,-96.6142578125,-96.665634155273438,0
3.228,-94.578651428222656,-94.277442932128906,-94.659385681152344,-94.362144470214844,-94.618637084960938,-94.8790283203125,-94.673812866210938,-94.6715087890625,0
3.232,-94.347518920898438,-93.970191955566406,-94.540245056152344,-94.176246643066406,-94.491905212402344,-94.665267944335938,-94.465576171875,-94.372848510742188,0
3.236,-96.587257385253906,-96.210128784179688,-96.91162109375,-96.444625854492188,-96.799354553222656,-96.934371948242188,-96.76116943359375,-96.59954833984375,0
3.24,-94.809242248535156,-94.41253662109375,-95.154541015625,-94.588844299316406,-94.968421936035156,-95.153175354003906,-94.958114624023438,-94.864707946777344,0
3.244,-96.034934997558594,-95.57769775390625,-96.275169372558594,-95.685569763183594,-96.052024841308594,-96.355506896972656,-96.095809936523438,-96.160484313964844,0
3.248,-93.022377014160156,-92.484107971191406,-93.113014221191406,-92.582984924316406,-92.912696838378906,-93.310630798339844,-93.038536071777344,-93.157676696777344,0
3.252,-92.02777099609375,-91.445518493652344,-92.017005920410156,-91.56829833984375,-91.850730895996094,-92.260353088378906,-92.043128967285156,-92.114784240722656,0
3.256,-94.491539001464844,-93.944313049316406,-94.438377380371094,-94.044517517089844,-94.307090759277344,-94.6605224609375,-94.496566772460938,-94.505653381347656,0
3.26,-93.542091369628906,-93.066818237304688,-93.4425048828125,-93.083518981933594,-93.369728088378906,-93.654258728027344,-93.537803649902344,-93.48675537109375,0
3.264,-95.574058532714844,-95.157394409179688,-95.403793334960938,-95.052879333496094,-95.372215270996094,-95.626510620117188,-95.55859375,-95.501304626464844,0
3.268,-92.937728881835938,-92.556602478027344,-92.731674194335938,-92.348922729492188,-92.685531616210938,-92.944992065429688,-92.914474487304688,-92.892173767089844,0
3.272,-91.701072692871094,-91.354820251464844,-91.549339294433594,-91.142807006835938,-91.43408203125,-91.711280822753906,-91.756637573242188,-91.712867736816406,0
3.276,-93.490036010742188,-93.188758850097656,-93.463424682617188,-93.027976989746094,-93.272506713867188,-93.54931640625,-93.674118041992188,-93.548316955566406,0
3.28,-91.655921936035156,-91.391098022460938,-91.744895935058594,-91.2508544921875,-91.506874084472656,-91.768775939941406,-91.858200073242188,-91.662353515625,0
3.284,-93.032447814941406,-92.807151794433594,-93.166854858398438,-92.68560791015625,-92.885475158691406,-93.168235778808594,-93.1392822265625,-92.916908264160156,0
3.288,-90.347091674804688,-90.163963317871094,-90.42803955078125,-90.09368896484375,-90.17303466796875,-90.463539123535156,-90.346961975097656,-90.134361267089844,0
3.292,-89.714317321777344,-89.53564453125,-89.667648315429688,-89.532875061035156,-89.562789916992188,-89.806434631347656,-89.651588439941406,-89.4630126953125,0
3.296,-92.2420654296875,-92.047889709472656,-92.111915588378906,-92.122901916503906,-92.171188354492188,-92.37548828125,-92.22454833984375,-92.05438232421875,0
3.3,-90.731712341308594,-90.55908203125,-90.640419006347656,-90.706893920898438,-90.771278381347656,-90.962806701660156,-90.85406494140625,-90.724891662597656,0
3.304,-92.338241577148438,-92.211654663085938,-92.329200744628906,-92.380897521972656,-92.426132202148438,-92.64776611328125,-92.530685424804688,-92.497604370117188,0
3.308,-89.961647033691406,-89.843345642089844,-89.97802734375,-89.976425170898438,-89.957115173339844,-90.25848388671875,-90.053939819335938,-90.123329162597656,0
3.312,-89.474647521972656,-89.319725036621094,-89.471908569335938,-89.439743041992188,-89.30096435546875,-89.6802978515625,-89.41680908203125,-89.536361694335938,0
3.316,-92.039466857910156,-91.812606811523438,-91.97845458984375,-91.960372924804688,-91.729476928710938,-92.137107849121094,-91.903297424316406,-92.002281188964844,0
3.32,-90.582054138183594,-90.270240783691406,-90.403427124023438,-90.398765563964844,-90.231407165527344,-90.573204040527344,-90.466697692871094,-90.446861267089844,0
3.324,-92.236167907714844,-91.893394470214844,-91.977500915527344,-91.927169799804688,-91.947486877441406,-92.162155151367188,-92.237289428710938,-92.03778076171875,0
3.328,-89.754432678222656,-89.408897399902344,-89.49774169921875,-89.32269287109375,-89.5601806640625,-89.667518615722656,-89.833702087402344,-89.526351928710938,0
3.332,-89.239707946777344,-88.845443725585938,-88.974594116210938,-88.689315795898438,-89.0948486328125,-89.148948669433594,-89.247703552246094,-88.97760009765625,0
3.336,-91.962158203125,-91.507423400878906,-91.688339233398438,-91.3909912109375,-91.811134338378906,-91.876502990722656,-91.840843200683594,-91.702865600585938,0
3.34,-90.37664794921875,-89.91259765625,-90.1715087890625,-89.926109313964844,-90.22845458984375,-90.329689025878906,-90.214942932128906,-90.201744079589844,0
3.344,-91.627098083496094,-91.180870056152344,-91.526023864746094,-91.351173400878906,-91.528892517089844,-91.65362548828125,-91.513343811035156,-91.588279724121094,0
3.348,-88.50299072265625,-88.028221130371094,-88.450340270996094,-88.344276428222656,-88.474105834960938,-88.609848022460938,-88.403060913085938,-88.5860595703125,0
3.352,-87.04144287109375,-86.508872985839844,-86.98358154296875,-86.962059020996094,-87.105812072753906,-87.226844787597656,-86.912696838378906,-87.196434020996094,0
3.356,-88.941024780273438,-88.427169799804688,-88.88946533203125,-89.001510620117188,-89.090744018554688,-89.200218200683594,-88.8338623046875,-89.103500366210938,0
3.36,-87.120285034179688,-86.7166748046875,-87.101058959960938,-87.357383728027344,-87.2794189453125,-87.408363342285156,-87.10247802734375,-87.25384521484375,0
3.364,-89.059730529785156,-88.78240966796875,-89.09112548828125,-89.40582275390625,-89.192909240722656,-89.3258056640625,-89.145248413085938,-89.203697204589844,0
3.368,-87.320541381835938,-87.154586791992188,-87.437973022460938,-87.656959533691406,-87.441856384277344,-87.559837341308594,-87.47088623046875,-87.529624938964844,0
3.372,-87.378334045410156,-87.342247009277344,-87.610755920410156,-87.631431579589844,-87.512779235839844,-87.624801635742188,-87.560020446777344,-87.710243225097656,0
3.376,-90.312118530273438,-90.378700256347656,-90.63214111328125,-90.445358276367188,-90.470909118652344,-90.562545776367188,-90.516868591308594,-90.792076110839844,0
3.38,-88.588218688964844,-88.61798095703125,-88.865585327148438,-88.532455444335938,-88.68231201171875,-88.757041931152344,-88.7784423828125,-89.092453002929688,0
3.384,-90.039718627929688,-89.927536010742188,-90.133766174316406,-89.794105529785156,-89.975204467773438,-90.090805053710938,-90.162940979003906,-90.383018493652344,0
3.388,-87.32098388671875,-87.08050537109375,-87.2305908203125,-87.036903381347656,-87.135902404785156,-87.352027893066406,-87.366867065429688,-87.412635803222656,0
3.392,-86.008407592773438,-85.682960510253906,-85.833778381347656,-85.825767517089844,-85.793258666992188,-86.127830505371094,-85.988243103027344,-85.865707397460938,0
3.396,-87.828407287597656,-87.42218017578125,-87.659690856933594,-87.752487182617188,-87.674964904785156,-88.05511474609375,-87.775123596191406,-87.537277221679688,0
3.4,-85.27752685546875,-84.829635620117188,-85.186729431152344,-85.312843322753906,-85.260726928710938,-85.592506408691406,-85.243408203125,-84.953659057617188,0
3.404,-86.080833435058594,-85.678817749023438,-86.089378356933594,-86.230064392089844,-86.196189880371094,-86.451332092285156,-86.072425842285156,-85.8079833984375,0
3.408,-83.340316772460938,-83.019577026367188,-83.386337280273438,-83.509727478027344,-83.531005859375,-83.705001831054688,-83.332687377929688,-83.15869140625,0
3.412,-83.300880432128906,-83.036293029785156,-83.315773010253906,-83.3836669921875,-83.463966369628906,-83.6048583984375,-83.252159118652344,-83.228492736816406,0
3.416,-87.302490234375,-87.06817626953125,-87.263572692871094,-87.225303649902344,-87.345130920410156,-87.5020751953125,-87.159996032714844,-87.295265197753906,0
3.42,-86.402305603027344,-86.17352294921875,-86.299354553222656,-86.15155029296875,-86.33673095703125,-86.478317260742188,-86.163429260253906,-86.362899780273438,0
3.424,-88.002464294433594,-87.714950561523438,-87.83001708984375,-87.648094177246094,-87.889205932617188,-87.983444213867188,-87.727806091308594,-87.828781127929688,0
3.428,-85.588890075683594,-85.183937072753906,-85.337913513183594,-85.226280212402344,-85.44305419921875,-85.518112182617188,-85.33392333984375,-85.217018127441406,0
3.432,-85.14166259765625,-84.648658752441406,-84.791587829589844,-84.836387634277344,-84.973434448242188,-85.064193725585938,-84.936141967773438,-84.619361877441406,0
3.436,-88.005783081054688,-87.506027221679688,-87.607337951660156,-87.73919677734375,-87.896873474121094,-87.965003967285156,-87.848960876464844,-87.476966857910156,0
3.44,-86.061264038085938,-85.61639404296875,-85.728866577148438,-85.784912109375,-86.107460021972656,-86.08245849609375,-85.893112182617188,-85.657020568847656,0
3.444,-87.291549682617188,-86.917579650878906,-87.073532104492188,-86.97955322265625,-87.485595703125,-87.361961364746094,-87.059982299804688,-87.0308837890625,0
3.448,-84.657249450683594,-84.344398498535156,-84.487220764160156,-84.252037048339844,-84.898681640625,-84.73089599609375,-84.358360290527344,-84.481834411621094,0
3.452,-83.972557067871094,-83.704696655273438,-83.70513916015625,-83.41796875,-84.147178649902344,-84.020774841308594,-83.600730895996094,-83.816429138183594,0
3.456,-87.2327880859375,-86.92578125,-86.725814819335938,-86.498947143554688,-87.216392517089844,-87.194618225097656,-86.745338439941406,-86.99688720703125,0
3.46,-86.00775146484375,-85.616477966308594,-85.277122497558594,-85.179283142089844,-85.792091369628906,-85.84490966796875,-85.3936767578125,-85.653953552246094,0
3.464,-87.560829162597656,-87.175575256347656,-86.790145874023438,-86.857398986816406,-87.293502807617188,-87.372848510742188,-86.883766174316406,-87.143714904785156,0
3.468,-84.833396911621094,-84.531333923339844,-84.192367553710938,-84.376792907714844,-84.625534057617188,-84.715614318847656,-84.200157165527344,-84.397850036621094,0
3.472,-83.805137634277344,-83.604415893554688,-83.355514526367188,-83.558509826660156,-83.695457458496094,-83.752426147460938,-83.3125,-83.389869689941406,0
3.476,-86.162887573242188,-86.064193725585938,-85.881332397460938,-86.03997802734375,-86.176231384277344,-86.1773681640625,-85.81744384765625,-85.820846557617188,0
3.48,-83.556015014648438,-83.562110900878906,-83.372215270996094,-83.456398010253906,-83.680953979492188,-83.67059326171875,-83.322227478027344,-83.316200256347656,0
3.484,-84.381103515625,-84.49542236328125,-84.229598999023438,-84.214256286621094,-84.552894592285156,-84.564247131347656,-84.238914489746094,-84.23297119140625,0
3.488,-81.775672912597656,-81.927230834960938,-81.608238220214844,-81.466171264648438,-81.902206420898438,-81.906578063964844,-81.638534545898438,-81.683494567871094,0
3.492,-81.024696350097656,-81.11187744140625,-80.763671875,-80.564918518066406,-81.025108337402344,-80.993309020996094,-80.74493408203125,-80.928451538085938,0
3.496,-83.904014587402344,-83.930335998535156,-83.494552612304688,-83.373756408691406,-83.77984619140625,-83.725486755371094,-83.447593688964844,-83.770912170410156,0
3.5,-82.1412353515625,-82.210044860839844,-81.629379272460938,-81.666488647460938,-81.958724975585938,-81.914962768554688,-81.626853942871094,-81.976486206054688,0
3.504,-83.787254333496094,-83.951828002929688,-83.234840393066406,-83.476463317871094,-83.541343688964844,-83.57244873046875,-83.3369140625,-83.582359313964844,0
3.508,-81.620155334472656,-81.829795837402344,-81.050399780273438,-81.4412841796875,-81.272811889648438,-81.408309936523438,-81.27825927734375,-81.373046875,0
3.512,-80.701377868652344,-80.917259216308594,-80.152626037597656,-80.556312561035156,-80.29071044921875,-80.481346130371094,-80.466896057128906,-80.461830139160156,0
3.516,-82.828475952148438,-83.018356323242188,-82.352210998535156,-82.692298889160156,-82.404220581054688,-82.620590209960938,-82.67926025390625,-82.652206420898438,0
3.52,-80.108139038085938,-80.222816467285156,-79.715576171875,-79.964515686035156,-79.687767028808594,-79.928916931152344,-79.995689392089844,-79.98101806640625,0
3.524,-81.359947204589844,-81.399459838867188,-80.9993896484375,-81.163558959960938,-80.966163635253906,-81.2125244140625,-81.237098693847656,-81.236434936523438,0
3.528,-79.517738342285156,-79.526527404785156,-79.154151916503906,-79.292808532714844,-79.217689514160156,-79.412155151367188,-79.404457092285156,-79.378280639648438,0
3.532,-79.521507263183594,-79.524818420410156,-79.191444396972656,-79.357200622558594,-79.358375549316406,-79.47998046875,-79.489463806152344,-79.369613647460938,0
3.536,-83.147666931152344,-83.110755920410156,-82.876914978027344,-83.048751831054688,-83.04412841796875,-83.153732299804688,-83.198631286621094,-83.005821228027344,0
3.54,-81.637611389160156,-81.532211303710938,-81.401611328125,-81.531578063964844,-81.493797302246094,-81.630104064941406,-81.696266174316406,-81.550521850585938,0
3.544,-83.133644104003906,-82.975265502929688,-82.915687561035156,-82.964889526367188,-82.906761169433594,-83.086044311523438,-83.148887634277344,-83.168800354003906,0
3.548,-80.868881225585938,-80.66839599609375,-80.665817260742188,-80.593788146972656,-80.562911987304688,-80.765869140625,-80.833946228027344,-81.038619995117188,0
3.552,-80.304420471191406,-80.062950134277344,-80.11309814453125,-79.93829345703125,-79.9677734375,-80.131996154785156,-80.225425720214844,-80.513290405273438,0
3.556,-83.509811401367188,-83.223678588867188,-83.350997924804688,-83.117271423339844,-83.169960021972656,-83.33160400390625,-83.387672424316406,-83.650489807128906,0
3.56,-81.720382690429688,-81.383323669433594,-81.57366943359375,-81.328208923339844,-81.37017822265625,-81.618751525878906,-81.566246032714844,-81.72607421875,0
3.564,-83.100425720214844,-82.71002197265625,-82.874267578125,-82.691329956054688,-82.731422424316406,-83.048934936523438,-82.928810119628906,-82.930137634277344,0
3.568,-80.611190795898438,-80.207626342773438,-80.274208068847656,-80.188095092773438,-80.252182006835938,-80.517318725585938,-80.443275451660156,-80.320533752441406,0
3.572,-79.482711791992188,-79.190719604492188,-79.135475158691406,-79.16064453125,-79.257247924804688,-79.355552673339844,-79.425621032714844,-79.24578857421875,0
3.576,-82.343551635742188,-82.235801696777344,-82.102645874023438,-82.197898864746094,-82.296974182128906,-82.231056213378906,-82.481773376464844,-82.243453979492188,0
3.58,-80.775718688964844,-80.747177124023438,-80.638290405273438,-80.682777404785156,-80.756431579589844,-80.619850158691406,-80.991661071777344,-80.699813842773438,0
3.584,-82.6602783203125,-82.534591674804688,-82.525901794433594,-82.449569702148438,-82.519996643066406,-82.3817138671875,-82.754074096679688,-82.4664306640625,0
3.588,-80.630882263183594,-80.317611694335938,-80.408241271972656,-80.22296142578125,-80.328102111816406,-80.191688537597656,-80.505577087402344,-80.254867553710938,0
3.592,-79.834983825683594,-79.398231506347656,-79.501487731933594,-79.299720764160156,-79.387489318847656,-79.266395568847656,-79.530921936035156,-79.303085327148438,0
3.596,-82.784912109375,-82.382469177246094,-82.376014709472656,-82.305282592773438,-82.27056884765625,-82.2083740234375,-82.403663635253906,-82.19512939453125,0
3.6,-80.777732849121094,-80.538291931152344,-80.373924255371094,-80.505104064941406,-80.365089416503906,-80.339096069335938,-80.417808532714844,-80.279037475585938,0
3.604,-82.030555725097656,-81.964439392089844,-81.712142944335938,-81.980087280273438,-81.825485229492188,-81.828781127929688,-81.786544799804688,-81.743385314941406,0
3.608,-79.731544494628906,-79.772262573242188,-79.5159912109375,-79.80413818359375,-79.655784606933594,-79.768714904785156,-79.649826049804688,-79.63189697265625,0
3.612,-79.005943298339844,-79.097557067871094,-78.87347412109375,-79.110069274902344,-78.931602478027344,-79.185523986816406,-79.050827026367188,-78.9566650390625,0
3.616,-81.897605895996094,-82.00299072265625,-81.83447265625,-82.003807067871094,-81.769210815429688,-82.106056213378906,-82.016281127929688,-81.79412841796875,0
3.62,-79.298423767089844,-79.440536499023438,-79.28497314453125,-79.442123413085938,-79.155113220214844,-79.495643615722656,-79.486328125,-79.192420959472656,0
3.624,-79.77703857421875,-80.002182006835938,-79.78802490234375,-80.024742126464844,-79.687538146972656,-79.9715576171875,-80.019371032714844,-79.77337646484375,0
3.628,-76.79425048828125,-77.090194702148438,-76.819862365722656,-77.118202209472656,-76.809799194335938,-76.998031616210938,-77.029830932617188,-76.89739990234375,0
3.632,-75.626869201660156,-75.949813842773438,-75.639320373535156,-75.891761779785156,-75.766441345214844,-75.85009765625,-75.808273315429688,-75.747848510742188,0
3.636,-78.644515991210938,-78.946762084960938,-78.6041259765625,-78.777572631835938,-78.866844177246094,-78.866127014160156,-78.750221252441406,-78.661521911621094,0
3.64,-76.516761779785156,-76.738441467285156,-76.409996032714844,-76.549522399902344,-76.723289489746094,-76.649658203125,-76.5284423828125,-76.371864318847656,0
3.644,-77.741127014160156,-77.816017150878906,-77.568649291992188,-77.699745178222656,-77.830101013183594,-77.673667907714844,-77.663978576660156,-77.441368103027344,0
3.648,-75.701988220214844,-75.637428283691406,-75.493064880371094,-75.59356689453125,-75.666893005371094,-75.449378967285156,-75.586952209472656,-75.306373596191406,0
3.652,-75.300827026367188,-75.168319702148438,-75.097816467285156,-75.146835327148438,-75.203170776367188,-75.022201538085938,-75.199691772460938,-74.9293212890625,0
3.656,-78.86798095703125,-78.705612182617188,-78.715927124023438,-78.717811584472656,-78.76995849609375,-78.68511962890625,-78.798263549804688,-78.585914611816406,0
3.66,-76.9344482421875,-76.770797729492188,-76.908187866210938,-76.858360290527344,-76.918563842773438,-76.885948181152344,-76.914535522460938,-76.717140197753906,0
3.664,-77.957130432128906,-77.808349609375,-78.077613830566406,-77.986045837402344,-78.039962768554688,-78.054725646972656,-77.989364624023438,-77.802223205566406,0
3.668,-75.564369201660156,-75.411376953125,-75.773056030273438,-75.677894592285156,-75.656028747558594,-75.763107299804688,-75.594482421875,-75.523277282714844,0
3.672,-74.709571838378906,-74.578224182128906,-74.963523864746094,-74.913780212402344,-74.766197204589844,-74.930198669433594,-74.709022521972656,-74.822776794433594,0
3.676,-77.965438842773438,-77.891769409179688,-78.219833374023438,-78.243515014648438,-77.979148864746094,-78.13629150390625,-77.958580017089844,-78.200363159179688,0
3.68,-76.422164916992188,-76.362716674804688,-76.602439880371094,-76.65814208984375,-76.329078674316406,-76.51727294921875,-76.427101135253906,-76.683982849121094,0
3.684,-78.79681396484375,-78.722694396972656,-78.85943603515625,-78.914710998535156,-78.579086303710938,-78.880226135253906,-78.815780639648438,-79.000648498535156,0
3.688,-77.874732971191406,-77.828453063964844,-77.853538513183594,-77.905075073242188,-77.5911865234375,-78.017295837402344,-77.907569885253906,-77.999366760253906,0
3.692,-77.510963439941406,-77.505111694335938,-77.482765197753906,-77.494544982910156,-77.217689514160156,-77.683761596679688,-77.557273864746094,-77.596412658691406,0
3.696,-80.231788635253906,-80.2332763671875,-80.249351501464844,-80.1942138671875,-80.007041931152344,-80.345375061035156,-80.282005310058594,-80.331954956054688,0
3.7,-77.453048706054688,-77.408302307128906,-77.4840087890625,-77.419273376464844,-77.3397216796875,-77.440086364746094,-77.490829467773438,-77.584815979003906,0
3.704,-78.22552490234375,-78.063644409179688,-78.169822692871094,-78.180763244628906,-78.164527893066406,-78.087074279785156,-78.232521057128906,-78.353683471679688,0
3.708,-75.8494873046875,-75.555931091308594,-75.667198181152344,-75.7379150390625,-75.77960205078125,-75.661788940429688,-75.812118530273438,-75.930038452148438,0
3.712,-74.596481323242188,-74.246383666992188,-74.3565673828125,-74.446029663085938,-74.500022888183594,-74.483665466308594,-74.533309936523438,-74.661170959472656,0
3.716,-77.029708862304688,-76.720375061035156,-76.865562438964844,-76.963584899902344,-76.902870178222656,-77.102294921875,-77.009864807128906,-77.169845581054688,0
3.72,-74.180709838867188,-73.952064514160156,-74.168861389160156,-74.242660522460938,-74.002174377441406,-74.398597717285156,-74.240341186523438,-74.390357971191406,0
3.724,-74.870933532714844,-74.71185302734375,-74.94268798828125,-74.989646911621094,-74.63116455078125,-75.0758056640625,-74.999244689941406,-75.038673400878906,0
3.728,-72.438575744628906,-72.324562072753906,-72.525146484375,-72.611183166503906,-72.241928100585938,-72.565353393554688,-72.670433044433594,-72.517807006835938,0
3.732,-71.382675170898438,-71.27374267578125,-71.475021362304688,-71.686546325683594,-71.362754821777344,-71.460739135742188,-71.72650146484375,-71.405982971191406,0
3.736,-74.492538452148438,-74.334922790527344,-74.54376220703125,-74.853256225585938,-74.602218627929688,-74.526466369628906,-74.855506896972656,-74.4541015625,0
3.74,-72.423362731933594,-72.236618041992188,-72.430038452148438,-72.726768493652344,-72.5439453125,-72.453880310058594,-72.738380432128906,-72.374473571777344,0
3.744,-73.627342224121094,-73.521812438964844,-73.650619506835938,-73.925155639648438,-73.742919921875,-73.738914489746094,-73.893760681152344,-73.706199645996094,0
3.748,-71.370895385742188,-71.39239501953125,-71.430831909179688,-71.726547241210938,-71.450294494628906,-71.570480346679688,-71.586524963378906,-71.580406188964844,0
3.752,-70.368881225585938,-70.441757202148438,-70.445289611816406,-70.78485107421875,-70.3463134765625,-70.603904724121094,-70.540077209472656,-70.59588623046875,0
3.756,-73.885360717773438,-73.910484313964844,-73.935592651367188,-74.336097717285156,-73.791183471679688,-74.111351013183594,-74.031837463378906,-74.088417053222656,0
3.76,-72.226707458496094,-72.149070739746094,-72.248741149902344,-72.67120361328125,-72.145835876464844,-72.439437866210938,-72.422462463378906,-72.42169189453125,0
3.764,-73.418540954589844,-73.254806518554688,-73.471595764160156,-73.826522827148438,-73.35491943359375,-73.609657287597656,-73.742530822753906,-73.615882873535156,0
3.768,-71.090126037597656,-70.907958984375,-71.196388244628906,-71.415306091308594,-70.972145080566406,-71.204566955566406,-71.472885131835938,-71.300086975097656,0
3.772,-70.2369384765625,-70.076522827148438,-70.358871459960938,-70.461036682128906,-70.035789489746094,-70.264503479003906,-70.533287048339844,-70.443283081054688,0
3.776,-74.035987854003906,-73.912330627441406,-74.121749877929688,-74.175010681152344,-73.770553588867188,-74.007980346679688,-74.16790771484375,-74.172645568847656,0
3.78,-72.775291442871094,-72.705123901367188,-72.7744140625,-72.86468505859375,-72.4791259765625,-72.701454162597656,-72.71087646484375,-72.811134338378906,0
3.784,-74.636703491210938,-74.648475646972656,-74.584396362304688,-74.821083068847656,-74.444725036621094,-74.603843688964844,-74.440147399902344,-74.665512084960938,0
3.788,-72.759849548339844,-72.868736267089844,-72.775047302246094,-73.173583984375,-72.802574157714844,-72.905906677246094,-72.607826232910156,-72.900634765625,0
3.792,-71.643028259277344,-71.808815002441406,-71.748802185058594,-72.222999572753906,-71.862831115722656,-71.960548400878906,-71.655029296875,-71.91961669921875,0
3.796,-75.134910583496094,-75.30389404296875,-75.22998046875,-75.676490783691406,-75.364707946777344,-75.46466064453125,-75.289894104003906,-75.450584411621094,0
3.8,-73.817710876464844,-73.9560546875,-73.838279724121094,-74.153831481933594,-73.924781799316406,-74.007919311523438,-74.018821716308594,-74.028915405273438,0
3.804,-75.442161560058594,-75.511276245117188,-75.424964904785156,-75.52001953125,-75.385971069335938,-75.426795959472656,-75.597999572753906,-75.47589111328125,0
3.808,-73.109054565429688,-73.060020446777344,-73.111572265625,-72.966415405273438,-72.943771362304688,-72.941818237304688,-73.207313537597656,-73.016258239746094,0
3.812,-71.349899291992188,-71.174659729003906,-71.386268615722656,-71.109169006347656,-71.1763916015625,-71.155677795410156,-71.464279174804688,-71.281822204589844,0
3.816,-74.00543212890625,-73.738059997558594,-74.0260009765625,-73.782310485839844,-73.891075134277344,-73.817115783691406,-74.178695678710938,-74.047767639160156,0
3.82,-71.958702087402344,-71.6395263671875,-71.903663635253906,-71.800743103027344,-71.9173583984375,-71.728271484375,-72.151657104492188,-72.050010681152344,0
3.824,-73.752403259277344,-73.434715270996094,-73.611328125,-73.6724853515625,-73.77264404296875,-73.488059997558594,-73.910079956054688,-73.787696838378906,0
3.828,-72.62579345703125,-72.357948303222656,-72.402023315429688,-72.585067749023438,-72.658103942871094,-72.357826232910156,-72.682106018066406,-72.533187866210938,0
3.832,-72.170394897460938,-72.012496948242188,-71.876197814941406,-72.115806579589844,-72.171852111816406,-71.89599609375,-72.10009765625,-71.972984313964844,0
3.836,-75.40838623046875,-75.393287658691406,-75.07489013671875,-75.3134765625,-75.4117431640625,-75.150901794433594,-75.315536499023438,-75.194320678710938,0
3.84,-72.81890869140625,-72.8907470703125,-72.480575561523438,-72.684432983398438,-72.878257751464844,-72.632858276367188,-72.816200256347656,-72.622970581054688,0
3.844,-73.3538818359375,-73.461105346679688,-73.07293701171875,-73.268234252929688,-73.49462890625,-73.2852783203125,-73.462013244628906,-73.199928283691406,0
3.848,-70.824485778808594,-70.921913146972656,-70.63153076171875,-70.869728088378906,-71.018104553222656,-70.842208862304688,-70.977584838867188,-70.75128173828125,0
3.852,-68.774192810058594,-68.781051635742188,-68.61468505859375,-68.920066833496094,-68.923828125,-68.794883728027344,-68.863670349121094,-68.753585815429688,0
3.856,-70.629600524902344,-70.517982482910156,-70.467697143554688,-70.824851989746094,-70.697799682617188,-70.671875,-70.644821166992188,-70.62884521484375,0
3.86,-67.334083557128906,-67.148399353027344,-67.19183349609375,-67.559471130371094,-67.36724853515625,-67.479904174804688,-67.319625854492188,-67.36688232421875,0
3.864,-67.71875,-67.478614807128906,-67.579696655273438,-67.929161071777344,-67.7073974609375,-67.9281005859375,-67.646156311035156,-67.746749877929688,0
3.868,-65.726646423339844,-65.455406188964844,-65.5577392578125,-65.866859436035156,-65.637435913085938,-65.892784118652344,-65.582908630371094,-65.668441772460938,0
3.872,-65.407920837402344,-65.170799255371094,-65.222496032714844,-65.498336791992188,-65.239463806152344,-65.493858337402344,-65.214256286621094,-65.220481872558594,0
3.876,-70.103797912597656,-69.91259765625,-69.8985595703125,-70.177291870117188,-69.814476013183594,-70.076454162597656,-69.823951721191406,-69.7696533203125,0
3.88,-69.391319274902344,-69.246437072753906,-69.19012451171875,-69.455612182617188,-68.971702575683594,-69.262535095214844,-69.03790283203125,-68.9808349609375,0
3.884,-70.8348388671875,-70.777755737304688,-70.719406127929688,-70.91839599609375,-70.363609313964844,-70.716407775878906,-70.526046752929688,-70.509178161621094,2
3.888,-68.388023376464844,-68.437767028808594,-68.350791931152344,-68.483078002929688,-67.923240661621094,-68.331382751464844,-68.204208374023438,-68.217857360839844,0
3.892,-66.833839416503906,-66.987899780273438,-66.803627014160156,-66.93682861328125,-66.464523315429688,-66.837936401367188,-66.7894287109375,-66.783897399902344,1
3.896,-70.23492431640625,-70.454246520996094,-70.206764221191406,-70.400146484375,-70.103492736816406,-70.33270263671875,-70.347572326660156,-70.296485900878906,0
3.9,-68.338302612304688,-68.560935974121094,-68.37945556640625,-68.587753295898438,-68.46502685546875,-68.560897827148438,-68.63043212890625,-68.54022216796875,0
3.904,-69.113754272460938,-69.33056640625,-69.276893615722656,-69.410682678222656,-69.394264221191406,-69.46417236328125,-69.551025390625,-69.436805725097656,0
3.908,-66.694686889648438,-66.896446228027344,-66.934066772460938,-66.988853454589844,-66.998497009277344,-67.116317749023438,-67.150070190429688,-67.025779724121094,0
3.912,-65.219467163085938,-65.397254943847656,-65.49169921875,-65.51080322265625,-65.471839904785156,-65.629196166992188,-65.570480346679688,-65.484962463378906,0
3.916,-69.011764526367188,-69.21307373046875,-69.353981018066406,-69.35198974609375,-69.220138549804688,-69.355941772460938,-69.246620178222656,-69.269088745117188,0
3.92,-68.38250732421875,-68.63555908203125,-68.79949951171875,-68.796165466308594,-68.550827026367188,-68.652076721191406,-68.568344116210938,-68.69970703125,0
3.924,-70.644752502441406,-70.945762634277344,-71.076339721679688,-71.117347717285156,-70.789833068847656,-70.87908935546875,-70.849769592285156,-71.039878845214844,0
3.928,-68.765525817871094,-69.11590576171875,-69.185340881347656,-69.28631591796875,-68.951011657714844,-69.021766662597656,-69.04473876953125,-69.232749938964844,0
3.932,-66.632423400878906,-67.008346557617188,-67.031837463378906,-67.169044494628906,-66.883399963378906,-66.9437255859375,-66.990699768066406,-67.11883544921875,0
3.936,-69.4747314453125,-69.87225341796875,-69.858200073242188,-69.985595703125,-69.7789306640625,-69.846656799316406,-69.873252868652344,-69.9215087890625,0
3.94,-68.359947204589844,-68.829322814941406,-68.75067138671875,-68.876869201660156,-68.737449645996094,-68.78680419921875,-68.797996520996094,-68.78875732421875,0
3.944,-70.799362182617188,-71.322410583496094,-71.143905639648438,-71.357894897460938,-71.234115600585938,-71.232765197753906,-71.281967163085938,-71.231773376464844,0
3.948,-68.831092834472656,-69.330772399902344,-69.091941833496094,-69.39068603515625,-69.26287841796875,-69.21051025390625,-69.348899841308594,-69.217247009277344,0
3.952,-65.134178161621094,-65.61236572265625,-65.37432861328125,-65.670272827148438,-65.5614013671875,-65.489120483398438,-65.696456909179688,-65.4808349609375,0
3.956,-66.733924865722656,-67.215126037597656,-66.98309326171875,-67.229248046875,-67.123275756835938,-67.081199645996094,-67.290321350097656,-67.101058959960938,0
3.96,-66.813636779785156,-67.301124572753906,-67.045822143554688,-67.222434997558594,-67.080909729003906,-67.093711853027344,-67.27838134765625,-67.2064208984375,0
3.964,-71.815391540527344,-72.359230041503906,-72.063331604003906,-72.173202514648438,-72.047325134277344,-72.049705505371094,-72.255416870117188,-72.250900268554688,0
3.968,-70.460655212402344,-71.06671142578125,-70.792869567871094,-70.855514526367188,-70.833152770996094,-70.712081909179688,-70.996566772460938,-70.945289611816406,0
3.972,-62.249969482421875,-62.824359893798828,-62.663532257080078,-62.716197967529297,-62.800098419189453,-62.54571533203125,-62.870880126953125,-62.712352752685547,0
3.976,-57.42132568359375,-57.908653259277344,-57.824882507324219,-57.894969940185547,-58.041126251220703,-57.766590118408203,-58.051605224609375,-57.800651550292969,0
3.98,-56.289337158203125,-56.676776885986328,-56.566974639892578,-56.674369812011719,-56.807514190673828,-56.666767120361328,-56.839336395263672,-56.571800231933594,0
3.984,-66.8857421875,-67.11627197265625,-66.994186401367188,-67.153846740722656,-67.19287109375,-67.285629272460938,-67.283058166503906,-67.094223022460938,0
3.988,-74.17816162109375,-74.223068237304688,-74.161598205566406,-74.320480346679688,-74.26446533203125,-74.5516357421875,-74.425643920898438,-74.369911193847656,0
3.992,-72.332931518554688,-72.234298706054688,-72.252647399902344,-72.370460510253906,-72.225196838378906,-72.6121826171875,-72.508956909179688,-72.566917419433594,0
3.996,-67.720237731933594,-67.52374267578125,-67.624290466308594,-67.711097717285156,-67.464683532714844,-67.894142150878906,-67.871864318847656,-67.97906494140625,0
4,-61.440055847167969,-61.208629608154297,-61.361766815185547,-61.420310974121094,-61.148090362548828,-61.549938201904297,-61.528160095214844,-61.650230407714844,0
4.004,-66.223678588867188,-66.081764221191406,-66.196617126464844,-66.238815307617188,-66.004661560058594,-66.3040771484375,-66.237533569335938,-66.382423400878906,0
4.008,-71.1602783203125,-71.1959228515625,-71.220848083496094,-71.2412109375,-71.01446533203125,-71.179527282714844,-71.137435913085938,-71.296241760253906,0
4.012,-70.579452514648438,-70.75750732421875,-70.735328674316406,-70.71868896484375,-70.467979431152344,-70.506332397460938,-70.57403564453125,-70.714073181152344,0
4.016,-68.307479858398438,-68.558311462402344,-68.521522521972656,-68.476051330566406,-68.251319885253906,-68.181396484375,-68.410873413085938,-68.502281188964844,0
4.02,-62.486034393310547,-62.748119354248047,-62.710906982421875,-62.650623321533203,-62.545280456542969,-62.387420654296875,-62.757255554199219,-62.794841766357422,0
4.024,-64.9295654296875,-65.125,-65.1680908203125,-65.096580505371094,-65.1287841796875,-64.9163818359375,-65.321754455566406,-65.337623596191406,0
4.028,-67.28424072265625,-67.361068725585938,-67.551795959472656,-67.438255310058594,-67.530677795410156,-67.365257263183594,-67.662376403808594,-67.681724548339844,0
4.032,-67.095542907714844,-67.0943603515625,-67.33172607421875,-67.1968994140625,-67.246505737304688,-67.255172729492188,-67.329627990722656,-67.336708068847656,0
4.036,-68.182334899902344,-68.20281982421875,-68.286155700683594,-68.24822998046875,-68.204147338867188,-68.3541259765625,-68.229049682617188,-68.202720642089844,0
4.04,-64.898788452148438,-64.961082458496094,-64.845016479492188,-64.941734313964844,-64.833778381347656,-64.969322204589844,-64.7760009765625,-64.705787658691406,0
4.044,-66.551742553710938,-66.622032165527344,-66.400901794433594,-66.541847229003906,-66.47918701171875,-66.457115173339844,-66.319068908691406,-66.202011108398438,0
4.048,-66.821823120117188,-66.936569213867188,-66.657325744628906,-66.773094177246094,-66.884056091308594,-66.600975036621094,-66.60308837890625,-66.455673217773438,0
4.052,-66.196212768554688,-66.415145874023438,-66.070785522460938,-66.184425354003906,-66.497947692871094,-65.963668823242188,-66.097030639648438,-65.949867248535156,0
4.056,-68.65704345703125,-68.971923828125,-68.550949096679688,-68.742454528808594,-69.181869506835938,-68.515380859375,-68.663536071777344,-68.553878784179688,0
4.06,-66.1129150390625,-66.479904174804688,-65.974365234375,-66.2999267578125,-66.732704162597656,-66.093528747558594,-66.15838623046875,-66.096702575683594,0
4.064,-66.3896484375,-66.755210876464844,-66.157691955566406,-66.608863830566406,-66.90008544921875,-66.42962646484375,-66.418174743652344,-66.3638916015625,0
4.068,-64.747787475585938,-65.051437377929688,-64.408302307128906,-64.886558532714844,-65.025657653808594,-64.708663940429688,-64.726036071777344,-64.607589721679688,0
4.072,-64.04083251953125,-64.261581420898438,-63.726207733154297,-64.071189880371094,-64.156837463378906,-63.867420196533203,-63.993949890136719,-63.788776397705078,0
4.076,-68.1473388671875,-68.3258056640625,-68.009033203125,-68.146408081054688,-68.250633239746094,-67.920066833496094,-68.113990783691406,-67.893295288085938,0
4.08,-66.41070556640625,-66.57855224609375,-66.419944763183594,-66.442306518554688,-66.544654846191406,-66.19598388671875,-66.393310546875,-66.2099609375,0
4.084,-65.861915588378906,-66.021530151367188,-65.882736206054688,-65.939186096191406,-65.950523376464844,-65.662391662597656,-65.844589233398438,-65.703269958496094,0
4.088,-63.767364501953125,-63.919780731201172,-63.70159912109375,-63.869903564453125,-63.709861755371094,-63.568756103515625,-63.720378875732422,-63.674671173095703,0
4.092,-64.081199645996094,-64.19378662109375,-63.896190643310547,-64.145614624023438,-63.818714141845703,-63.874767303466797,-63.994792938232422,-64.077560424804688,0
4.096,-69.694992065429688,-69.719688415527344,-69.439453125,-69.6644287109375,-69.271240234375,-69.474098205566406,-69.59344482421875,-69.717872619628906,0
4.1,-68.269187927246094,-68.180892944335938,-68.029281616210938,-68.163124084472656,-67.783973693847656,-67.995712280273438,-68.144920349121094,-68.2425537109375,0
4.104,-66.474105834960938,-66.307579040527344,-66.27313232421875,-66.340133666992188,-66.024826049804688,-66.108566284179688,-66.322547912597656,-66.404685974121094,0
4.108,-63.038665771484375,-62.880485534667969,-62.852142333984375,-62.920207977294922,-62.713653564453125,-62.639934539794922,-62.938282012939453,-62.98016357421875,0
4.112,-63.024986267089844,-62.941692352294922,-62.88873291015625,-63.011241912841797,-62.854167938232422,-62.747673034667969,-63.05780029296875,-63.052112579345703,0
4.116,-69.013900756835938,-69.001304626464844,-68.972084045410156,-69.140419006347656,-68.952232360839844,-68.910873413085938,-69.128746032714844,-69.145469665527344,0
4.12,-67.574607849121094,-67.55194091796875,-67.556503295898438,-67.750083923339844,-67.540267944335938,-67.505516052246094,-67.636192321777344,-67.705062866210938,0
4.124,-64.980201721191406,-64.913658142089844,-64.879783630371094,-65.102462768554688,-64.926963806152344,-64.80999755859375,-64.956275939941406,-65.036033630371094,0
4.128,-60.6121826171875,-60.587821960449219,-60.419788360595703,-60.661155700683594,-60.564464569091797,-60.363391876220703,-60.557903289794922,-60.643878936767578,0
4.132,-60.072437286376953,-60.138599395751953,-59.825397491455078,-60.077655792236328,-60.036113739013672,-59.814960479736328,-60.009784698486328,-60.095417022705078,0
4.136,-66.10198974609375,-66.16741943359375,-65.830543518066406,-66.07427978515625,-66.023658752441406,-65.838233947753906,-66.045372009277344,-66.029624938964844,0
4.14,-65.079673767089844,-65.070152282714844,-64.84912109375,-65.047935485839844,-64.9346923828125,-64.816513061523438,-65.04376220703125,-64.87933349609375,0
4.144,-63.2481689453125,-63.177227020263672,-63.094146728515625,-63.246269226074219,-63.064929962158203,-62.980155944824219,-63.208404541015625,-63.014629364013672,0
4.148,-59.916778564453125,-59.7724609375,-59.793926239013672,-59.941856384277344,-59.745105743408203,-59.579845428466797,-59.850639343261719,-59.749809265136719,0
4.152,-60.242210388183594,-60.015331268310547,-60.131256103515625,-60.323631286621094,-60.125530242919922,-59.824554443359375,-60.141613006591797,-60.187644958496094,0
4.156,-66.951820373535156,-66.731002807617188,-66.905921936035156,-67.106712341308594,-66.902549743652344,-66.534713745117188,-66.82818603515625,-67.009361267089844,0
4.16,-66.13787841796875,-66.045089721679688,-66.22808837890625,-66.353073120117188,-66.146728515625,-65.845138549804688,-66.04833984375,-66.262008666992188,0
4.164,-63.86187744140625,-63.896781921386719,-64.095054626464844,-64.130638122558594,-63.8802490234375,-63.740562438964844,-63.803306579589844,-63.986553192138672,0
4.168,-60.168914794921875,-60.202415466308594,-60.451557159423828,-60.446613311767578,-60.110157012939453,-60.105052947998047,-60.065418243408203,-60.202014923095703,0
4.172,-60.33447265625,-60.253204345703125,-60.56842041015625,-60.59515380859375,-60.178680419921875,-60.197990417480469,-60.179859161376953,-60.257316589355469,0
4.176,-66.839523315429688,-66.601951599121094,-66.987571716308594,-67.058982849121094,-66.645286560058594,-66.580787658691406,-66.656845092773438,-66.728416442871094,0
4.18,-66.010780334472656,-65.647789001464844,-66.099449157714844,-66.123291015625,-65.8321533203125,-65.670204162597656,-65.811851501464844,-65.920639038085938,0
4.184,-63.97674560546875,-63.597282409667969,-64.052345275878906,-63.995502471923828,-63.851318359375,-63.716022491455078,-63.800346374511719,-63.931934356689453,0
4.188,-60.514892578125,-60.206695556640625,-60.574699401855469,-60.526580810546875,-60.443626403808594,-60.440876007080078,-60.36187744140625,-60.47552490234375,0
4.192,-60.71795654296875,-60.49285888671875,-60.774436950683594,-60.785423278808594,-60.677410125732422,-60.767448425292969,-60.601177215576172,-60.633403778076172,0
4.196,-67.275230407714844,-67.1302490234375,-67.37554931640625,-67.413063049316406,-67.267318725585938,-67.34124755859375,-67.286399841308594,-67.17083740234375,0
4.2,-66.688514709472656,-66.635780334472656,-66.861854553222656,-66.894081115722656,-66.717079162597656,-66.742660522460938,-66.88616943359375,-66.630043029785156,0
4.204,-65.001014709472656,-65.074874877929688,-65.2742919921875,-65.276466369628906,-65.031959533691406,-65.097312927246094,-65.340171813964844,-65.03973388671875,0
4.208,-61.249320983886719,-61.452350616455078,-61.606231689453125,-61.544036865234375,-61.244049072265625,-61.384449005126953,-61.633678436279297,-61.347728729248047,0
4.212,-60.031810760498047,-60.292591094970703,-60.409271240234375,-60.304340362548828,-59.977622985839844,-60.132366180419922,-60.35076904296875,-60.130870819091797,0
4.216,-65.31951904296875,-65.584205627441406,-65.695556640625,-65.608665466308594,-65.2225341796875,-65.395240783691406,-65.5347900390625,-65.43511962890625,0
4.22,-64.626693725585938,-64.85882568359375,-65.011207580566406,-64.949241638183594,-64.514938354492188,-64.759925842285156,-64.801498413085938,-64.781105041503906,0
4.224,-63.742698669433594,-63.846088409423828,-64.093917846679688,-64.047706604003906,-63.657218933105469,-63.956096649169922,-63.864288330078125,-63.91650390625,0
4.228,-61.145702362060547,-61.057456970214844,-61.354595184326172,-61.374565124511719,-61.088310241699219,-61.369346618652344,-61.129169464111328,-61.287952423095703,0
4.232,-60.38140869140625,-60.17169189453125,-60.370014190673828,-60.556083679199219,-60.316337585449219,-60.506061553955078,-60.22991943359375,-60.444110870361328,0
4.236,-65.28350830078125,-65.063522338867188,-65.085548400878906,-65.478073120117188,-65.188331604003906,-65.204086303710938,-65.065673828125,-65.2415771484375,0
4.24,-64.2611083984375,-64.0579833984375,-63.994548797607422,-64.491783142089844,-64.1309814453125,-63.925609588623047,-64.009361267089844,-64.079139709472656,0
4.244,-63.413818359375,-63.197338104248047,-63.185588836669922,-63.656604766845703,-63.272613525390625,-62.866668701171875,-63.104972839355469,-63.075939178466797,0
4.248,-61.113330841064453,-60.860828399658203,-60.949546813964844,-61.321868896484375,-60.979785919189453,-60.472095489501953,-60.762157440185547,-60.67926025390625,0
4.252,-60.745689392089844,-60.460651397705078,-60.62237548828125,-60.857776641845703,-60.598400115966797,-60.168994903564453,-60.455780029296875,-60.330810546875,0
4.256,-66.054931640625,-65.739913940429688,-65.910865783691406,-66.02960205078125,-65.877914428710938,-65.637191772460938,-65.885665893554688,-65.738624572753906,0
4.26,-65.162376403808594,-64.827194213867188,-64.931617736816406,-65.033615112304688,-64.978233337402344,-64.851661682128906,-65.090744018554688,-64.956893920898438,0
4.264,-63.802421569824219,-63.542163848876953,-63.531269073486328,-63.695404052734375,-63.675689697265625,-63.549671173095703,-63.85357666015625,-63.712635040283203,0
4.268,-60.371875762939453,-60.279258728027344,-60.183116912841797,-60.371879577636719,-60.363964080810547,-60.19378662109375,-60.534934997558594,-60.392650604248047,0
4.272,-58.642162322998047,-58.702568054199219,-58.591655731201172,-58.72064208984375,-58.733695983886719,-58.524986267089844,-58.783256530761719,-58.729259490966797,0
4.276,-63.165149688720703,-63.325225830078125,-63.233440399169922,-63.266624450683594,-63.298736572265625,-63.088207244873047,-63.206809997558594,-63.265636444091797,0
4.28,-62.303302764892578,-62.536853790283203,-62.492725372314453,-62.449634552001953,-62.48638916015625,-62.311412811279297,-62.321849822998047,-62.415313720703125,0
4.284,-61.452228546142578,-61.735576629638672,-61.763416290283203,-61.673236846923828,-61.715442657470703,-61.597736358642578,-61.517967224121094,-61.584095001220703,0
4.288,-58.673545837402344,-58.947673797607422,-59.032135009765625,-58.940521240234375,-58.979900360107422,-58.9342041015625,-58.77667236328125,-58.828205108642578,0
4.292,-57.046257019042969,-57.275829315185547,-57.423015594482422,-57.407360076904297,-57.349040985107422,-57.413349151611328,-57.221832275390625,-57.296588897705078,0
4.296,-61.065013885498047,-61.277580261230469,-61.478466033935547,-61.550811767578125,-61.330364227294922,-61.54449462890625,-61.306171417236328,-61.443065643310547,0
4.3,-59.856578826904297,-60.048240661621094,-60.234710693359375,-60.326591491699219,-60.011829376220703,-60.306804656982422,-60.005748748779297,-60.270221710205078,0
4.304,-59.342456817626953,-59.4603271484375,-59.626110076904297,-59.683769226074219,-59.347454071044922,-59.573040008544922,-59.284912109375,-59.694866180419922,0
4.308,-57.290245056152344,-57.335685729980469,-57.520702362060547,-57.541278839111328,-57.205158233642578,-57.306385040283203,-57.099346160888672,-57.548789978027344,0
4.312,-55.983634948730469,-55.986747741699219,-56.188243865966797,-56.20599365234375,-55.91326904296875,-55.946647644042969,-55.789634704589844,-56.133995056152344,0
4.316,-60.028404235839844,-59.988079071044922,-60.165000915527344,-60.220439910888672,-60.001972198486328,-60.044181823730469,-59.841899871826172,-60.057952880859375,0
4.32,-59.061180114746094,-59.010456085205078,-59.087566375732422,-59.217113494873047,-59.050609588623047,-59.150714874267578,-58.87554931640625,-59.015594482421875,0
4.324,-59.225078582763672,-59.197559356689453,-59.151214599609375,-59.350818634033203,-59.210826873779297,-59.400188446044922,-59.098278045654297,-59.154521942138672,0
4.328,-58.270000457763672,-58.263336181640625,-58.154430389404297,-58.335624694824219,-58.234020233154297,-58.489990234375,-58.194110870361328,-58.158935546875,0
4.332,-57.683422088623047,-57.690113067626953,-57.582080841064453,-57.669036865234375,-57.651390075683594,-57.85650634765625,-57.620048522949219,-57.541252136230469,0
4.336,-61.627025604248047,-61.603923797607422,-61.545207977294922,-61.553985595703125,-61.640361785888672,-61.71759033203125,-61.607135772705078,-61.509300231933594,0
4.34,-60.149620056152344,-60.058006286621094,-60.071586608886719,-60.063945770263672,-60.222312927246094,-60.192737579345703,-60.20751953125,-60.103466033935547,0
4.344,-60.043144226074219,-59.868450164794922,-59.937461853027344,-59.96923828125,-60.161327362060547,-60.071117401123047,-60.154956817626953,-60.116962432861328,0
4.348,-59.328826904296875,-59.064556121826172,-59.144737243652344,-59.229381561279297,-59.453216552734375,-59.354198455810547,-59.450164794921875,-59.490234375,0
4.352,-58.930198669433594,-58.620288848876953,-58.635509490966797,-58.782402038574219,-59.046775817871094,-58.956676483154297,-59.028373718261719,-59.052661895751953,0
4.356,-62.812114715576172,-62.515819549560547,-62.432060241699219,-62.625572204589844,-62.913555145263672,-62.787017822265625,-62.842121124267578,-62.831348419189453,0
4.36,-61.238433837890625,-60.996929168701172,-60.852436065673828,-61.040397644042969,-61.33062744140625,-61.103557586669922,-61.188648223876953,-61.201927185058594,0
4.364,-60.714191436767578,-60.539562225341797,-60.403430938720703,-60.572429656982422,-60.854389190673828,-60.521862030029297,-60.653575897216797,-60.70306396484375,0
4.368,-59.088214874267578,-58.942771911621094,-58.903068542480469,-59.0211181640625,-59.307792663574219,-58.957202911376953,-59.084980010986328,-59.15045166015625,0
4.372,-57.641979217529297,-57.488487243652344,-57.553184509277344,-57.603809356689453,-57.920665740966797,-57.645244598388672,-57.687736511230469,-57.792682647705078,0
4.376,-60.961235046386719,-60.773235321044922,-60.877216339111328,-60.909423828125,-61.258201599121094,-61.067058563232422,-60.989372253417969,-61.147911071777344,0
4.38,-59.38580322265625,-59.149192810058594,-59.2801513671875,-59.305633544921875,-59.680351257324219,-59.529533386230469,-59.3768310546875,-59.539051055908203,0
4.384,-59.168010711669922,-58.906085968017578,-59.093334197998047,-59.122020721435547,-59.455425262451172,-59.363395690917969,-59.185932159423828,-59.31756591796875,0
4.388,-58.047386169433594,-57.805614471435547,-58.056610107421875,-58.12005615234375,-58.312419891357422,-58.353385925292969,-58.151336669921875,-58.227710723876953,0
4.392,-56.937938690185547,-56.805309295654297,-57.078716278076172,-57.174102783203125,-57.231884002685547,-57.388263702392578,-57.127185821533203,-57.165283203125,0
4.396,-60.604595184326172,-60.666099548339844,-60.869651794433594,-61.002338409423828,-60.99481201171875,-61.171459197998047,-60.817394256591797,-60.924724578857422,0
4.4,-59.710224151611328,-59.914604187011719,-60.002490997314453,-60.179931640625,-60.147624969482422,-60.301105499267578,-59.861083984375,-60.089580535888672,0
4.404,-60.155712127685547,-60.369041442871094,-60.392326354980469,-60.583366394042969,-60.535411834716797,-60.666698455810547,-60.198955535888672,-60.516551971435547,0
4.408,-59.169147491455078,-59.327808380126953,-59.313743591308594,-59.498527526855469,-59.435688018798828,-59.52587890625,-59.109893798828125,-59.492485046386719,0
4.412,-57.337177276611328,-57.433097839355469,-57.401203155517578,-57.5625,-57.479877471923828,-57.529327392578125,-57.238758087158203,-57.635337829589844,0
4.416,-59.806621551513672,-59.839397430419922,-59.851032257080078,-59.923553466796875,-59.879173278808594,-59.886009216308594,-59.743297576904297,-60.101341247558594,0
4.42,-57.653301239013672,-57.669780731201172,-57.725666046142578,-57.651115417480469,-57.795928955078125,-57.696708679199219,-57.674060821533203,-57.96636962890625,0
4.424,-57.143394470214844,-57.200042724609375,-57.241046905517578,-57.045318603515625,-57.441162109375,-57.217376708984375,-57.270530700683594,-57.468315124511719,0
4.428,-56.176139831542969,-56.240623474121094,-56.242504119873047,-56.019397735595703,-56.535472869873047,-56.234210968017578,-56.319355010986328,-56.43212890625,0
4.432,-55.089733123779297,-55.129753112792969,-55.110523223876953,-54.928398132324219,-55.3543701171875,-55.022083282470703,-55.098308563232422,-55.215850830078125,0
4.436,-58.478202819824219,-58.587230682373047,-58.521324157714844,-58.387157440185547,-58.596233367919922,-58.288688659667969,-58.337604522705078,-58.546497344970703,0
4.44,-57.147911071777344,-57.384307861328125,-57.232330322265625,-57.136566162109375,-57.157154083251953,-56.946380615234375,-56.963127136230469,-57.229942321777344,0
4.444,-57.020214080810547,-57.28631591796875,-57.089324951171875,-57.036216735839844,-56.969715118408203,-56.906974792480469,-56.865989685058594,-57.117759704589844,0
4.448,-56.119476318359375,-56.321708679199219,-56.160087585449219,-56.140522003173828,-56.054119110107422,-56.096435546875,-56.02484130859375,-56.245109558105469,0
4.452,-55.031360626220703,-55.160980224609375,-55.084869384765625,-55.070117950439453,-54.985893249511719,-55.050682067871094,-54.999168395996094,-55.223644256591797,0
4.456,-58.472209930419922,-58.537315368652344,-58.532489776611328,-58.492401123046875,-58.444023132324219,-58.512298583984375,-58.4859619140625,-58.717906951904297,0
4.46,-57.270740509033203,-57.288806915283203,-57.303394317626953,-57.201446533203125,-57.199493408203125,-57.341205596923828,-57.309467315673828,-57.48443603515625,0
4.464,-57.465324401855469,-57.476676940917969,-57.490917205810547,-57.314525604248047,-57.323833465576172,-57.5880126953125,-57.510112762451172,-57.597320556640625,0
4.468,-56.926807403564453,-56.966724395751953,-56.987937927246094,-56.758098602294922,-56.781169891357422,-57.093830108642578,-56.965293884277344,-56.993854522705078,0
4.472,-55.414794921875,-55.505939483642578,-55.548595428466797,-55.291351318359375,-55.338054656982422,-55.622276306152344,-55.427570343017578,-55.457927703857422,0
4.476,-57.885753631591797,-58.057575225830078,-58.109283447265625,-57.850788116455078,-57.904685974121094,-58.161125183105469,-57.872764587402344,-57.937641143798828,0
4.48,-56.022205352783203,-56.283050537109375,-56.289539337158203,-56.031524658203125,-56.116935729980469,-56.349090576171875,-56.016468048095703,-56.087615966796875,0
4.484,-55.956218719482422,-56.251457214355469,-56.198108673095703,-55.936145782470703,-56.066581726074219,-56.260852813720703,-55.965991973876953,-56.054851531982422,0
4.488,-55.618549346923828,-55.850536346435547,-55.793426513671875,-55.542144775390625,-55.67449951171875,-55.848381042480469,-55.601490020751953,-55.747093200683594,0
4.492,-54.648895263671875,-54.740009307861328,-54.721698760986328,-54.525745391845703,-54.603111267089844,-54.78814697265625,-54.585746765136719,-54.729301452636719,0
4.496,-57.620830535888672,-57.553428649902344,-57.582183837890625,-57.500877380371094,-57.484516143798828,-57.670848846435547,-57.568504333496094,-57.58636474609375,0
4.5,-55.871784210205078,-55.671161651611328,-55.783061981201172,-55.823417663574219,-55.705375671386719,-55.857349395751953,-55.854938507080078,-55.726032257080078,0
4.504,-55.794933319091797,-55.548309326171875,-55.756244659423828,-55.853351593017578,-55.640827178955078,-55.755645751953125,-55.7606201171875,-55.614097595214844,0
4.508,-55.865314483642578,-55.735065460205078,-55.974285125732422,-56.010459899902344,-55.758903503417969,-55.861896514892578,-55.812156677246094,-55.774986267089844,0
4.512,-55.406421661376953,-55.476676940917969,-55.678192138671875,-55.590839385986328,-55.380504608154297,-55.491596221923828,-55.372638702392578,-55.48468017578125,0
4.516,-58.671440124511719,-58.849174499511719,-59.020038604736328,-58.857837677001953,-58.693840026855469,-58.849262237548828,-58.663330078125,-58.915580749511719,0
4.52,-56.769065856933594,-56.969135284423828,-57.1234130859375,-56.996173858642578,-56.820640563964844,-57.053581237792969,-56.832225799560547,-57.149681091308594,0
4.524,-55.683311462402344,-55.925743103027344,-56.015068054199219,-56.022613525390625,-55.802959442138672,-56.065185546875,-55.881053924560547,-56.131317138671875,0
4.528,-54.385814666748047,-54.656085968017578,-54.670307159423828,-54.782855987548828,-54.552520751953125,-54.74627685546875,-54.676837921142578,-54.763256072998047,0
4.532,-52.987266540527344,-53.242668151855469,-53.204059600830078,-53.318408966064453,-53.137443542480469,-53.258342742919922,-53.255149841308594,-53.214378356933594,0
4.536,-56.093158721923828,-56.369861602783203,-56.233592987060547,-56.330101013183594,-56.205028533935547,-56.338127136230469,-56.264904022216797,-56.214347839355469,0
4.54,-54.696491241455078,-55.068572998046875,-54.794944763183594,-54.921497344970703,-54.787151336669922,-54.96514892578125,-54.776378631591797,-54.781730651855469,0
4.544,-54.361991882324219,-54.871177673339844,-54.489246368408203,-54.692626953125,-54.467571258544922,-54.68597412109375,-54.441112518310547,-54.480518341064453,0
4.548,-53.949028015136719,-54.588836669921875,-54.123405456542969,-54.430908203125,-54.122161865234375,-54.38067626953125,-54.169090270996094,-54.139873504638672,0
4.552,-53.194072723388672,-53.907581329345703,-53.374011993408203,-53.782299041748047,-53.506034851074219,-53.742778778076172,-53.638134002685547,-53.447559356689453,0
4.556,-56.337200164794922,-56.994407653808594,-56.494682312011719,-56.950275421142578,-56.765983581542969,-56.916595458984375,-56.9317626953125,-56.601799011230469,0
4.56,-54.497669219970703,-54.953876495361328,-54.624347686767578,-55.038421630859375,-54.901111602783203,-54.955474853515625,-55.038993835449219,-54.696014404296875,0
4.564,-53.806957244873047,-54.05279541015625,-53.906993865966797,-54.218677520751953,-54.089530944824219,-54.024589538574219,-54.165458679199219,-53.906646728515625,0
4.568,-53.601066589355469,-53.751911163330078,-53.7027587890625,-53.921295166015625,-53.775707244873047,-53.586814880371094,-53.798240661621094,-53.631877899169922,0
4.572,-53.093128204345703,-53.284904479980469,-53.234668731689453,-53.404590606689453,-53.223075866699219,-52.978973388671875,-53.21795654296875,-53.120086669921875,0
4.576,-56.1710205078125,-56.459583282470703,-56.356719970703125,-56.490001678466797,-56.295391082763672,-56.091972351074219,-56.272045135498047,-56.246795654296875,0
4.58,-54.015411376953125,-54.328784942626953,-54.210704803466797,-54.290363311767578,-54.125762939453125,-54.06591796875,-54.062458038330078,-54.171806335449219,0
4.584,-52.773399353027344,-53.047161102294922,-52.972465515136719,-53.013683319091797,-52.881767272949219,-53.026775360107422,-52.778217315673828,-53.014850616455078,0
4.588,-52.073139190673828,-52.310443878173828,-52.302898406982422,-52.368583679199219,-52.218955993652344,-52.505542755126953,-52.100688934326172,-52.345024108886719,0
4.592,-51.233325958251953,-51.438129425048828,-51.499652862548828,-51.643302917480469,-51.420585632324219,-51.754283905029297,-51.315509796142578,-51.489063262939453,0
4.596,-54.365867614746094,-54.535785675048828,-54.623493194580078,-54.824516296386719,-54.532676696777344,-54.881328582763672,-54.448265075683594,-54.623279571533203,0
4.6,-52.753684997558594,-52.891590118408203,-52.934314727783203,-53.124076843261719,-52.856781005859375,-53.180084228515625,-52.751209259033203,-53.015361785888672,0
4.604,-52.266918182373047,-52.375297546386719,-52.361572265625,-52.477985382080078,-52.300464630126953,-52.590045928955078,-52.16217041015625,-52.454673767089844,0
4.608,-52.416435241699219,-52.49517822265625,-52.48626708984375,-52.505207061767578,-52.357257843017578,-52.673576354980469,-52.223888397216797,-52.482349395751953,0
4.612,-52.107513427734375,-52.178508758544922,-52.233482360839844,-52.225421905517578,-52.0113525390625,-52.378643035888672,-51.877056121826172,-52.147693634033203,0
4.616,-55.321979522705078,-55.420490264892578,-55.533988952636719,-55.60137939453125,-55.282886505126953,-55.681022644042969,-55.156299591064453,-55.413555145263672,0
4.62,-53.644641876220703,-53.767559051513672,-53.872791290283203,-54.037590026855469,-53.673454284667969,-54.054618835449219,-53.625011444091797,-53.741436004638672,0
4.624,-52.843738555908203,-52.969585418701172,-52.992717742919922,-53.222515106201172,-52.928886413574219,-53.216808319091797,-52.975635528564453,-52.944683074951172,0
4.628,-52.347160339355469,-52.4508056640625,-52.36865234375,-52.645160675048828,-52.46624755859375,-52.634418487548828,-52.542022705078125,-52.462493896484375,0
4.632,-51.286773681640625,-51.369102478027344,-51.213092803955078,-51.537986755371094,-51.443683624267578,-51.5050048828125,-51.467144012451172,-51.372364044189453,0
4.636,-54.421405792236328,-54.527416229248047,-54.3326416015625,-54.678752899169922,-54.62664794921875,-54.618217468261719,-54.588062286376953,-54.453147888183594,0
4.64,-53.484954833984375,-53.618370056152344,-53.420360565185547,-53.750823974609375,-53.67022705078125,-53.672626495361328,-53.628498077392578,-53.446281433105469,0
4.644,-53.423851013183594,-53.569023132324219,-53.404533386230469,-53.71795654296875,-53.570049285888672,-53.622600555419922,-53.551586151123047,-53.346549987792969,0
4.648,-53.378448486328125,-53.554576873779297,-53.396934509277344,-53.693042755126953,-53.526836395263672,-53.616569519042969,-53.506126403808594,-53.317710876464844,0
4.652,-52.131523132324219,-52.318836212158203,-52.1260986328125,-52.384662628173828,-52.256858825683594,-52.396343231201172,-52.215934753417969,-52.071155548095703,0
4.656,-54.328868865966797,-54.453327178955078,-54.2576904296875,-54.474327087402344,-54.381095886230469,-54.569633483886719,-54.351310729980469,-54.232383728027344,0
4.66,-52.3575439453125,-52.377922058105469,-52.238147735595703,-52.451995849609375,-52.351951599121094,-52.522632598876953,-52.362823486328125,-52.21978759765625,0
4.664,-51.730548858642578,-51.650341033935547,-51.595539093017578,-51.835052490234375,-51.692096710205078,-51.8109130859375,-51.733634948730469,-51.526355743408203,0
4.668,-51.683155059814453,-51.491813659667969,-51.513225555419922,-51.76678466796875,-51.59124755859375,-51.681327819824219,-51.636932373046875,-51.370208740234375,0
4.672,-50.799053192138672,-50.460376739501953,-50.562305450439453,-50.843517303466797,-50.666526794433594,-50.733814239501953,-50.67718505859375,-50.400775909423828,0
4.676,-53.819610595703125,-53.340362548828125,-53.548851013183594,-53.901641845703125,-53.702678680419922,-53.749839782714844,-53.655029296875,-53.436637878417969,0
4.68,-52.631397247314453,-52.119903564453125,-52.399829864501953,-52.819110870361328,-52.552318572998047,-52.6229248046875,-52.482166290283203,-52.367912292480469,0
4.684,-51.691974639892578,-51.256126403808594,-51.512718200683594,-51.948394775390625,-51.616107940673828,-51.754566192626953,-51.565837860107422,-51.585033416748047,0
4.688,-50.512004852294922,-50.165752410888672,-50.305015563964844,-50.688251495361328,-50.371147155761719,-50.574665069580078,-50.35076904296875,-50.528972625732422,0
4.692,-48.733634948730469,-48.458850860595703,-48.42608642578125,-48.679943084716797,-48.480979919433594,-48.726390838623047,-48.506603240966797,-48.7916259765625,0
4.696,-51.610698699951172,-51.401805877685547,-51.211418151855469,-51.353504180908203,-51.27166748046875,-51.531627655029297,-51.355182647705078,-51.600128173828125,0
4.7,-50.794578552246094,-50.612457275390625,-50.35888671875,-50.528617858886719,-50.447246551513672,-50.661540985107422,-50.558216094970703,-50.617137908935547,0
4.704,-50.442279815673828,-50.200115203857422,-49.979969024658203,-50.310466766357422,-50.144561767578125,-50.225791931152344,-50.222942352294922,-50.057456970214844,0
4.708,-50.143341064453125,-49.82757568359375,-49.648033142089844,-50.144676208496094,-49.931926727294922,-49.857433319091797,-49.913501739501953,-49.624011993408203,0
4.712,-48.965625762939453,-48.688426971435547,-48.518199920654297,-49.061603546142578,-48.862998962402344,-48.725116729736328,-48.753288269042969,-48.461761474609375,0
4.716,-51.876304626464844,-51.732524871826172,-51.603717803955078,-52.011932373046875,-51.849102020263672,-51.762248992919922,-51.76959228515625,-51.515830993652344,0
4.72,-51.052093505859375,-51.043720245361328,-50.996238708496094,-51.169464111328125,-51.059734344482422,-51.04193115234375,-51.054100036621094,-50.882293701171875,0
4.724,-50.762104034423828,-50.815654754638672,-50.821727752685547,-50.833152770996094,-50.776721954345703,-50.785106658935547,-50.769737243652344,-50.7388916015625,0
4.728,-50.449760437011719,-50.42974853515625,-50.484703063964844,-50.451225280761719,-50.433025360107422,-50.434600830078125,-50.433311462402344,-50.479637145996094,0
4.732,-48.938835144042969,-48.757404327392578,-48.881916046142578,-48.883689880371094,-48.891143798828125,-48.851493835449219,-48.931694030761719,-48.949974060058594,0
4.736,-51.275627136230469,-50.982383728027344,-51.14947509765625,-51.178619384765625,-51.221405029296875,-51.143424987792969,-51.265037536621094,-51.263999938964844,0
4.74,-49.912467956542969,-49.643512725830078,-49.818450927734375,-49.790679931640625,-49.869499206542969,-49.828239440917969,-49.883323669433594,-49.940319061279297,0
4.744,-49.325305938720703,-49.169719696044922,-49.331684112548828,-49.209037780761719,-49.276294708251953,-49.3812255859375,-49.294181823730469,-49.447906494140625,0
4.748,-49.345417022705078,-49.262531280517578,-49.407218933105469,-49.218353271484375,-49.219757080078125,-49.487083435058594,-49.32635498046875,-49.541393280029297,0
4.752,-48.744132995605469,-48.612842559814453,-48.798473358154297,-48.63946533203125,-48.513927459716797,-48.805866241455078,-48.730091094970703,-48.927906036376953,0
4.756,-52.247272491455078,-51.957592010498047,-52.259124755859375,-52.22186279296875,-51.956684112548828,-52.100273132324219,-52.204639434814453,-52.319061279296875,0
4.76,-51.80926513671875,-51.345115661621094,-51.735729217529297,-51.835376739501953,-51.492572784423828,-51.414043426513672,-51.704723358154297,-51.734184265136719,0
4.764,-51.510967254638672,-50.935211181640625,-51.286975860595703,-51.559173583984375,-51.174388885498047,-50.932933807373047,-51.324851989746094,-51.317974090576172,0
4.768,-51.421897888183594,-50.773052215576172,-50.994190216064453,-51.46380615234375,-51.055595397949219,-50.75177001953125,-51.119354248046875,-51.158470153808594,0
4.772,-50.268299102783203,-49.546405792236328,-49.674816131591797,-50.217906951904297,-49.861865997314453,-49.552268981933594,-49.810321807861328,-49.973011016845703,0
4.776,-52.723106384277344,-51.9542236328125,-52.089305877685547,-52.500785827636719,-52.319389343261719,-51.999004364013672,-52.10699462890625,-52.3846435546875,0
4.78,-51.086193084716797,-50.322929382324219,-50.526695251464844,-50.716796875,-50.758056640625,-50.392814636230469,-50.356983184814453,-50.701519012451172,0
4.784,-49.866943359375,-49.154369354248047,-49.451923370361328,-49.480499267578125,-49.631072998046875,-49.279472351074219,-49.112293243408203,-49.505973815917969,0
4.788,-49.570732116699219,-48.949249267578125,-49.350017547607422,-49.322113037109375,-49.380516052246094,-49.214683532714844,-48.926109313964844,-49.307666778564453,0
4.792,-48.658153533935547,-48.117290496826172,-48.603233337402344,-48.607391357421875,-48.474876403808594,-48.559104919433594,-48.215709686279297,-48.517204284667969,0
4.796,-51.598655700683594,-51.05389404296875,-51.586505889892578,-51.636486053466797,-51.436607360839844,-51.638011932373047,-51.311920166015625,-51.577960968017578,0
4.8,-50.277130126953125,-49.6824951171875,-50.234485626220703,-50.278617858886719,-50.190906524658203,-50.355560302734375,-50.083576202392578,-50.3681640625,0
4.804,-48.530986785888672,-47.938190460205078,-48.484935760498047,-48.454315185546875,-48.5587158203125,-48.630035400390625,-48.421039581298828,-48.730339050292969,0
4.808,-47.807212829589844,-47.339740753173828,-47.811786651611328,-47.648303985595703,-47.937358856201172,-47.936027526855469,-47.77001953125,-48.100975036621094,0
4.812,-47.267448425292969,-47.050670623779297,-47.367176055908203,-47.102325439453125,-47.454692840576172,-47.425041198730469,-47.307666778564453,-47.595695495605469,0
4.816,-50.918975830078125,-50.926128387451172,-51.060600280761719,-50.800334930419922,-51.061962127685547,-51.065174102783203,-51.002971649169922,-51.188102722167969,0
4.82,-50.32196044921875,-50.390850067138672,-50.352142333984375,-50.184684753417969,-50.301097869873047,-50.382194519042969,-50.390434265136719,-50.479564666748047,0
4.824,-48.847888946533203,-48.841911315917969,-48.7030029296875,-48.635856628417969,-48.652782440185547,-48.779510498046875,-48.901927947998047,-48.913654327392578,0
4.828,-47.5787353515625,-47.439910888671875,-47.32440185546875,-47.280609130859375,-47.300651550292969,-47.406524658203125,-47.56878662109375,-47.580310821533203,0
4.832,-45.829826354980469,-45.604820251464844,-45.548736572265625,-45.447235107421875,-45.5579833984375,-45.614471435546875,-45.631786346435547,-45.777332305908203,0
4.836,-48.346275329589844,-48.142669677734375,-48.123870849609375,-47.955799102783203,-48.169425964355469,-48.183971405029297,-47.973350524902344,-48.27801513671875,0
4.84,-47.418121337890625,-47.311912536621094,-47.304862976074219,-47.142730712890625,-47.404743194580078,-47.407299041748047,-47.0372314453125,-47.379413604736328,0
4.844,-46.684253692626953,-46.665393829345703,-46.631793975830078,-46.580890655517578,-46.804405212402344,-46.8299560546875,-46.428123474121094,-46.67572021484375,0
4.848,-46.931629180908203,-46.931354522705078,-46.896507263183594,-46.99774169921875,-47.097003936767578,-47.168315887451172,-46.854816436767578,-46.95098876953125,0
4.852,-46.306781768798828,-46.343730926513672,-46.321075439453125,-46.523529052734375,-46.457305908203125,-46.57366943359375,-46.385986328125,-46.367942810058594,0
4.856,-49.126171112060547,-49.251640319824219,-49.206512451171875,-49.448295593261719,-49.255504608154297,-49.368095397949219,-49.273002624511719,-49.212421417236328,0
4.86,-48.310997009277344,-48.471099853515625,-48.425834655761719,-48.653556823730469,-48.44580078125,-48.485260009765625,-48.426158905029297,-48.377300262451172,0
4.864,-47.630481719970703,-47.776145935058594,-47.788227081298828,-47.925254821777344,-47.800586700439453,-47.727008819580078,-47.646251678466797,-47.676708221435547,0
4.868,-47.645477294921875,-47.779869079589844,-47.894279479980469,-47.88043212890625,-47.873424530029297,-47.677093505859375,-47.568836212158203,-47.716766357421875,0
4.872,-46.187675476074219,-46.277606964111328,-46.466819763183594,-46.389305114746094,-46.449516296386719,-46.16131591796875,-46.0806884765625,-46.269756317138672,0
4.876,-47.9864501953125,-47.998790740966797,-48.161144256591797,-48.18707275390625,-48.176750183105469,-47.898632049560547,-47.917991638183594,-48.028282165527344,0
4.88,-46.619335174560547,-46.540882110595703,-46.649528503417969,-46.794025421142578,-46.633598327636719,-46.450035095214844,-46.606121063232422,-46.614612579345703,0
4.884,-45.816608428955078,-45.653491973876953,-45.796009063720703,-45.955108642578125,-45.661548614501953,-45.569175720214844,-45.854667663574219,-45.790180206298828,0
4.888,-46.376861572265625,-46.221855163574219,-46.448009490966797,-46.559989929199219,-46.153953552246094,-46.120807647705078,-46.486991882324219,-46.379077911376953,0
4.892,-45.922893524169922,-45.856658935546875,-46.094867706298828,-46.215850830078125,-45.7425537109375,-45.690971374511719,-46.085807800292969,-46.006275177001953,0
4.896,-48.39129638671875,-48.36444091796875,-48.540111541748047,-48.771587371826172,-48.306079864501953,-48.170368194580078,-48.547039031982422,-48.539691925048828,0
4.9,-46.935539245605469,-46.917564392089844,-47.020854949951172,-47.369499206542969,-46.940196990966797,-46.788372039794922,-47.063499450683594,-47.111133575439453,0
4.904,-45.405506134033203,-45.475120544433594,-45.513690948486328,-45.891845703125,-45.510395050048828,-45.4105224609375,-45.524436950683594,-45.614219665527344,0
4.908,-45.182445526123047,-45.379692077636719,-45.395099639892578,-45.722412109375,-45.41650390625,-45.360729217529297,-45.331043243408203,-45.431121826171875,0
4.912,-44.067272186279297,-44.353973388671875,-44.421947479248047,-44.702625274658203,-44.419677734375,-44.429363250732422,-44.334648132324219,-44.384735107421875,0
4.916,-46.613861083984375,-46.9713134765625,-47.111774444580078,-47.380760192871094,-47.0164794921875,-47.079978942871094,-46.995323181152344,-46.994293212890625,0
4.92,-46.489978790283203,-46.895824432373047,-47.073326110839844,-47.304698944091797,-46.853538513183594,-46.903160095214844,-46.828636169433594,-46.827159881591797,0
4.924,-46.278766632080078,-46.66583251953125,-46.851951599121094,-47.01953125,-46.578094482421875,-46.571308135986328,-46.49273681640625,-46.483898162841797,0
4.928,-46.479240417480469,-46.810169219970703,-46.925071716308594,-47.08758544921875,-46.749809265136719,-46.675189971923828,-46.598766326904297,-46.534626007080078,0
4.932,-45.389892578125,-45.659564971923828,-45.616191864013672,-45.85064697265625,-45.661121368408203,-45.550334930419922,-45.45159912109375,-45.340240478515625,0
4.936,-47.787456512451172,-47.965576171875,-47.773876190185547,-48.123920440673828,-48.037872314453125,-47.93841552734375,-47.819202423095703,-47.71075439453125,0
4.94,-46.948997497558594,-47.003772735595703,-46.71875,-47.205883026123047,-47.118003845214844,-47.037925720214844,-46.949119567871094,-46.882587432861328,0
4.944,-45.708427429199219,-45.646720886230469,-45.366691589355469,-45.942554473876953,-45.78973388671875,-45.692401885986328,-45.637554168701172,-45.65875244140625,0
4.948,-45.609794616699219,-45.449420928955078,-45.306232452392578,-45.877891540527344,-45.62408447265625,-45.501640319824219,-45.421100616455078,-45.56982421875,0
4.952,-44.9287109375,-44.711078643798828,-44.7412109375,-45.262928009033203,-44.8902587890625,-44.805889129638672,-44.638816833496094,-44.913188934326172,0
4.956,-47.814838409423828,-47.64471435546875,-47.756309509277344,-48.240592956542969,-47.788871765136719,-47.799907684326172,-47.510307312011719,-47.886344909667969,0
4.96,-47.341419219970703,-47.311206817626953,-47.3824462890625,-47.84197998046875,-47.339061737060547,-47.461814880371094,-47.069072723388672,-47.481128692626953,0
4.964,-46.147144317626953,-46.263164520263672,-46.23626708984375,-46.660881042480469,-46.08929443359375,-46.27105712890625,-45.912841796875,-46.236133575439453,0
4.968,-45.936859130859375,-46.1043701171875,-45.997539520263672,-46.424713134765625,-45.781364440917969,-45.904228210449219,-45.750110626220703,-45.897724151611328,0
4.972,-44.983936309814453,-45.109031677246094,-44.967033386230469,-45.432109832763672,-44.752250671386719,-44.741527557373047,-44.838390350341797,-44.849720001220703,0
4.976,-47.471641540527344,-47.566936492919922,-47.454124450683594,-47.866081237792969,-47.232658386230469,-47.088481903076172,-47.379753112792969,-47.325584411621094,0
4.98,-46.562828063964844,-46.700206756591797,-46.667003631591797,-46.925743103027344,-46.406951904296875,-46.203044891357422,-46.587188720703125,-46.477428436279297,0
4.984,-44.898670196533203,-45.132671356201172,-45.15069580078125,-45.258689880371094,-44.915119171142578,-44.711864471435547,-45.088916778564453,-44.940574645996094,0
4.988,-44.7923583984375,-45.095539093017578,-45.127349853515625,-45.123687744140625,-45.027427673339844,-44.813194274902344,-45.120323181152344,-44.973106384277344,0
4.992,-44.470195770263672,-44.742332458496094,-44.810173034667969,-44.743797302246094,-44.843944549560547,-44.647510528564453,-44.848136901855469,-44.733905792236328,0
4.996,-47.711162567138672,-47.8680419921875,-47.988945007324219,-47.890403747558594,-48.057060241699219,-47.925201416015625,-48.034351348876953,-47.97998046875,0
5,-47.682579040527344,-47.727020263671875,-47.826427459716797,-47.752429962158203,-47.84613037109375,-47.790264129638672,-47.866844177246094,-47.863117218017578,0
5.004,-46.649829864501953,-46.605693817138672,-46.5484619140625,-46.632102966308594,-46.487907409667969,-46.526714324951172,-46.610527038574219,-46.640434265136719,0
5.008,-46.62738037109375,-46.468902587890625,-46.234485626220703,-46.531852722167969,-46.091472625732422,-46.217071533203125,-46.302520751953125,-46.366241455078125,0
5.012,-45.66021728515625,-45.434623718261719,-45.109214782714844,-45.52789306640625,-44.913841247558594,-45.058155059814453,-45.136920928955078,-45.223960876464844,0
5.016,-47.907886505126953,-47.726310729980469,-47.366630554199219,-47.774932861328125,-47.195159912109375,-47.302257537841797,-47.381156921386719,-47.470653533935547,0
5.02,-47.102954864501953,-46.977813720703125,-46.640979766845703,-46.986034393310547,-46.538066864013672,-46.64874267578125,-46.690410614013672,-46.774524688720703,0
5.024,-45.3006591796875,-45.236724853515625,-44.957450866699219,-45.289073944091797,-44.911724090576172,-45.088981628417969,-45.037506103515625,-45.133251190185547,0
5.028,-44.633983612060547,-44.728557586669922,-44.462364196777344,-44.83966064453125,-44.452781677246094,-44.699909210205078,-44.550487518310547,-44.65484619140625,0
5.032,-43.36572265625,-43.621734619140625,-43.318565368652344,-43.746959686279297,-43.3306884765625,-43.636455535888672,-43.404094696044922,-43.512317657470703,0
5.036,-45.660758972167969,-45.961040496826172,-45.634033203125,-46.054523468017578,-45.670166015625,-46.010833740234375,-45.713054656982422,-45.842632293701172,0
5.04,-45.258106231689453,-45.542400360107422,-45.245769500732422,-45.58465576171875,-45.2978515625,-45.632282257080078,-45.319389343261719,-45.469696044921875,0
5.044,-44.083423614501953,-44.358726501464844,-44.099262237548828,-44.358123779296875,-44.170490264892578,-44.449321746826172,-44.18365478515625,-44.345478057861328,0
5.048,-44.300861358642578,-44.562248229980469,-44.290618896484375,-44.544757843017578,-44.422996520996094,-44.614727020263672,-44.419456481933594,-44.563793182373047,0
5.052,-43.689208984375,-43.907562255859375,-43.619956970214844,-43.939537048339844,-43.81884765625,-43.9405517578125,-43.829021453857422,-43.895679473876953,0
5.056,-46.0347900390625,-46.207695007324219,-45.925743103027344,-46.300273895263672,-46.153087615966797,-46.228050231933594,-46.236804962158203,-46.206390380859375,0
5.06,-45.321575164794922,-45.488758087158203,-45.184337615966797,-45.564170837402344,-45.434600830078125,-45.475360870361328,-45.586669921875,-45.5340576171875,0
5.064,-43.584850311279297,-43.807270050048828,-43.42706298828125,-43.817028045654297,-43.708538055419922,-43.730979919433594,-43.859447479248047,-43.911094665527344,0
5.068,-43.254638671875,-43.600543975830078,-43.089378356933594,-43.509521484375,-43.407634735107422,-43.379833221435547,-43.478782653808594,-43.685108184814453,0
5.072,-42.316551208496094,-42.802421569824219,-42.162647247314453,-42.559886932373047,-42.49322509765625,-42.3914794921875,-42.443096160888672,-42.720897674560547,0
5.076,-45.0595703125,-45.602378845214844,-44.932575225830078,-45.255016326904297,-45.201164245605469,-45.107086181640625,-45.051563262939453,-45.268695831298828,0
5.08,-45.3704833984375,-45.861167907714844,-45.270587921142578,-45.546562194824219,-45.484649658203125,-45.451416015625,-45.270099639892578,-45.305015563964844,0
5.084,-43.999408721923828,-44.41046142578125,-43.944538116455078,-44.189891815185547,-44.161369323730469,-44.180320739746094,-43.939964294433594,-43.749042510986328,0
5.088,-43.463054656982422,-43.824108123779297,-43.453269958496094,-43.653465270996094,-43.643543243408203,-43.735893249511719,-43.500171661376953,-43.208770751953125,0
5.092,-42.247673034667969,-42.592357635498047,-42.241363525390625,-42.405265808105469,-42.342487335205078,-42.501110076904297,-42.317008972167969,-42.111503601074219,0
5.096,-44.298175811767578,-44.649097442626953,-44.266471862792969,-44.398754119873047,-44.239734649658203,-44.377605438232422,-44.322906494140625,-44.270038604736328,0
5.1,-43.986736297607422,-44.31842041015625,-43.930797576904297,-44.031902313232422,-43.771728515625,-43.814434051513672,-43.903045654296875,-43.961112976074219,0
5.104,-42.875389099121094,-43.110797882080078,-42.81744384765625,-42.906818389892578,-42.550559997558594,-42.5377197265625,-42.653850555419922,-42.759136199951172,0
5.108,-43.302875518798828,-43.401416778564453,-43.284812927246094,-43.338542938232422,-42.932964324951172,-42.937847137451172,-43.000389099121094,-43.083354949951172,0
5.112,-42.818706512451172,-42.839092254638672,-42.857933044433594,-42.853473663330078,-42.471729278564453,-42.51519775390625,-42.551597595214844,-42.54913330078125,0
5.116,-45.052764892578125,-45.093616485595703,-45.117485046386719,-45.126182556152344,-44.775932312011719,-44.860771179199219,-44.886924743652344,-44.796867370605469,0
5.12,-44.523365020751953,-44.663536071777344,-44.583000183105469,-44.677509307861328,-44.349365234375,-44.440906524658203,-44.445915222167969,-44.320091247558594,0
5.124,-42.965934753417969,-43.191761016845703,-42.995025634765625,-43.178852081298828,-42.906482696533203,-42.914947509765625,-42.903766632080078,-42.816490173339844,0
5.128,-43.446735382080078,-43.63299560546875,-43.384979248046875,-43.642963409423828,-43.448131561279297,-43.328998565673828,-43.290882110595703,-43.301952362060547,0
5.132,-43.373985290527344,-43.423515319824219,-43.197967529296875,-43.529296875,-43.358673095703125,-43.185455322265625,-43.081718444824219,-43.204944610595703,0
5.136,-45.960052490234375,-45.871173858642578,-45.765117645263672,-46.110809326171875,-45.9212646484375,-45.771659851074219,-45.582084655761719,-45.788837432861328,0
5.14,-45.898548126220703,-45.735088348388672,-45.797962188720703,-46.056732177734375,-45.89483642578125,-45.741802215576172,-45.513519287109375,-45.740711212158203,0
5.144,-44.475761413574219,-44.301658630371094,-44.442497253417969,-44.618206024169922,-44.509300231933594,-44.330669403076172,-44.123828887939453,-44.34521484375,0
5.148,-44.505851745605469,-44.310253143310547,-44.386859893798828,-44.557426452636719,-44.47491455078125,-44.317466735839844,-44.17462158203125,-44.378631591796875,0
5.152,-43.704856872558594,-43.461048126220703,-43.431114196777344,-43.618488311767578,-43.580741882324219,-43.416168212890625,-43.408489227294922,-43.523223876953125,0
5.156,-45.857318878173828,-45.598480224609375,-45.49554443359375,-45.694793701171875,-45.742584228515625,-45.47357177734375,-45.624897003173828,-45.63623046875,0
5.16,-45.890106201171875,-45.652507781982422,-45.503856658935547,-45.733482360839844,-45.841876983642578,-45.445537567138672,-45.66107177734375,-45.677776336669922,0
5.164,-44.621063232421875,-44.385307312011719,-44.277790069580078,-44.495006561279297,-44.65924072265625,-44.149547576904297,-44.309104919433594,-44.435447692871094,0
5.168,-44.98602294921875,-44.728233337402344,-44.749187469482422,-44.880565643310547,-45.155204772949219,-44.537464141845703,-44.59588623046875,-44.827056884765625,0
5.172,-44.756561279296875,-44.497943878173828,-44.606067657470703,-44.690868377685547,-45.028251647949219,-44.361804962158203,-44.344532012939453,-44.590782165527344,0
5.176,-47.213592529296875,-46.981101989746094,-47.095806121826172,-47.218406677246094,-47.49322509765625,-46.874675750732422,-46.856800079345703,-47.014873504638672,0
5.18,-47.113994598388672,-46.884052276611328,-46.9752197265625,-47.134014129638672,-47.324108123779297,-46.806205749511719,-46.856189727783203,-46.861297607421875,0
5.184,-45.379539489746094,-45.1658935546875,-45.206085205078125,-45.346729278564453,-45.506336212158203,-45.082500457763672,-45.218955993652344,-45.079673767089844,0
5.188,-45.42950439453125,-45.309814453125,-45.301776885986328,-45.388835906982422,-45.514240264892578,-45.171764373779297,-45.381580352783203,-45.155387878417969,0
5.192,-45.216175079345703,-45.196643829345703,-45.187431335449219,-45.216869354248047,-45.271263122558594,-45.027366638183594,-45.241996765136719,-45.001556396484375,0
5.196,-47.919910430908203,-47.977802276611328,-47.964111328125,-47.965618133544922,-47.947257995605469,-47.803943634033203,-47.939384460449219,-47.767383575439453,0
5.2,-48.24468994140625,-48.373027801513672,-48.334331512451172,-48.357017517089844,-48.3060302734375,-48.176078796386719,-48.2403564453125,-48.175769805908203,0
5.204,-46.72235107421875,-46.855571746826172,-46.8037109375,-46.856639862060547,-46.843311309814453,-46.63916015625,-46.681079864501953,-46.719654083251953,0
5.208,-46.864543914794922,-46.9381103515625,-46.894451141357422,-46.942699432373047,-46.993183135986328,-46.776439666748047,-46.754447937011719,-46.901214599609375,0
5.212,-46.704570770263672,-46.762908935546875,-46.729961395263672,-46.742759704589844,-46.832561492919922,-46.701744079589844,-46.574363708496094,-46.790477752685547,0
5.216,-49.331779479980469,-49.42822265625,-49.367523193359375,-49.350971221923828,-49.472827911376953,-49.41290283203125,-49.250988006591797,-49.440422058105469,0
5.22,-49.477153778076172,-49.561511993408203,-49.428760528564453,-49.404308319091797,-49.547294616699219,-49.518058776855469,-49.4061279296875,-49.505443572998047,0
5.224,-47.440025329589844,-47.4666748046875,-47.243274688720703,-47.219104766845703,-47.331352233886719,-47.339073181152344,-47.298820495605469,-47.318195343017578,0
5.228,-46.728168487548828,-46.701770782470703,-46.424663543701172,-46.429954528808594,-46.478260040283203,-46.510723114013672,-46.5455322265625,-46.490550994873047,0
5.232,-45.345592498779297,-45.237529754638672,-45.009960174560547,-45.051780700683594,-45.060771942138672,-45.076183319091797,-45.217792510986328,-45.082683563232422,0
5.236,-46.848594665527344,-46.599864959716797,-46.526165008544922,-46.574176788330078,-46.541351318359375,-46.52880859375,-46.796009063720703,-46.648704528808594,0
5.24,-46.617828369140625,-46.273021697998047,-46.34747314453125,-46.437610626220703,-46.280071258544922,-46.285816192626953,-46.621421813964844,-46.506553649902344,0
5.244,-44.77752685546875,-44.491966247558594,-44.632923126220703,-44.782581329345703,-44.481708526611328,-44.518730163574219,-44.850322723388672,-44.725799560546875,0
5.248,-44.741050720214844,-44.629051208496094,-44.788196563720703,-44.916343688964844,-44.579925537109375,-44.565837860107422,-44.871063232421875,-44.720081329345703,0
5.252,-43.976768493652344,-44.057395935058594,-44.217124938964844,-44.248455047607422,-43.982208251953125,-43.852561950683594,-44.098552703857422,-43.98651123046875,0
5.256,-45.331157684326172,-45.567920684814453,-45.717845916748047,-45.611919403076172,-45.491809844970703,-45.263519287109375,-45.407207489013672,-45.402324676513672,0
5.26,-44.483440399169922,-44.819122314453125,-44.951496124267578,-44.7264404296875,-44.747478485107422,-44.484966278076172,-44.560016632080078,-44.634056091308594,0
5.264,-42.018829345703125,-42.3885498046875,-42.510395050048828,-42.271617889404297,-42.277763366699219,-42.092243194580078,-42.170433044433594,-42.244659423828125,0
5.268,-41.748039245605469,-42.087890625,-42.199424743652344,-42.08026123046875,-41.893840789794922,-41.9034423828125,-41.982097625732422,-42.009765625,0
5.272,-41.016044616699219,-41.271984100341797,-41.344440460205078,-41.420188903808594,-41.003582000732422,-41.22607421875,-41.237071990966797,-41.246807098388672,0
5.276,-42.560394287109375,-42.698047637939453,-42.701171875,-42.968864440917969,-42.444629669189453,-42.76300048828125,-42.662590026855469,-42.72772216796875,0
5.28,-42.34271240234375,-42.333080291748047,-42.29388427734375,-42.679130554199219,-42.203392028808594,-42.498340606689453,-42.279376983642578,-42.43756103515625,0
5.284,-40.417011260986328,-40.264556884765625,-40.280261993408203,-40.64349365234375,-40.282073974609375,-40.523399353027344,-40.216655731201172,-40.458148956298828,0
5.288,-40.390514373779297,-40.143524169921875,-40.280204772949219,-40.507659912109375,-40.239097595214844,-40.429374694824219,-40.161308288574219,-40.399280548095703,0
5.292,-39.818714141845703,-39.524009704589844,-39.762901306152344,-39.833080291748047,-39.618640899658203,-39.767425537109375,-39.652690887451172,-39.771556854248047,0
5.296,-41.433502197265625,-41.169933319091797,-41.427703857421875,-41.386405944824219,-41.220531463623047,-41.361724853515625,-41.345947265625,-41.341053009033203,0
5.3,-41.318866729736328,-41.184520721435547,-41.360309600830078,-41.267040252685547,-41.147785186767578,-41.308647155761719,-41.309715270996094,-41.220787048339844,0
5.304,-39.609363555908203,-39.647533416748047,-39.6929931640625,-39.608001708984375,-39.526866912841797,-39.687267303466797,-39.724853515625,-39.534721374511719,0
5.308,-40.132354736328125,-40.300487518310547,-40.250041961669922,-40.222312927246094,-40.18133544921875,-40.288383483886719,-40.377216339111328,-40.103504180908203,0
5.312,-40.092601776123047,-40.289093017578125,-40.256603240966797,-40.259937286376953,-40.244098663330078,-40.268505096435547,-40.386589050292969,-40.110980987548828,0
5.316,-41.860099792480469,-42.00738525390625,-42.107902526855469,-42.064231872558594,-42.042194366455078,-42.041900634765625,-42.1544189453125,-41.9281005859375,0
5.32,-41.476188659667969,-41.566974639892578,-41.783641815185547,-41.678619384765625,-41.630760192871094,-41.709320068359375,-41.773479461669922,-41.584095001220703,0
5.324,-38.697223663330078,-38.737834930419922,-38.956382751464844,-38.848155975341797,-38.781333923339844,-38.94622802734375,-38.982707977294922,-38.807422637939453,0
5.328,-37.723339080810547,-37.702293395996094,-37.853546142578125,-37.799797058105469,-37.713306427001953,-37.881031036376953,-37.9486083984375,-37.800567626953125,0
5.332,-36.52569580078125,-36.472850799560547,-36.520641326904297,-36.583415985107422,-36.427513122558594,-36.561412811279297,-36.640209197998047,-36.576671600341797,0
5.336,-37.943401336669922,-37.944305419921875,-37.839641571044922,-38.074951171875,-37.818836212158203,-37.938854217529297,-37.958332061767578,-38.025054931640625,0
5.34,-38.108692169189453,-38.228435516357422,-37.97772216796875,-38.367412567138672,-38.044921875,-38.162139892578125,-38.097522735595703,-38.277244567871094,0
5.344,-36.321189880371094,-36.547321319580078,-36.203441619873047,-36.637981414794922,-36.346588134765625,-36.460857391357422,-36.330924987792969,-36.536113739013672,0
5.348,-36.568035125732422,-36.851764678955078,-36.43487548828125,-36.819934844970703,-36.642009735107422,-36.761180877685547,-36.618621826171875,-36.716667175292969,0
5.352,-36.565937042236328,-36.843524932861328,-36.388328552246094,-36.693462371826172,-36.595664978027344,-36.747100830078125,-36.656078338623047,-36.562797546386719,0
5.356,-38.940910339355469,-39.113025665283203,-38.7005615234375,-38.932720184326172,-38.862224578857422,-39.027721405029297,-39.018909454345703,-38.7501220703125,0
5.36,-39.886127471923828,-39.87677001953125,-39.577342987060547,-39.762371063232422,-39.7298583984375,-39.826080322265625,-39.919952392578125,-39.558555603027344,0
5.364,-38.703540802001953,-38.530223846435547,-38.375755310058594,-38.501922607421875,-38.535045623779297,-38.532859802246094,-38.727893829345703,-38.377220153808594,0
5.368,-39.541351318359375,-39.299407958984375,-39.253227233886719,-39.30926513671875,-39.40997314453125,-39.339111328125,-39.594085693359375,-39.325824737548828,0
5.372,-39.273277282714844,-39.067584991455078,-39.066936492919922,-39.069805145263672,-39.223136901855469,-39.091400146484375,-39.394432067871094,-39.176319122314453,0
5.376,-40.074962615966797,-39.937419891357422,-39.994152069091797,-39.956535339355469,-40.13702392578125,-39.949085235595703,-40.310779571533203,-40.068988800048828,0
5.38,-39.263416290283203,-39.155254364013672,-39.287956237792969,-39.242942810058594,-39.410991668701172,-39.206317901611328,-39.56591796875,-39.32904052734375,0
5.384,-36.603424072265625,-36.510223388671875,-36.665271759033203,-36.646453857421875,-36.797130584716797,-36.627922058105469,-36.876079559326172,-36.70697021484375,0
5.388,-36.585113525390625,-36.562694549560547,-36.686576843261719,-36.677448272705078,-36.851146697998047,-36.719573974609375,-36.849754333496094,-36.73004150390625,0
5.392,-36.5467529296875,-36.643566131591797,-36.725666046142578,-36.706226348876953,-36.912528991699219,-36.786766052246094,-36.897735595703125,-36.750316619873047,0
5.396,-38.535266876220703,-38.683002471923828,-38.758689880371094,-38.708282470703125,-38.898792266845703,-38.8016357421875,-38.958457946777344,-38.717121124267578,0
5.4,-39.285350799560547,-39.337085723876953,-39.498065948486328,-39.392894744873047,-39.488517761230469,-39.494407653808594,-39.683971405029297,-39.370208740234375,0
5.404,-37.529705047607422,-37.418262481689453,-37.744098663330078,-37.625213623046875,-37.563835144042969,-37.707977294921875,-37.853527069091797,-37.575309753417969,0
5.408,-37.484752655029297,-37.280323028564453,-37.753143310546875,-37.683952331542969,-37.454948425292969,-37.698272705078125,-37.747028350830078,-37.594654083251953,0
5.412,-36.868305206298828,-36.697650909423828,-37.205669403076172,-37.231101989746094,-36.857868194580078,-37.119468688964844,-37.097068786621094,-37.083721160888672,0
5.416,-38.282928466796875,-38.244255065917969,-38.644432067871094,-38.805229187011719,-38.348480224609375,-38.541370391845703,-38.472522735595703,-38.576763153076172,0
5.42,-38.811767578125,-38.909172058105469,-39.137981414794922,-39.4163818359375,-38.94415283203125,-39.044361114501953,-38.921276092529297,-39.125110626220703,0
5.424,-36.757305145263672,-36.923057556152344,-37.024272918701172,-37.317913055419922,-36.875724792480469,-36.941028594970703,-36.757495880126953,-37.014759063720703,0
5.428,-36.401844024658203,-36.594860076904297,-36.651664733886719,-36.842765808105469,-36.498729705810547,-36.560070037841797,-36.334983825683594,-36.578971862792969,0
5.432,-35.807029724121094,-36.019603729248047,-36.089378356933594,-36.155986785888672,-35.955097198486328,-35.986431121826172,-35.757610321044922,-35.948997497558594,0
5.436,-37.51007080078125,-37.723705291748047,-37.80938720703125,-37.806201934814453,-37.720264434814453,-37.722576141357422,-37.52191162109375,-37.625602722167969,0
5.44,-38.468303680419922,-38.643524169921875,-38.764617919921875,-38.71588134765625,-38.692943572998047,-38.673664093017578,-38.560447692871094,-38.526874542236328,0
5.444,-37.04254150390625,-37.148338317871094,-37.332721710205078,-37.246635437011719,-37.249217987060547,-37.215301513671875,-37.226097106933594,-37.074626922607422,0
5.448,-37.9239501953125,-37.979156494140625,-38.199176788330078,-38.124217987060547,-38.124931335449219,-38.103019714355469,-38.170703887939453,-38.02032470703125,0
5.452,-38.399303436279297,-38.45892333984375,-38.684032440185547,-38.654369354248047,-38.637596130371094,-38.610401153564453,-38.668872833251953,-38.606487274169922,0
5.456,-40.207386016845703,-40.351524353027344,-40.558155059814453,-40.549652099609375,-40.512657165527344,-40.472740173339844,-40.513874053955078,-40.509490966796875,0
5.46,-40.950157165527344,-41.244102478027344,-41.380084991455078,-41.409904479980469,-41.297576904296875,-41.300865173339844,-41.345916748046875,-41.306327819824219,0
5.464,-39.03765869140625,-39.460407257080078,-39.495079040527344,-39.592918395996094,-39.3609619140625,-39.456352233886719,-39.551727294921875,-39.359966278076172,0
5.468,-39.072124481201172,-39.537322998046875,-39.47027587890625,-39.574420928955078,-39.351310729980469,-39.496997833251953,-39.648155212402344,-39.27490234375,0
5.472,-38.755970001220703,-39.161304473876953,-38.96722412109375,-39.022136688232422,-38.99017333984375,-39.087535858154297,-39.230033874511719,-38.834758758544922,0
5.476,-40.064617156982422,-40.329692840576172,-40.017547607421875,-40.052692413330078,-40.206932067871094,-40.255668640136719,-40.299163818359375,-40.068817138671875,0
5.48,-40.664398193359375,-40.75604248046875,-40.433124542236328,-40.507122039794922,-40.679271697998047,-40.73687744140625,-40.650779724121094,-40.616241455078125,0
5.484,-38.974090576171875,-38.906181335449219,-38.674449920654297,-38.8360595703125,-38.874530792236328,-38.945335388183594,-38.776805877685547,-38.846000671386719,0
5.488,-39.756336212158203,-39.584861755371094,-39.469226837158203,-39.740234375,-39.588794708251953,-39.672626495361328,-39.457969665527344,-39.527275085449219,0
5.492,-40.049102783203125,-39.851825714111328,-39.861003875732422,-40.15966796875,-39.871826171875,-39.971405029296875,-39.743736267089844,-39.757335662841797,0
5.496,-41.293865203857422,-41.168590545654297,-41.296802520751953,-41.458824157714844,-41.181591033935547,-41.27960205078125,-41.077049255371094,-41.045490264892578,0
5.5,-41.465141296386719,-41.475700378417969,-41.664909362792969,-41.614585876464844,-41.494224548339844,-41.543998718261719,-41.402851104736328,-41.359172821044922,0
5.504,-38.906047821044922,-39.019695281982422,-39.219268798828125,-39.018424987792969,-39.091838836669922,-39.050834655761719,-39.009021759033203,-38.94134521484375,0
5.508,-38.973094940185547,-39.080963134765625,-39.304454803466797,-39.0772705078125,-39.223686218261719,-39.16961669921875,-39.150249481201172,-39.044139862060547,0
5.512,-39.352745056152344,-39.367473602294922,-39.614940643310547,-39.463268280029297,-39.534446716308594,-39.599632263183594,-39.496025085449219,-39.354331970214844,0
5.516,-41.1890869140625,-41.114982604980469,-41.332969665527344,-41.2796630859375,-41.228851318359375,-41.452808380126953,-41.292442321777344,-41.116069793701172,0
5.52,-42.147571563720703,-41.999370574951172,-42.161579132080078,-42.198322296142578,-42.030811309814453,-42.380729675292969,-42.216999053955078,-42.018871307373047,0
5.524,-40.369377136230469,-40.169944763183594,-40.27008056640625,-40.3663330078125,-40.129535675048828,-40.513843536376953,-40.368461608886719,-40.172599792480469,0
5.528,-40.999900817871094,-40.819793701171875,-40.820728302001953,-40.91448974609375,-40.686241149902344,-40.997417449951172,-40.887229919433594,-40.746540069580078,0
5.532,-40.988872528076172,-40.839092254638672,-40.750682830810547,-40.820945739746094,-40.611686706542969,-40.84759521484375,-40.759368896484375,-40.686573028564453,0
5.536,-41.384063720703125,-41.241668701171875,-41.150505065917969,-41.1923828125,-41.009479522705078,-41.208984375,-41.118377685546875,-41.064231872558594,0
5.54,-40.835681915283203,-40.729869842529297,-40.67578125,-40.663322448730469,-40.565879821777344,-40.743621826171875,-40.616199493408203,-40.574726104736328,0
5.544,-37.693805694580078,-37.635211944580078,-37.587535858154297,-37.524871826171875,-37.513317108154297,-37.72540283203125,-37.50201416015625,-37.502311706542969,0
5.548,-37.194561004638672,-37.126873016357422,-37.093223571777344,-37.025409698486328,-37.025482177734375,-37.302997589111328,-36.971332550048828,-36.999504089355469,0
5.552,-36.767719268798828,-36.647075653076172,-36.657207489013672,-36.621856689453125,-36.554065704345703,-36.862346649169922,-36.481468200683594,-36.517974853515625,0
5.556,-37.968742370605469,-37.836711883544922,-37.907188415527344,-37.8656005859375,-37.740898132324219,-38.029014587402344,-37.66729736328125,-37.687976837158203,0
5.56,-39.273956298828125,-39.220855712890625,-39.374168395996094,-39.239025115966797,-39.169219970703125,-39.337360382080078,-39.093463897705078,-39.026786804199219,0
5.564,-37.752338409423828,-37.840423583984375,-38.022392272949219,-37.776470184326172,-37.873432159423828,-37.806041717529297,-37.774280548095703,-37.615081787109375,0
5.568,-38.463726043701172,-38.684864044189453,-38.818595886230469,-38.493888854980469,-38.796306610107422,-38.502830505371094,-38.631092071533203,-38.483440399169922,0
5.572,-39.097980499267578,-39.381855010986328,-39.481098175048828,-39.085712432861328,-39.525596618652344,-39.158061981201172,-39.270214080810547,-39.222503662109375,0
5.576,-40.518688201904297,-40.771167755126953,-40.851806640625,-40.432090759277344,-40.899955749511719,-40.602130889892578,-40.560718536376953,-40.629199981689453,0
5.58,-40.890869140625,-41.0830078125,-41.131977081298828,-40.798145294189453,-41.187583923339844,-40.994274139404297,-40.770366668701172,-40.924846649169922,0
5.584,-37.860496520996094,-38.005840301513672,-38.07904052734375,-37.861438751220703,-38.107196807861328,-38.003002166748047,-37.653675079345703,-37.848499298095703,0
5.588,-37.394245147705078,-37.476581573486328,-37.627769470214844,-37.458831787109375,-37.591716766357422,-37.5880126953125,-37.216655731201172,-37.389568328857422,0
5.592,-37.156024932861328,-37.180351257324219,-37.356407165527344,-37.225757598876953,-37.289752960205078,-37.392284393310547,-37.076744079589844,-37.172534942626953,0
5.596,-37.902660369873047,-37.9072265625,-38.043846130371094,-37.969047546386719,-37.988574981689453,-38.110160827636719,-37.897075653076172,-37.952037811279297,0
5.6,-38.211456298828125,-38.289817810058594,-38.332572937011719,-38.317432403564453,-38.310100555419922,-38.320640563964844,-38.243724822998047,-38.347454071044922,0
5.604,-35.367271423339844,-35.622608184814453,-35.508720397949219,-35.587543487548828,-35.522327423095703,-35.424858093261719,-35.42584228515625,-35.627838134765625,0
5.608,-35.199047088623047,-35.564373016357422,-35.302936553955078,-35.516075134277344,-35.382427215576172,-35.267620086669922,-35.232715606689453,-35.545623779296875,0
5.612,-35.513469696044922,-35.793876647949219,-35.46478271484375,-35.81109619140625,-35.707725524902344,-35.580425262451172,-35.484111785888672,-35.855766296386719,0
5.616,-36.905811309814453,-36.970966339111328,-36.65069580078125,-37.057647705078125,-37.092906951904297,-36.914146423339844,-36.802207946777344,-37.139862060546875,0
5.62,-37.913433074951172,-37.7235107421875,-37.459217071533203,-37.837982177734375,-37.991264343261719,-37.768321990966797,-37.684478759765625,-37.964164733886719,0
5.624,-35.605754852294922,-35.247180938720703,-35.083301544189453,-35.381237030029297,-35.558280944824219,-35.288780212402344,-35.29083251953125,-35.536399841308594,0
5.628,-35.918163299560547,-35.583427429199219,-35.576072692871094,-35.757678985595703,-35.881004333496094,-35.522937774658203,-35.672332763671875,-35.889881134033203,0
5.632,-36.538291931152344,-36.355724334716797,-36.510772705078125,-36.560199737548828,-36.610637664794922,-36.171680450439453,-36.463092803955078,-36.647758483886719,0
5.636,-37.866508483886719,-37.827903747558594,-38.056842803955078,-38.026237487792969,-38.063133239746094,-37.604351043701172,-37.969532012939453,-38.095264434814453,0
5.64,-39.0045166015625,-39.018573760986328,-39.230121612548828,-39.223255157470703,-39.244346618652344,-38.834556579589844,-39.197986602783203,-39.270221710205078,0
5.644,-37.093852996826172,-37.073505401611328,-37.2301025390625,-37.321697235107422,-37.256977081298828,-36.964862823486328,-37.245903015136719,-37.341949462890625,0
5.648,-37.933525085449219,-37.867839813232422,-37.961467742919922,-38.139892578125,-38.005146026611328,-37.837669372558594,-37.968029022216797,-38.123699188232422,0
5.652,-38.802093505859375,-38.756153106689453,-38.809551239013672,-38.993602752685547,-38.853668212890625,-38.759880065917969,-38.751544952392578,-38.894794464111328,0
5.656,-39.454582214355469,-39.446075439453125,-39.531951904296875,-39.635948181152344,-39.535789489746094,-39.476104736328125,-39.376506805419922,-39.443023681640625,0
5.66,-39.2938232421875,-39.301006317138672,-39.474205017089844,-39.418113708496094,-39.402210235595703,-39.363109588623047,-39.16351318359375,-39.1900634765625,0
5.664,-35.931865692138672,-35.991050720214844,-36.221031188964844,-35.968650817871094,-36.065258026123047,-36.091575622558594,-35.728900909423828,-35.782981872558594,0
5.668,-35.808856964111328,-35.890556335449219,-36.149833679199219,-35.793872833251953,-35.925872802734375,-36.090137481689453,-35.555896759033203,-35.675518035888672,0
5.672,-36.778125762939453,-36.781719207763672,-37.089988708496094,-36.774871826171875,-36.818622589111328,-37.0821533203125,-36.502349853515625,-36.717803955078125,0
5.676,-38.666961669921875,-38.585407257080078,-38.931419372558594,-38.73272705078125,-38.667839050292969,-38.897022247314453,-38.424121856689453,-38.722705841064453,0
5.68,-40.418846130371094,-40.31585693359375,-40.646167755126953,-40.563762664794922,-40.425952911376953,-40.54437255859375,-40.25494384765625,-40.550983428955078,0
5.684,-38.651885986328125,-38.541271209716797,-38.799247741699219,-38.797813415527344,-38.637348175048828,-38.627239227294922,-38.539905548095703,-38.762134552001953,0
5.688,-39.499420166015625,-39.380077362060547,-39.515247344970703,-39.584667205810547,-39.459911346435547,-39.306480407714844,-39.438343048095703,-39.570873260498047,0
5.692,-40.714427947998047,-40.679901123046875,-40.62847900390625,-40.781627655029297,-40.706348419189453,-40.455718994140625,-40.77618408203125,-40.822135925292969,0
5.696,-42.376789093017578,-42.518413543701172,-42.218914031982422,-42.462177276611328,-42.421215057373047,-42.188884735107422,-42.553619384765625,-42.553424835205078,0
5.7,-44.215263366699219,-44.493694305419922,-44.000568389892578,-44.311420440673828,-44.272174835205078,-44.115345001220703,-44.400177001953125,-44.418937683105469,0
5.704,-42.9500732421875,-43.249809265136719,-42.739463806152344,-43.053936004638672,-42.982250213623047,-42.834789276123047,-43.034660339355469,-43.094261169433594,0
5.708,-44.733928680419922,-44.949851989746094,-44.545257568359375,-44.815471649169922,-44.701011657714844,-44.5098876953125,-44.643848419189453,-44.719902038574219,0
5.712,-46.772674560546875,-46.823997497558594,-46.553722381591797,-46.7916259765625,-46.632560729980469,-46.462333679199219,-46.533214569091797,-46.587604522705078,0
5.716,-48.213459014892578,-48.096244812011719,-47.981822967529297,-48.222930908203125,-48.022239685058594,-47.947711944580078,-47.985851287841797,-47.982433319091797,0
5.72,-48.773265838623047,-48.54998779296875,-48.580802917480469,-48.867584228515625,-48.661914825439453,-48.660022735595703,-48.687797546386719,-48.614391326904297,0
5.724,-45.392780303955078,-45.140911102294922,-45.228649139404297,-45.58465576171875,-45.430778503417969,-45.443225860595703,-45.464092254638672,-45.327808380126953,0
5.728,-45.101032257080078,-44.902782440185547,-44.956867218017578,-45.327598571777344,-45.207805633544922,-45.221027374267578,-45.305805206298828,-45.071617126464844,0
5.732,-46.122852325439453,-45.984588623046875,-46.013999938964844,-46.293933868408203,-46.115795135498047,-46.170185089111328,-46.360370635986328,-46.034351348876953,0
5.736,-47.768535614013672,-47.659141540527344,-47.6964111328125,-47.815837860107422,-47.567066192626953,-47.720661163330078,-47.900169372558594,-47.637592315673828,0
5.74,-49.348075866699219,-49.273582458496094,-49.274555206298828,-49.313835144042969,-49.039295196533203,-49.314678192138672,-49.348804473876953,-49.265953063964844,0
5.744,-46.377330780029297,-46.311603546142578,-46.225543975830078,-46.367481231689453,-46.061859130859375,-46.439685821533203,-46.303802490234375,-46.371025085449219,0
5.748,-45.280937194824219,-45.1790771484375,-45.007823944091797,-45.333080291748047,-45.02899169921875,-45.440227508544922,-45.181449890136719,-45.340057373046875,0
5.752,-45.224987030029297,-45.122467041015625,-44.8958740234375,-45.356792449951172,-45.12060546875,-45.481376647949219,-45.159008026123047,-45.332763671875,0
5.756,-46.319480895996094,-46.27099609375,-46.033985137939453,-46.528278350830078,-46.353069305419922,-46.635162353515625,-46.321857452392578,-46.399700164794922,0
5.76,-47.847728729248047,-47.8121337890625,-47.633323669433594,-48.048820495605469,-47.879261016845703,-48.10162353515625,-47.918937683105469,-47.827838897705078,0
5.764,-44.589378356933594,-44.529258728027344,-44.461669921875,-44.785472869873047,-44.544464111328125,-44.756885528564453,-44.7811279296875,-44.538776397705078,0
5.768,-42.924522399902344,-42.913970947265625,-42.932518005371094,-43.227741241455078,-42.858989715576172,-43.114593505859375,-43.273761749267578,-42.946952819824219,0
5.772,-42.129478454589844,-42.236076354980469,-42.279815673828125,-42.527759552001953,-42.074840545654297,-42.353538513183594,-42.571697235107422,-42.216239929199219,0
5.776,-42.163738250732422,-42.326751708984375,-42.40594482421875,-42.568901062011719,-42.123096466064453,-42.331871032714844,-42.597343444824219,-42.30047607421875,0
5.78,-42.721607208251953,-42.821125030517578,-42.973419189453125,-43.0950927734375,-42.730518341064453,-42.783843994140625,-43.087779998779297,-42.906993865966797,0
5.784,-38.88800048828125,-38.890594482421875,-39.079174041748047,-39.216228485107422,-38.960529327392578,-38.871776580810547,-39.185077667236328,-39.084033966064453,0
5.788,-37.434349060058594,-37.395160675048828,-37.537376403808594,-37.696807861328125,-37.553661346435547,-37.396778106689453,-37.665111541748047,-37.6263427734375,0
5.792,-37.591999053955078,-37.542858123779297,-37.603343963623047,-37.736743927001953,-37.735919952392578,-37.550029754638672,-37.744621276855469,-37.759471893310547,0
5.796,-38.769706726074219,-38.692371368408203,-38.707500457763672,-38.789081573486328,-38.880382537841797,-38.736595153808594,-38.827392578125,-38.864227294921875,0
5.8,-40.133441925048828,-39.989612579345703,-40.026714324951172,-40.064891815185547,-40.106536865234375,-40.080944061279297,-40.094718933105469,-40.110595703125,0
5.804,-35.926830291748047,-35.713340759277344,-35.815582275390625,-35.795238494873047,-35.727714538574219,-35.799041748046875,-35.896270751953125,-35.808555603027344,0
5.808,-33.233787536621094,-32.970752716064453,-33.178844451904297,-33.086376190185547,-32.984710693359375,-33.059436798095703,-33.347007751464844,-33.13055419921875,0
5.812,-31.959527969360352,-31.628412246704102,-31.998788833618164,-31.840764999389648,-31.795436859130859,-31.751491546630859,-32.204273223876953,-31.946966171264648,0
5.816,-31.780330657958984,-31.417562484741211,-31.854354858398438,-31.705682754516602,-31.720224380493164,-31.488931655883789,-32.071922302246094,-31.843347549438477,0
5.82,-32.669963836669922,-32.329185485839844,-32.696002960205078,-32.632110595703125,-32.662761688232422,-32.303150177001953,-32.933551788330078,-32.736835479736328,0
5.824,-28.855794906616211,-28.500896453857422,-28.82244873046875,-28.818630218505859,-28.815761566162109,-28.469799041748047,-28.976434707641602,-28.851800918579102,0
5.828,-26.894863128662109,-26.500116348266602,-26.796005249023438,-26.846261978149414,-26.762599945068359,-26.549337387084961,-26.824621200561523,-26.818780899047852,0
5.832,-26.337230682373047,-25.901275634765625,-26.154775619506836,-26.296810150146484,-26.150634765625,-26.081949234008789,-26.179962158203125,-26.270370483398438,0
5.836,-26.491113662719727,-26.036174774169922,-26.259120941162109,-26.481781005859375,-26.334203720092773,-26.337972640991211,-26.388494491577148,-26.525506973266602,0
5.84,-27.636226654052734,-27.233072280883789,-27.414011001586914,-27.684122085571289,-27.547454833984375,-27.573055267333984,-27.623363494873047,-27.742244720458984,0
5.844,-24.515737533569336,-24.218362808227539,-24.333053588867188,-24.603155136108398,-24.491802215576172,-24.541223526000977,-24.523797988891602,-24.594415664672852,0
5.848,-23.746267318725586,-23.541595458984375,-23.589931488037109,-23.806346893310547,-23.771371841430664,-23.879446029663086,-23.722640991210938,-23.8016357421875,0
5.852,-24.179443359375,-23.979822158813477,-23.992950439453125,-24.174489974975586,-24.188076019287109,-24.397317886352539,-24.107448577880859,-24.225582122802734,0
5.856,-24.6505126953125,-24.441116333007812,-24.443954467773438,-24.659652709960938,-24.6358642578125,-24.960870742797852,-24.582515716552734,-24.70599365234375,0
5.86,-25.879144668579102,-25.767816543579102,-25.767065048217773,-26.060787200927734,-25.955657958984375,-26.378133773803711,-25.941213607788086,-26.034130096435547,0
5.864,-22.870712280273438,-22.886226654052734,-22.931253433227539,-23.269689559936523,-23.100017547607422,-23.521966934204102,-23.097484588623047,-23.132318496704102,0
5.868,-22.528280258178711,-22.609630584716797,-22.730602264404297,-23.028396606445312,-22.860406875610352,-23.139205932617188,-22.833868026733398,-22.8157958984375,0
5.872,-23.397272109985352,-23.489101409912109,-23.629846572875977,-23.843282699584961,-23.730093002319336,-23.834894180297852,-23.706298828125,-23.657470703125,0
5.876,-23.872295379638672,-23.893148422241211,-24.017084121704102,-24.139785766601562,-24.121063232421875,-24.123455047607422,-24.156774520874023,-24.096643447875977,0
5.88,-25.299249649047852,-25.165552139282227,-25.300384521484375,-25.319503784179688,-25.450155258178711,-25.414514541625977,-25.519048690795898,-25.499628067016602,0
5.884,-22.499679565429688,-22.258123397827148,-22.424942016601562,-22.324230194091797,-22.630184173583984,-22.584304809570312,-22.664276123046875,-22.710168838500977,0
5.888,-21.952245712280273,-21.765548706054688,-21.954839706420898,-21.732244491577148,-22.177438735961914,-22.119104385375977,-22.136806488037109,-22.19061279296875,0
5.892,-22.433755874633789,-22.340280532836914,-22.560785293579102,-22.268087387084961,-22.728591918945312,-22.704977035522461,-22.60772705078125,-22.670770645141602,0
5.896,-22.548791885375977,-22.444768905639648,-22.705593109130859,-22.456674575805664,-22.759105682373047,-22.881221771240234,-22.615213394165039,-22.70989990234375,0
5.9,-23.882425308227539,-23.743419647216797,-23.999969482421875,-23.877908706665039,-23.930032730102539,-24.242853164672852,-23.843206405639648,-23.888193130493164,0
5.904,-21.115118026733398,-20.965917587280273,-21.165416717529297,-21.168554306030273,-21.006036758422852,-21.461095809936523,-21.021600723266602,-20.987680435180664,0
5.908,-20.718358993530273,-20.569314956665039,-20.693777084350586,-20.781036376953125,-20.488002777099609,-21.000930786132812,-20.591705322265625,-20.548004150390625,0
5.912,-21.183023452758789,-21.110256195068359,-21.161678314208984,-21.260726928710938,-20.911840438842773,-21.379404067993164,-21.071300506591797,-21.049755096435547,0
5.916,-20.744594573974609,-20.781814575195312,-20.815866470336914,-20.831613540649414,-20.495321273803711,-20.815975189208984,-20.701934814453125,-20.689605712890625,0
5.92,-21.488714218139648,-21.526123046875,-21.622171401977539,-21.537765502929688,-21.2535400390625,-21.379497528076172,-21.481594085693359,-21.473287582397461,0
5.924,-18.358819961547852,-18.267679214477539,-18.443624496459961,-18.327917098999023,-18.101345062255859,-18.081558227539062,-18.340682983398438,-18.344049453735352,0
5.928,-18.164815902709961,-17.946252822875977,-18.195949554443359,-18.050832748413086,-17.893960952758789,-17.818460464477539,-18.13568115234375,-18.180963516235352,0
5.932,-19.524181365966797,-19.277828216552734,-19.59307861328125,-19.350305557250977,-19.263631820678711,-19.211696624755859,-19.455471038818359,-19.554088592529297,0
5.936,-19.883398056030273,-19.6839599609375,-20.040782928466797,-19.693477630615234,-19.626495361328125,-19.698940277099609,-19.761257171630859,-19.859661102294922,0
5.94,-20.986394882202148,-20.882579803466797,-21.226604461669922,-20.860042572021484,-20.73101806640625,-20.990474700927734,-20.894002914428711,-20.914022445678711,0
5.944,-17.969863891601562,-17.9788818359375,-18.234020233154297,-17.958202362060547,-17.734029769897461,-18.096155166625977,-18.001306533813477,-17.882913589477539,0
5.948,-18.024515151977539,-18.104440689086914,-18.205896377563477,-18.087703704833984,-17.821376800537109,-18.137044906616211,-18.17193603515625,-17.893133163452148,0
5.952,-19.906002044677734,-20.019826889038086,-19.936279296875,-19.976943969726562,-19.751449584960938,-19.944086074829102,-20.083110809326172,-19.721567153930664,0
5.956,-20.862655639648438,-21.018016815185547,-20.783529281616211,-20.922348022460938,-20.793655395507812,-20.845565795898438,-20.994501113891602,-20.693038940429688,0
5.96,-22.446802139282227,-22.664896011352539,-22.328546524047852,-22.466054916381836,-22.449457168579102,-22.386749267578125,-22.482601165771484,-22.28399658203125,0
5.964,-19.433456420898438,-19.710372924804688,-19.306575775146484,-19.353023529052734,-19.423025131225586,-19.333736419677734,-19.319845199584961,-19.182949066162109,0
5.968,-19.022974014282227,-19.299713134765625,-18.921859741210938,-18.829046249389648,-18.953287124633789,-18.921066284179688,-18.750478744506836,-18.656993865966797,0
5.972,-20.056024551391602,-20.267959594726562,-20.013702392578125,-19.812097549438477,-19.978591918945312,-20.003484725952148,-19.694259643554688,-19.6446533203125,0
5.976,-20.430629730224609,-20.617441177368164,-20.435907363891602,-20.239934921264648,-20.440820693969727,-20.447103500366211,-20.071285247802734,-20.074697494506836,0
5.98,-22.647567749023438,-22.886672973632812,-22.689804077148438,-22.589029312133789,-22.790859222412109,-22.722698211669922,-22.349361419677734,-22.443883895874023,0
5.984,-20.632354736328125,-20.922115325927734,-20.729274749755859,-20.7425537109375,-20.876958847045898,-20.743099212646484,-20.461349487304688,-20.680231094360352,0
5.988,-20.828426361083984,-21.165054321289062,-20.985500335693359,-21.13909912109375,-21.142660140991211,-20.966283798217773,-20.882125854492188,-21.153610229492188,0
5.992,-22.128625869750977,-22.526266098022461,-22.333486557006836,-22.649135589599609,-22.504110336303711,-22.321878433227539,-22.458654403686523,-22.650295257568359,0
5.996,-22.108221054077148,-22.547073364257812,-22.368719100952148,-22.768243789672852,-22.524862289428711,-22.405410766601562,-22.670724868774414,-22.743972778320312,0
6,-23.59735107421875,-24.039745330810547,-23.9254150390625,-24.274251937866211,-24.024154663085938,-24.011346817016602,-24.250509262084961,-24.267709732055664,0
6.004,-20.828426361083984,-21.214076995849609,-21.167470932006836,-21.421407699584961,-21.237274169921875,-21.305038452148438,-21.398220062255859,-21.429407119750977,0
6.008,-20.500698089599609,-20.748855590820312,-20.730447769165039,-20.963674545288086,-20.852081298828125,-20.9677734375,-20.871688842773438,-20.957635879516602,0
6.012,-21.827022552490234,-21.896219253540039,-21.854516983032227,-22.155786514282227,-22.046779632568359,-22.213994979858398,-21.971349716186523,-22.072896957397461,0
6.016,-21.946966171264648,-21.897466659545898,-21.787612915039062,-22.157318115234375,-22.028985977172852,-22.213754653930664,-21.939111709594727,-21.976846694946289,0
6.02,-23.526418685913086,-23.45635986328125,-23.259542465209961,-23.644540786743164,-23.531814575195312,-23.677623748779297,-23.457021713256836,-23.443552017211914,0
6.024,-21.09619140625,-21.037445068359375,-20.767400741577148,-21.155481338500977,-21.031915664672852,-21.145992279052734,-20.993688583374023,-20.961538314819336,0
6.028,-21.243658065795898,-21.199489593505859,-20.893865585327148,-21.301189422607422,-21.157506942749023,-21.254714965820312,-21.122249603271484,-21.042812347412109,0
6.032,-22.703750610351562,-22.715356826782227,-22.400003433227539,-22.839452743530273,-22.701198577880859,-22.772537231445312,-22.600332260131836,-22.466180801391602,0
6.036,-22.907831192016602,-23.008132934570312,-22.669952392578125,-23.140758514404297,-22.985042572021484,-23.054718017578125,-22.852807998657227,-22.729837417602539,0
6.04,-24.828054428100586,-24.992340087890625,-24.641550064086914,-25.084457397460938,-24.877288818359375,-24.984537124633789,-24.81573486328125,-24.760477066040039,0
6.044,-22.094406127929688,-22.277004241943359,-21.970241546630859,-22.304086685180664,-22.045064926147461,-22.200363159179688,-22.103038787841797,-22.089630126953125,0
6.048,-21.591991424560547,-21.800191879272461,-21.545421600341797,-21.771038055419922,-21.485559463500977,-21.674417495727539,-21.632717132568359,-21.630685806274414,0
6.052,-22.936700820922852,-23.213058471679688,-22.974742889404297,-23.136123657226562,-22.895792007446289,-23.033319473266602,-23.040939331054688,-23.040279388427734,0
6.056,-23.045486450195312,-23.366973876953125,-23.161325454711914,-23.269876480102539,-23.170131683349609,-23.120809555053711,-23.190725326538086,-23.172393798828125,0
6.06,-24.753637313842773,-25.033609390258789,-24.925506591796875,-24.951828002929688,-25.035507202148438,-24.775100708007812,-24.859920501708984,-24.841714859008789,0
6.064,-22.087047576904297,-22.236658096313477,-22.290878295898438,-22.187374114990234,-22.433786392211914,-22.085079193115234,-22.095739364624023,-22.104333877563477,0
6.068,-22.251049041748047,-22.240743637084961,-22.436580657958984,-22.246273040771484,-22.54248046875,-22.276519775390625,-22.15802001953125,-22.179407119750977,0
6.072,-24.44329833984375,-24.34942626953125,-24.5426025390625,-24.377471923828125,-24.583532333374023,-24.514553070068359,-24.291316986083984,-24.295394897460938,0
6.076,-24.859186172485352,-24.805419921875,-24.847164154052734,-24.752202987670898,-24.832424163818359,-24.968368530273438,-24.732967376708984,-24.697555541992188,0
6.08,-26.728042602539062,-26.777715682983398,-26.622692108154297,-26.634735107421875,-26.589019775390625,-26.882894515991211,-26.684011459350586,-26.613231658935547,0
6.084,-24.371456146240234,-24.541910171508789,-24.219051361083984,-24.3865966796875,-24.236934661865234,-24.615139007568359,-24.391998291015625,-24.349390029907227,0
6.088,-24.901605606079102,-25.219219207763672,-24.7906494140625,-25.050624847412109,-24.906503677368164,-25.273723602294922,-24.953802108764648,-25.013345718383789,0
6.092,-27.209808349609375,-27.635778427124023,-27.201330184936523,-27.453283309936523,-27.371343612670898,-27.640390396118164,-27.300899505615234,-27.423229217529297,0
6.096,-27.120473861694336,-27.572683334350586,-27.186931610107422,-27.432809829711914,-27.371973037719727,-27.475290298461914,-27.307723999023438,-27.366832733154297,0
6.1,-28.374750137329102,-28.813558578491211,-28.400436401367188,-28.724355697631836,-28.654891967773438,-28.605859756469727,-28.658960342407227,-28.592849731445312,0
6.104,-25.717782974243164,-26.116958618164062,-25.608856201171875,-26.021631240844727,-25.934667587280273,-25.842077255249023,-25.975473403930664,-25.854854583740234,0
6.108,-26.197443008422852,-26.544490814208984,-26.007457733154297,-26.375326156616211,-26.291620254516602,-26.228271484375,-26.325170516967773,-26.282918930053711,0
6.112,-28.368408203125,-28.664852142333984,-28.182256698608398,-28.423730850219727,-28.370000839233398,-28.314905166625977,-28.364599227905273,-28.468246459960938,0
6.116,-27.884578704833984,-28.134420394897461,-27.718267440795898,-27.91351318359375,-27.887884140014648,-27.778142929077148,-27.79791259765625,-28.014425277709961,0
6.12,-28.919353485107422,-29.132854461669922,-28.772649765014648,-29.028375625610352,-29.016107559204102,-28.804601669311523,-28.799880981445312,-29.060800552368164,0
6.124,-26.233062744140625,-26.442031860351562,-26.104028701782227,-26.468624114990234,-26.458276748657227,-26.149612426757812,-26.163106918334961,-26.384490966796875,0
6.128,-26.847345352172852,-27.102687835693359,-26.713253021240234,-27.214824676513672,-27.209987640380859,-26.838293075561523,-26.921123504638672,-27.061874389648438,0
6.132,-29.231185913085938,-29.564962387084961,-29.105672836303711,-29.723934173583984,-29.690170288085938,-29.329580307006836,-29.456497192382812,-29.569610595703125,0
6.136,-28.555028915405273,-28.950836181640625,-28.512105941772461,-29.131725311279297,-29.031051635742188,-28.766016006469727,-28.883005142211914,-29.032546997070312,0
6.14,-28.928646087646484,-29.326700210571289,-28.992992401123047,-29.508056640625,-29.367105484008789,-29.188751220703125,-29.319067001342773,-29.514629364013672,0
6.144,-25.128839492797852,-25.529170989990234,-25.266839981079102,-25.660650253295898,-25.500823974609375,-25.343700408935547,-25.582494735717773,-25.767156600952148,0
6.148,-24.736907958984375,-25.135528564453125,-24.879705429077148,-25.180618286132812,-25.019205093383789,-24.842449188232422,-25.231472015380859,-25.326593399047852,0
6.152,-27.219284057617188,-27.466293334960938,-27.274606704711914,-27.475881576538086,-27.367050170898438,-27.183694839477539,-27.623113632202148,-27.594497680664062,0
6.156,-27.835592269897461,-27.857538223266602,-27.804656982421875,-27.894571304321289,-27.859060287475586,-27.696619033813477,-28.047964096069336,-27.902898788452148,0
6.16,-30.112569808959961,-30.057687759399414,-30.126739501953125,-30.132467269897461,-30.1380615234375,-29.936691284179688,-30.20751953125,-29.998922348022461,0
6.164,-28.029378890991211,-28.031768798828125,-28.207073211669922,-28.106536865234375,-28.120311737060547,-27.813827514648438,-28.135583877563477,-27.933053970336914,0
6.168,-28.621673583984375,-28.658712387084961,-28.950658798217773,-28.695419311523438,-28.658229827880859,-28.325586318969727,-28.786296844482422,-28.599508285522461,0
6.172,-30.785869598388672,-30.794870376586914,-31.170816421508789,-30.795440673828125,-30.622711181640625,-30.40869140625,-30.988262176513672,-30.788314819335938,0
6.176,-29.901636123657227,-29.859380722045898,-30.223989486694336,-29.776031494140625,-29.504665374755859,-29.479766845703125,-30.062753677368164,-29.858318328857422,0
6.18,-30.784679412841797,-30.660415649414062,-30.943441390991211,-30.428218841552734,-30.233062744140625,-30.363306045532227,-30.811029434204102,-30.634302139282227,0
6.184,-27.71575927734375,-27.506084442138672,-27.696649551391602,-27.190023422241211,-27.174245834350586,-27.344585418701172,-27.635066986083984,-27.453105926513672,0
6.188,-27.837610244750977,-27.625503540039062,-27.720718383789062,-27.336080551147461,-27.439931869506836,-27.572719573974609,-27.774486541748047,-27.54632568359375,0
6.192,-30.540288925170898,-30.410015106201172,-30.441417694091797,-30.172708511352539,-30.312923431396484,-30.425674438476562,-30.536092758178711,-30.334621429443359,0
6.196,-30.60455322265625,-30.572454452514648,-30.594509124755859,-30.360015869140625,-30.4833984375,-30.648834228515625,-30.614706039428711,-30.534082412719727,0
6.2,-31.997644424438477,-32.037921905517578,-32.037738800048828,-31.814691543579102,-31.893499374389648,-32.134815216064453,-32.006744384765625,-32.053123474121094,0
6.204,-28.667278289794922,-28.719127655029297,-28.643020629882812,-28.477596282958984,-28.544963836669922,-28.753398895263672,-28.675619125366211,-28.795501708984375,0
6.208,-28.068765640258789,-28.047710418701172,-27.910772323608398,-27.845623016357422,-27.924831390380859,-28.009552001953125,-28.022258758544922,-28.147974014282227,0
6.212,-29.949249267578125,-29.800008773803711,-29.673028945922852,-29.672094345092773,-29.78887939453125,-29.748519897460938,-29.758855819702148,-29.867229461669922,0
6.216,-29.212194442749023,-28.938949584960938,-28.865108489990234,-28.836999893188477,-29.037542343139648,-28.902156829833984,-28.858438491821289,-28.976909637451172,0
6.22,-30.332977294921875,-29.966964721679688,-29.979442596435547,-29.863037109375,-30.131237030029297,-29.961587905883789,-29.913616180419922,-30.014226913452148,0
6.224,-27.217300415039062,-26.825613021850586,-26.925369262695312,-26.721822738647461,-27.000696182250977,-26.853067398071289,-26.852609634399414,-26.852931976318359,0
6.228,-26.952810287475586,-26.638774871826172,-26.777679443359375,-26.528661727905273,-26.791362762451172,-26.683218002319336,-26.712408065795898,-26.597864151000977,0
6.232,-29.198654174804688,-29.041866302490234,-29.167043685913086,-28.934026718139648,-29.171031951904297,-29.064126968383789,-29.115606307983398,-28.923730850219727,0
6.236,-28.763357162475586,-28.813695907592773,-28.890588760375977,-28.720376968383789,-28.892126083374023,-28.747665405273438,-28.846105575561523,-28.644094467163086,0
6.24,-30.276483535766602,-30.51458740234375,-30.595058441162109,-30.468847274780273,-30.517055511474609,-30.393621444702148,-30.476751327514648,-30.358760833740234,0
6.244,-27.648260116577148,-27.953088760375977,-28.095428466796875,-27.991521835327148,-27.896785736083984,-27.879644393920898,-27.835536956787109,-27.830642700195312,0
6.248,-28.01141357421875,-28.289424896240234,-28.429473876953125,-28.381326675415039,-28.170101165771484,-28.265518188476562,-28.105661392211914,-28.169855117797852,0
6.252,-30.919427871704102,-31.162298202514648,-31.216836929321289,-31.230264663696289,-30.957744598388672,-31.120208740234375,-30.968658447265625,-31.028030395507812,0
6.256,-30.927791595458984,-31.099559783935547,-31.083013534545898,-31.158157348632812,-30.881414413452148,-31.085016250610352,-30.996547698974609,-30.986383438110352,0
6.26,-32.944847106933594,-32.992301940917969,-32.965229034423828,-33.135517120361328,-32.895641326904297,-33.101245880126953,-33.072784423828125,-32.968994140625,0
6.264,-30.629150390625,-30.5621337890625,-30.539571762084961,-30.800807952880859,-30.637140274047852,-30.788238525390625,-30.814077377319336,-30.626998901367188,0
6.268,-30.636989593505859,-30.493703842163086,-30.469039916992188,-30.770427703857422,-30.684225082397461,-30.796844482421875,-30.790044784545898,-30.596612930297852,2
6.272,-32.565948486328125,-32.386138916015625,-32.344627380371094,-32.625030517578125,-32.587726593017578,-32.690513610839844,-32.582294464111328,-32.464447021484375,0
6.276,-31.443157196044922,-31.236227035522461,-31.167810440063477,-31.438512802124023,-31.404876708984375,-31.477264404296875,-31.315176010131836,-31.268850326538086,1
6.28,-33.017505645751953,-32.80810546875,-32.733745574951172,-33.053916931152344,-32.969207763671875,-33.009082794189453,-32.883106231689453,-32.864250183105469,0
6.284,-30.99468994140625,-30.845804214477539,-30.75531005859375,-31.131994247436523,-30.982152938842773,-31.031381607055664,-30.994766235351562,-30.980642318725586,0
6.288,-31.793603897094727,-31.688446044921875,-31.564249038696289,-31.971328735351562,-31.813747406005859,-31.902217864990234,-31.916671752929688,-31.909170150756836,0
6.292,-34.676231384277344,-34.581451416015625,-34.439159393310547,-34.824455261230469,-34.744159698486328,-34.866741180419922,-34.846332550048828,-34.888206481933594,0
6.296,-33.811737060546875,-33.734088897705078,-33.608757019042969,-33.868194580078125,-33.916587829589844,-34.032207489013672,-33.924186706542969,-34.108501434326172,0
6.3,-34.836570739746094,-34.768321990966797,-34.703422546386719,-34.759490966796875,-34.937126159667969,-34.980926513671875,-34.780975341796875,-35.122852325439453,0
6.304,-31.871852874755859,-31.838180541992188,-31.848690032958984,-31.737630844116211,-31.950460433959961,-31.918788909912109,-31.655553817749023,-32.080059051513672,0
6.308,-31.7493896484375,-31.758346557617188,-31.821651458740234,-31.641927719116211,-31.797103881835938,-31.731430053710938,-31.428112030029297,-31.897531509399414,0
6.312,-34.025749206542969,-34.011035919189453,-34.078754425048828,-33.927349090576172,-34.014030456542969,-33.940044403076172,-33.642650604248047,-34.110736846923828,0
6.316,-32.885204315185547,-32.801158905029297,-32.836151123046875,-32.75384521484375,-32.755451202392578,-32.740306854248047,-32.483757019042969,-32.88092041015625,0
6.32,-34.008563995361328,-33.85894775390625,-33.829051971435547,-33.805767059326172,-33.737285614013672,-33.837299346923828,-33.588665008544922,-33.87493896484375,0
6.324,-31.114040374755859,-30.915447235107422,-30.818248748779297,-30.839916229248047,-30.7449951171875,-30.928049087524414,-30.725423812866211,-30.872966766357422,0
6.328,-30.887359619140625,-30.680582046508789,-30.605306625366211,-30.630880355834961,-30.507040023803711,-30.72650146484375,-30.667827606201172,-30.683864593505859,0
6.332,-33.20489501953125,-33.062152862548828,-33.099357604980469,-33.099475860595703,-32.951221466064453,-33.150554656982422,-33.21649169921875,-33.162464141845703,0
6.336,-32.04736328125,-32.027393341064453,-32.141746520996094,-32.146507263183594,-31.987890243530273,-32.128868103027344,-32.223686218261719,-32.146293640136719,0
6.34,-33.041790008544922,-33.089374542236328,-33.218364715576172,-33.231658935546875,-33.093219757080078,-33.189872741699219,-33.275238037109375,-33.177848815917969,0
6.344,-30.121456146240234,-30.092367172241211,-30.276163101196289,-30.231485366821289,-30.167873382568359,-30.245555877685547,-30.293560028076172,-30.18145751953125,0
6.348,-30.223596572875977,-30.054388046264648,-30.301767349243164,-30.179956436157227,-30.210494995117188,-30.300411224365234,-30.248754501342773,-30.139760971069336,0
6.352,-33.203754425048828,-32.925067901611328,-33.187644958496094,-33.024883270263672,-33.179443359375,-33.264240264892578,-33.127246856689453,-33.018505096435547,0
6.356,-32.773681640625,-32.442047119140625,-32.712303161621094,-32.517719268798828,-32.856834411621094,-32.876457214355469,-32.726341247558594,-32.589916229248047,0
6.36,-34.587932586669922,-34.292839050292969,-34.510856628417969,-34.321704864501953,-34.814441680908203,-34.743988037109375,-34.61224365234375,-34.463298797607422,0
6.364,-32.166496276855469,-31.970626831054688,-32.04986572265625,-31.929544448852539,-32.441112518310547,-32.331535339355469,-32.217742919921875,-32.114837646484375,0
6.368,-32.017669677734375,-31.895471572875977,-31.850780487060547,-31.816366195678711,-32.246349334716797,-32.174980163574219,-32.034770965576172,-32.047466278076172,0
6.372,-34.147937774658203,-34.065055847167969,-33.929962158203125,-33.975395202636719,-34.284191131591797,-34.2784423828125,-34.075359344482422,-34.223228454589844,0
6.376,-32.84832763671875,-32.823719024658203,-32.579753875732422,-32.719860076904297,-32.869194030761719,-32.942890167236328,-32.702281951904297,-32.906749725341797,0
6.38,-34.493827819824219,-34.497833251953125,-34.181793212890625,-34.438365936279297,-34.430870056152344,-34.560356140136719,-34.303821563720703,-34.501953125,0
6.384,-32.292339324951172,-32.226726531982422,-31.966812133789062,-32.301910400390625,-32.223979949951172,-32.30792236328125,-32.045005798339844,-32.254783630371094,0
6.388,-32.4979248046875,-32.380992889404297,-32.222434997558594,-32.546855926513672,-32.476493835449219,-32.444236755371094,-32.203960418701172,-32.486328125,0
6.392,-35.421527862548828,-35.4163818359375,-35.227714538574219,-35.510417938232422,-35.499980926513672,-35.338714599609375,-35.151226043701172,-35.520469665527344,0
6.396,-34.834129333496094,-35.020130157470703,-34.7139892578125,-34.980701446533203,-35.072895050048828,-34.818084716796875,-34.679840087890625,-35.051933288574219,0
6.4,-36.705150604248047,-36.999046325683594,-36.65362548828125,-36.900108337402344,-37.032764434814453,-36.807994842529297,-36.664848327636719,-36.965747833251953,0
6.404,-34.298789978027344,-34.604270935058594,-34.278888702392578,-34.522514343261719,-34.598014831542969,-34.504863739013672,-34.296741485595703,-34.522979736328125,0
6.408,-33.97503662109375,-34.219440460205078,-33.904003143310547,-34.193920135498047,-34.222118377685547,-34.232372283935547,-33.961822509765625,-34.098491668701172,0
6.412,-36.056327819824219,-36.152214050292969,-35.8785400390625,-36.198505401611328,-36.198333740234375,-36.221752166748047,-35.994640350341797,-36.004150390625,0
6.416,-34.218772888183594,-34.171142578125,-33.974632263183594,-34.287651062011719,-34.197723388671875,-34.201416015625,-34.138530731201172,-34.032398223876953,0
6.42,-35.095355987548828,-35.027885437011719,-34.845573425292969,-35.158073425292969,-35.003196716308594,-34.986724853515625,-35.098590850830078,-34.929119110107422,0
6.424,-32.517681121826172,-32.508678436279297,-32.264556884765625,-32.581390380859375,-32.496326446533203,-32.430339813232422,-32.645214080810547,-32.466758728027344,0
6.428,-32.7750244140625,-32.8385009765625,-32.529430389404297,-32.837432861328125,-32.862724304199219,-32.780906677246094,-33.008220672607422,-32.864665985107422,0
6.432,-36.033203125,-36.189342498779297,-35.831439971923828,-36.124279022216797,-36.208152770996094,-36.171470642089844,-36.346393585205078,-36.2476806640625,0
6.436,-35.498950958251953,-35.716541290283203,-35.372406005859375,-35.646404266357422,-35.755645751953125,-35.737102508544922,-35.833366394042969,-35.784839630126953,0
6.44,-37.263206481933594,-37.448474884033203,-37.206897735595703,-37.456127166748047,-37.546428680419922,-37.538440704345703,-37.534080505371094,-37.540912628173828,0
6.444,-34.850605010986328,-34.95745849609375,-34.783172607421875,-35.005668640136719,-35.035186767578125,-35.100730895996094,-34.989402770996094,-35.047496795654297,0
6.448,-34.86383056640625,-34.935211181640625,-34.690898895263672,-34.90447998046875,-34.888164520263672,-35.020915985107422,-34.8804931640625,-34.97735595703125,0
6.452,-37.773548126220703,-37.793407440185547,-37.421134948730469,-37.650836944580078,-37.643699645996094,-37.768585205078125,-37.709381103515625,-37.788013458251953,0
6.456,-36.618877410888672,-36.470481872558594,-36.05401611328125,-36.297904968261719,-36.361961364746094,-36.421367645263672,-36.444610595703125,-36.478923797607422,0
6.46,-37.704856872558594,-37.367424011230469,-37.03875732421875,-37.272758483886719,-37.400543212890625,-37.364593505859375,-37.418846130371094,-37.438365936279297,0
6.464,-34.633350372314453,-34.240653991699219,-34.066699981689453,-34.239177703857422,-34.387596130371094,-34.25286865234375,-34.3408203125,-34.345947265625,0
6.468,-34.081287384033203,-33.739501953125,-33.694305419921875,-33.804698944091797,-33.940135955810547,-33.715587615966797,-33.867389678955078,-33.830333709716797,0
6.472,-36.832469940185547,-36.557670593261719,-36.553211212158203,-36.685203552246094,-36.744194030761719,-36.472587585449219,-36.681907653808594,-36.603630065917969,0
6.476,-35.67822265625,-35.47967529296875,-35.434967041015625,-35.606559753417969,-35.593681335449219,-35.353507995605469,-35.536083221435547,-35.476860046386719,0
6.48,-36.578544616699219,-36.464996337890625,-36.316448211669922,-36.4764404296875,-36.508087158203125,-36.322612762451172,-36.410167694091797,-36.394096374511719,0
6.484,-32.991405487060547,-32.958911895751953,-32.677909851074219,-32.794750213623047,-32.940135955810547,-32.750579833984375,-32.805164337158203,-32.778892517089844,0
6.488,-32.030170440673828,-32.053730010986328,-31.739696502685547,-31.776067733764648,-31.995321273803711,-31.758626937866211,-31.855937957763672,-31.814788818359375,0
6.492,-35.015228271484375,-35.029838562011719,-34.812641143798828,-34.774169921875,-35.00885009765625,-34.73797607421875,-34.871936798095703,-34.848541259765625,0
6.496,-34.397541046142578,-34.357189178466797,-34.22650146484375,-34.230796813964844,-34.404766082763672,-34.158405303955078,-34.28790283203125,-34.292167663574219,0
6.5,-36.257862091064453,-36.129356384277344,-36.019886016845703,-36.17828369140625,-36.197154998779297,-36.044475555419922,-36.129283905029297,-36.209300994873047,0
6.504,-34.253925323486328,-34.010734558105469,-33.920970916748047,-34.204154968261719,-34.060966491699219,-34.015251159667969,-34.058929443359375,-34.244915008544922,0
6.508,-34.721092224121094,-34.456523895263672,-34.375926971435547,-34.6627197265625,-34.453239440917969,-34.475170135498047,-34.520641326904297,-34.729667663574219,0
6.512,-38.269157409667969,-38.101825714111328,-38.002887725830078,-38.222740173339844,-38.033123016357422,-38.044322967529297,-38.131053924560547,-38.275146484375,0
6.516,-37.370105743408203,-37.296924591064453,-37.188529968261719,-37.366748809814453,-37.202556610107422,-37.135337829589844,-37.301250457763672,-37.362438201904297,0
6.52,-38.545879364013672,-38.544151306152344,-38.441173553466797,-38.620994567871094,-38.416980743408203,-38.275859832763672,-38.596729278564453,-38.55706787109375,0
6.524,-35.500080108642578,-35.557514190673828,-35.480735778808594,-35.689411163330078,-35.36907958984375,-35.180492401123047,-35.709217071533203,-35.583610534667969,0
6.528,-34.786388397216797,-34.839103698730469,-34.793254852294922,-35.039569854736328,-34.626964569091797,-34.390483856201172,-35.052043914794922,-34.916736602783203,0
6.532,-37.440013885498047,-37.427665710449219,-37.398296356201172,-37.606647491455078,-37.256927490234375,-36.978015899658203,-37.632305145263672,-37.534942626953125,0
6.536,-35.747730255126953,-35.67108154296875,-35.663127899169922,-35.731334686279297,-35.59381103515625,-35.317211151123047,-35.851493835449219,-35.769279479980469,0
6.54,-36.470569610595703,-36.37451171875,-36.379558563232422,-36.286796569824219,-36.38763427734375,-36.149127960205078,-36.503387451171875,-36.416004180908203,0
6.544,-33.709800720214844,-33.609619140625,-33.61138916015625,-33.407215118408203,-33.653526306152344,-33.435108184814453,-33.608844757080078,-33.569297790527344,0
6.548,-33.681316375732422,-33.52569580078125,-33.539104461669922,-33.3004150390625,-33.569866180419922,-33.349384307861328,-33.395641326904297,-33.443931579589844,0
6.552,-36.910209655761719,-36.693359375,-36.735210418701172,-36.504791259765625,-36.729320526123047,-36.510894775390625,-36.532623291015625,-36.627189636230469,0
6.556,-35.448566436767578,-35.262256622314453,-35.264404296875,-35.079692840576172,-35.23260498046875,-35.026813507080078,-35.093761444091797,-35.218791961669922,0
6.56,-36.119903564453125,-36.04876708984375,-35.873485565185547,-35.825939178466797,-35.912506103515625,-35.716789245605469,-35.815185546875,-35.9796142578125,0
6.564,-33.012676239013672,-33.072582244873047,-32.709156036376953,-32.826244354248047,-32.893970489501953,-32.68634033203125,-32.78125,-32.941822052001953,0
6.568,-32.771690368652344,-32.922386169433594,-32.491779327392578,-32.6807861328125,-32.782794952392578,-32.5440673828125,-32.616081237792969,-32.759929656982422,0
6.572,-36.322010040283203,-36.471282958984375,-36.074913024902344,-36.249687194824219,-36.354228973388672,-36.094165802001953,-36.192588806152344,-36.314525604248047,0
6.576,-35.184459686279297,-35.203643798828125,-34.937583923339844,-35.067535400390625,-35.082603454589844,-34.831340789794922,-35.03460693359375,-35.075817108154297,0
6.58,-36.126354217529297,-35.957416534423828,-35.878135681152344,-35.972129821777344,-35.891197204589844,-35.657024383544922,-35.943981170654297,-35.906425476074219,0
6.584,-33.359733581542969,-33.054218292236328,-33.135986328125,-33.227783203125,-33.107433319091797,-32.878398895263672,-33.164287567138672,-33.102336883544922,0
6.588,-33.033946990966797,-32.672996520996094,-32.857707977294922,-32.991718292236328,-32.854362487792969,-32.652606964111328,-32.886566162109375,-32.788902282714844,0
6.592,-36.010284423828125,-35.671501159667969,-35.890068054199219,-36.097770690917969,-35.943473815917969,-35.815013885498047,-35.996501922607422,-35.829730987548828,0
6.596,-34.144176483154297,-33.855579376220703,-34.085651397705078,-34.320659637451172,-34.146800994873047,-34.103752136230469,-34.241485595703125,-34.056854248046875,0
6.6,-34.389392852783203,-34.138397216796875,-34.394878387451172,-34.566852569580078,-34.366962432861328,-34.389057159423828,-34.510887145996094,-34.367362976074219,0
6.604,-30.732997894287109,-30.520620346069336,-30.775325775146484,-30.851634979248047,-30.679586410522461,-30.723232269287109,-30.869655609130859,-30.768732070922852,0
6.608,-29.51556396484375,-29.338769912719727,-29.572015762329102,-29.555582046508789,-29.522195816040039,-29.566766738891602,-29.693716049194336,-29.641429901123047,0
6.612,-32.456829071044922,-32.325122833251953,-32.557823181152344,-32.454460144042969,-32.586204528808594,-32.666645050048828,-32.706127166748047,-32.680999755859375,0
6.616,-31.316768646240234,-31.270441055297852,-31.485803604125977,-31.364303588867188,-31.579996109008789,-31.717508316040039,-31.650161743164062,-31.606777191162109,0
6.62,-32.358726501464844,-32.402458190917969,-32.54241943359375,-32.505352020263672,-32.703472137451172,-32.898979187011719,-32.708934783935547,-32.614158630371094,0
6.624,-29.240453720092773,-29.334936141967773,-29.366281509399414,-29.470392227172852,-29.569564819335938,-29.7967529296875,-29.536630630493164,-29.361871719360352,0
6.628,-28.357513427734375,-28.469732284545898,-28.433837890625,-28.696023941040039,-28.635951995849609,-28.843008041381836,-28.63592529296875,-28.387191772460938,0
6.632,-31.447357177734375,-31.513071060180664,-31.476690292358398,-31.905864715576172,-31.65643310546875,-31.830867767333984,-31.730724334716797,-31.440227508544922,0
6.636,-30.235651016235352,-30.214458465576172,-30.187728881835938,-30.741338729858398,-30.370697021484375,-30.520517349243164,-30.451364517211914,-30.195718765258789,0
6.64,-31.485027313232422,-31.433773040771484,-31.419658660888672,-31.949352264404297,-31.611291885375977,-31.728643417358398,-31.602605819702148,-31.45989990234375,0
6.644,-28.696929931640625,-28.643148422241211,-28.662639617919922,-29.03759765625,-28.829631805419922,-28.930471420288086,-28.745132446289062,-28.689254760742188,0
6.648,-27.861572265625,-27.768997192382812,-27.769130706787109,-28.050088882446289,-27.894601821899414,-28.052459716796875,-27.797384262084961,-27.79681396484375,0
6.652,-30.960428237915039,-30.836162567138672,-30.74102783203125,-31.094711303710938,-30.818078994750977,-31.03948974609375,-30.720718383789062,-30.803985595703125,0
6.656,-29.750783920288086,-29.621963500976562,-29.467447280883789,-29.971796035766602,-29.511489868164062,-29.675607681274414,-29.406291961669922,-29.574844360351562,0
6.66,-31.233749389648438,-31.096918106079102,-30.992794036865234,-31.591634750366211,-31.009185791015625,-31.060506820678711,-30.927104949951172,-31.140050888061523,0
6.664,-28.823450088500977,-28.683462142944336,-28.704738616943359,-29.248407363891602,-28.667242050170898,-28.663177490234375,-28.636850357055664,-28.838756561279297,0
6.668,-28.042095184326172,-27.905923843383789,-28.029495239257812,-28.395137786865234,-27.982721328735352,-27.974634170532227,-27.97052001953125,-28.129104614257812,0
6.672,-31.162347793579102,-31.034297943115234,-31.183664321899414,-31.339199066162109,-31.177713394165039,-31.20684814453125,-31.124797821044922,-31.261684417724609,0
6.676,-30.076732635498047,-29.978897094726562,-30.117691040039062,-30.081832885742188,-30.082681655883789,-30.178857803344727,-29.98236083984375,-30.118814468383789,0
6.68,-31.673122406005859,-31.602142333984375,-31.736822128295898,-31.598638534545898,-31.618301391601562,-31.756420135498047,-31.493526458740234,-31.593414306640625,0
6.684,-29.615468978881836,-29.544643402099609,-29.695703506469727,-29.579229354858398,-29.548971176147461,-29.654354095458984,-29.367828369140625,-29.406606674194336,0
6.688,-29.3363037109375,-29.254968643188477,-29.472894668579102,-29.437908172607422,-29.339214324951172,-29.375682830810547,-29.064376831054688,-29.083597183227539,0
6.692,-32.597332000732422,-32.46368408203125,-32.816642761230469,-32.843402862548828,-32.684295654296875,-32.689506530761719,-32.32470703125,-32.387351989746094,0
6.696,-31.036294937133789,-30.850488662719727,-31.319545745849609,-31.338281631469727,-31.194931030273438,-31.207530975341797,-30.783870697021484,-30.921310424804688,0
6.7,-31.869161605834961,-31.76007080078125,-32.230113983154297,-32.207511901855469,-32.148765563964844,-32.182243347167969,-31.747344970703125,-31.922647476196289,0
6.704,-29.019908905029297,-29.076330184936523,-29.491949081420898,-29.442333221435547,-29.447458267211914,-29.51373291015625,-29.086940765380859,-29.260534286499023,0
6.708,-28.276947021484375,-28.462963104248047,-28.847463607788086,-28.787160873413086,-28.815774917602539,-28.870071411132812,-28.443634033203125,-28.665475845336914,0
6.712,-31.798412322998047,-32.045463562011719,-32.382701873779297,-32.354297637939453,-32.403308868408203,-32.330585479736328,-31.955730438232422,-32.292003631591797,0
6.716,-30.865550994873047,-31.096654891967773,-31.334558486938477,-31.342632293701172,-31.412038803100586,-31.212652206420898,-30.910696029663086,-31.365352630615234,0
6.72,-32.588645935058594,-32.748497009277344,-32.904560089111328,-32.869037628173828,-32.938621520996094,-32.748432159423828,-32.472461700439453,-33.005146026611328,0
6.724,-30.554470062255859,-30.67449951171875,-30.81756591796875,-30.688714981079102,-30.699258804321289,-30.617940902709961,-30.348186492919922,-30.876958847045898,0
6.728,-29.725641250610352,-29.889064788818359,-30.021203994750977,-29.844009399414062,-29.736354827880859,-29.790231704711914,-29.512899398803711,-29.96435546875,0
6.732,-32.329662322998047,-32.551746368408203,-32.668933868408203,-32.477222442626953,-32.314075469970703,-32.424427032470703,-32.165679931640625,-32.465534210205078,0
6.736,-30.261388778686523,-30.483409881591797,-30.617172241210938,-30.392816543579102,-30.316070556640625,-30.355373382568359,-30.183053970336914,-30.272974014282227,0
6.74,-31.229009628295898,-31.433603286743164,-31.544368743896484,-31.311859130859375,-31.380477905273438,-31.310022354125977,-31.204296112060547,-31.162633895874023,0
6.744,-28.943414688110352,-29.152582168579102,-29.201578140258789,-28.993185043334961,-29.178295135498047,-29.050182342529297,-28.944240570068359,-28.872095108032227,0
6.748,-28.173473358154297,-28.361415863037109,-28.413223266601562,-28.193887710571289,-28.467687606811523,-28.385992050170898,-28.211086273193359,-28.113113403320312,0
6.752,-31.026165008544922,-31.152334213256836,-31.319299697875977,-31.028148651123047,-31.345668792724609,-31.400726318359375,-31.069768905639648,-30.973007202148438,0
6.756,-29.013219833374023,-29.083934783935547,-29.414276123046875,-29.029037475585938,-29.321681976318359,-29.509790420532227,-29.015438079833984,-28.991170883178711,0
6.76,-29.914581298828125,-29.969635009765625,-30.355707168579102,-29.944488525390625,-30.160211563110352,-30.412099838256836,-29.864349365234375,-29.940103530883789,0
6.764,-27.8251953125,-27.900726318359375,-28.200185775756836,-27.872905731201172,-27.9539794921875,-28.217065811157227,-27.740041732788086,-27.926483154296875,0
6.768,-27.564519882202148,-27.673473358154297,-27.838251113891602,-27.650171279907227,-27.588394165039062,-27.830266952514648,-27.503423690795898,-27.808666229248047,0
6.772,-31.173595428466797,-31.300420761108398,-31.326854705810547,-31.253963470458984,-31.171636581420898,-31.353240966796875,-31.216110229492188,-31.538909912109375,0
6.776,-29.73406982421875,-29.826589584350586,-29.782327651977539,-29.718130111694336,-29.778667449951172,-29.877325057983398,-29.867092132568359,-30.061809539794922,0
6.78,-30.972850799560547,-31.001852035522461,-31.014801025390625,-30.830804824829102,-31.072774887084961,-31.116546630859375,-31.078165054321289,-31.137475967407227,0
6.784,-29.357372283935547,-29.339889526367188,-29.4769287109375,-29.131729125976562,-29.446874618530273,-29.489227294921875,-29.318471908569336,-29.350555419921875,0
6.788,-29.549703598022461,-29.497034072875977,-29.748010635375977,-29.301513671875,-29.554498672485352,-29.648815155029297,-29.340524673461914,-29.396785736083984,0
6.792,-33.194591522216797,-33.111652374267578,-33.428173065185547,-33.006793975830078,-33.082145690917969,-33.294506072998047,-32.932270050048828,-32.93341064453125,0
6.796,-31.147481918334961,-31.074459075927734,-31.389841079711914,-31.111614227294922,-30.934642791748047,-31.277008056640625,-30.987188339233398,-30.896768569946289,0
6.8,-31.564311981201172,-31.591119766235352,-31.825283050537109,-31.717086791992188,-31.366540908813477,-31.743936538696289,-31.584213256835938,-31.489803314208984,0
6.804,-29.535991668701172,-29.691539764404297,-29.768310546875,-29.795333862304688,-29.438714981079102,-29.744329452514648,-29.704870223999023,-29.647150039672852,0
6.808,-29.845226287841797,-30.070037841796875,-29.979166030883789,-30.071935653686523,-29.813760757446289,-29.993423461914062,-30.05364990234375,-30.033229827880859,0
6.812,-34.051170349121094,-34.331951141357422,-34.163433074951172,-34.209930419921875,-34.090808868408203,-34.1568603515625,-34.262847900390625,-34.315174102783203,0
6.816,-32.568927764892578,-32.910270690917969,-32.817943572998047,-32.740997314453125,-32.7330322265625,-32.765148162841797,-32.832347869873047,-32.949108123779297,0
6.82,-33.064323425292969,-33.403709411621094,-33.489654541015625,-33.298328399658203,-33.321361541748047,-33.364982604980469,-33.388389587402344,-33.491058349609375,0
6.824,-30.315719604492188,-30.591335296630859,-30.837291717529297,-30.550603866577148,-30.561136245727539,-30.587169647216797,-30.636571884155273,-30.643346786499023,0
6.828,-29.488393783569336,-29.658514022827148,-29.985851287841797,-29.612218856811523,-29.643350601196289,-29.630645751953125,-29.716348648071289,-29.616191864013672,0
6.832,-33.046684265136719,-33.092582702636719,-33.3958740234375,-32.99151611328125,-33.078544616699219,-33.050315856933594,-33.14288330078125,-32.955039978027344,0
6.836,-31.477029800415039,-31.467508316040039,-31.629745483398438,-31.276348114013672,-31.402767181396484,-31.396936416625977,-31.483892440795898,-31.252832412719727,0
6.84,-32.29833984375,-32.3126220703125,-32.295452117919922,-32.018096923828125,-32.188652038574219,-32.218303680419922,-32.259239196777344,-32.098747253417969,0
6.844,-30.12847900390625,-30.182186126708984,-30.045425415039062,-29.813638687133789,-30.062225341796875,-30.115612030029297,-30.043386459350586,-30.047573089599609,0
6.848,-29.900386810302734,-30.037866592407227,-29.849237442016602,-29.626531600952148,-29.925455093383789,-29.999715805053711,-29.818868637084961,-29.986444473266602,0
6.852,-34.25555419921875,-34.525390625,-34.350921630859375,-34.104942321777344,-34.348411560058594,-34.432178497314453,-34.2535400390625,-34.506633758544922,0
6.856,-33.411365509033203,-33.758079528808594,-33.648460388183594,-33.396007537841797,-33.495006561279297,-33.588970184326172,-33.459148406982422,-33.718791961669922,0
6.86,-34.602775573730469,-34.920307159423828,-34.861259460449219,-34.653026580810547,-34.642993927001953,-34.769989013671875,-34.640514373779297,-34.829021453857422,0
6.864,-32.302989959716797,-32.527801513671875,-32.493946075439453,-32.31951904296875,-32.311004638671875,-32.451866149902344,-32.333148956298828,-32.356864929199219,0
6.868,-31.112197875976562,-31.230352401733398,-31.230234146118164,-31.024948120117188,-31.089900970458984,-31.199300765991211,-31.120248794555664,-30.973491668701172,0
6.872,-34.220417022705078,-34.282764434814453,-34.287395477294922,-34.009105682373047,-34.195270538330078,-34.231884002685547,-34.159141540527344,-33.948822021484375,0
6.876,-32.841361999511719,-32.9288330078125,-32.849742889404297,-32.524005889892578,-32.841331481933594,-32.802940368652344,-32.708240509033203,-32.559093475341797,0
6.88,-34.610321044921875,-34.731170654296875,-34.566204071044922,-34.251667022705078,-34.591819763183594,-34.523326873779297,-34.457408905029297,-34.399883270263672,0
6.884,-33.58056640625,-33.728874206542969,-33.577037811279297,-33.276390075683594,-33.509117126464844,-33.446491241455078,-33.49151611328125,-33.39520263671875,0
6.888,-33.740673065185547,-33.932426452636719,-33.852104187011719,-33.542724609375,-33.628437042236328,-33.590171813964844,-33.758960723876953,-33.532398223876953,0
6.892,-37.805938720703125,-38.010204315185547,-37.996898651123047,-37.705352783203125,-37.654308319091797,-37.659355163574219,-37.874774932861328,-37.617706298828125,0
6.896,-36.262218475341797,-36.438953399658203,-36.477714538574219,-36.22979736328125,-36.097522735595703,-36.140033721923828,-36.333244323730469,-36.123188018798828,0
6.9,-36.827526092529297,-36.911945343017578,-37.000030517578125,-36.825634002685547,-36.678001403808594,-36.724113464355469,-36.881122589111328,-36.694732666015625,0
6.904,-34.333354949951172,-34.289661407470703,-34.388591766357422,-34.337169647216797,-34.20098876953125,-34.227436065673828,-34.342334747314453,-34.152702331542969,0
6.908,-33.008220672607422,-32.9234619140625,-32.969757080078125,-33.030445098876953,-32.880970001220703,-32.924480438232422,-32.987030029296875,-32.795520782470703,0
6.912,-35.774738311767578,-35.753345489501953,-35.723163604736328,-35.830047607421875,-35.587078094482422,-35.705718994140625,-35.717761993408203,-35.570854187011719,0
6.916,-33.222557067871094,-33.323204040527344,-33.19378662109375,-33.292442321777344,-32.940032958984375,-33.118572235107422,-33.118095397949219,-33.048358917236328,0
6.92,-32.917827606201172,-33.157489776611328,-32.956066131591797,-33.010272979736328,-32.628589630126953,-32.825187683105469,-32.81591796875,-32.806629180908203,0
6.924,-29.711511611938477,-30.031152725219727,-29.886850357055664,-29.869390487670898,-29.512069702148438,-29.720073699951172,-29.626317977905273,-29.664098739624023,0
6.928,-28.146072387695312,-28.457759857177734,-28.460018157958984,-28.379547119140625,-28.078353881835938,-28.268932342529297,-28.084798812866211,-28.143884658813477,0
6.932,-31.585775375366211,-31.814666748046875,-31.973196029663086,-31.854547500610352,-31.661205291748047,-31.744781494140625,-31.5885009765625,-31.592615127563477,0
6.936,-30.261928558349609,-30.321941375732422,-30.608251571655273,-30.467926025390625,-30.383926391601562,-30.301204681396484,-30.261211395263672,-30.190668106079102,0
6.94,-31.222499847412109,-31.107309341430664,-31.4327392578125,-31.328125,-31.271596908569336,-31.048593521118164,-31.152334213256836,-31.048955917358398,0
6.944,-29.136428833007812,-28.94329833984375,-29.201665878295898,-29.209894180297852,-29.104412078857422,-28.808755874633789,-29.033107757568359,-28.930627822875977,0
6.948,-28.12890625,-27.969400405883789,-28.110692977905273,-28.215877532958984,-28.094461441040039,-27.773244857788086,-28.037927627563477,-28.000051498413086,0
6.952,-31.582576751708984,-31.574289321899414,-31.620935440063477,-31.737102508544922,-31.665628433227539,-31.329961776733398,-31.597894668579102,-31.660247802734375,0
6.956,-30.081365585327148,-30.273641586303711,-30.278347015380859,-30.365219116210938,-30.327875137329102,-29.997858047485352,-30.291528701782227,-30.391754150390625,0
6.96,-30.972000122070312,-31.285497665405273,-31.321575164794922,-31.353662490844727,-31.361486434936523,-31.022161483764648,-31.353713989257812,-31.400066375732422,0
6.964,-28.871917724609375,-29.196741104125977,-29.326869964599609,-29.240505218505859,-29.372005462646484,-29.004903793334961,-29.317806243896484,-29.289419174194336,0
6.968,-27.586925506591797,-27.870615005493164,-28.058832168579102,-27.842142105102539,-28.1116943359375,-27.786270141601562,-27.976541519165039,-27.915792465209961,0
6.972,-30.736654281616211,-30.997686386108398,-31.150075912475586,-30.888595581054688,-31.202184677124023,-30.991985321044922,-31.052536010742188,-30.982418060302734,0
6.976,-29.325189590454102,-29.592916488647461,-29.701015472412109,-29.463100433349609,-29.722728729248047,-29.587875366210938,-29.668725967407227,-29.547653198242188,0
6.98,-30.8968505859375,-31.189184188842773,-31.29608154296875,-31.102767944335938,-31.274572372436523,-31.114574432373047,-31.3609619140625,-31.132867813110352,0
6.984,-29.611297607421875,-29.974990844726562,-30.074853897094727,-29.930166244506836,-30.01025390625,-29.800121307373047,-30.187322616577148,-29.912109375,0
6.988,-28.539348602294922,-28.978801727294922,-29.065729141235352,-28.919643402099609,-28.961013793945312,-28.775005340576172,-29.136285781860352,-28.955408096313477,0
6.992,-31.350366592407227,-31.802139282226562,-31.903310775756836,-31.690118789672852,-31.764583587646484,-31.691659927368164,-31.893529891967773,-31.828964233398438,0
6.996,-29.113546371459961,-29.489681243896484,-29.632303237915039,-29.335184097290039,-29.457012176513672,-29.526617050170898,-29.556259155273438,-29.539287567138672,0
7,-29.729965209960938,-29.972637176513672,-30.149679183959961,-29.793716430664062,-29.931051254272461,-30.1363525390625,-30.046819686889648,-30.068841934204102,0
7.004,-28.320043563842773,-28.484630584716797,-28.646265029907227,-28.304605484008789,-28.393718719482422,-28.685390472412109,-28.5821533203125,-28.630184173583984,0
7.008,-28.051223754882812,-28.249963760375977,-28.346700668334961,-28.122564315795898,-28.123897552490234,-28.389965057373047,-28.370367050170898,-28.393783569335938,0
7.012,-31.763042449951172,-32.032928466796875,-32.081329345703125,-32.006763458251953,-31.920925140380859,-32.0762939453125,-32.135456085205078,-32.144512176513672,0
7.016,-29.697229385375977,-30.009241104125977,-30.034927368164062,-30.088521957397461,-29.922811508178711,-29.977218627929688,-30.024801254272461,-30.093715667724609,0
7.02,-29.913707733154297,-30.237066268920898,-30.198797225952148,-30.364044189453125,-30.174896240234375,-30.172603607177734,-30.151926040649414,-30.341262817382812,0
7.024,-28.006362915039062,-28.294031143188477,-28.152276992797852,-28.385396957397461,-28.266616821289062,-28.186611175537109,-28.174814224243164,-28.472503662109375,0
7.028,-27.246938705444336,-27.466287612915039,-27.212982177734375,-27.514577865600586,-27.487783432006836,-27.278162002563477,-27.377752304077148,-27.712871551513672,0
7.032,-30.987325668334961,-31.127849578857422,-30.803707122802734,-31.205276489257812,-31.241115570068359,-30.908514022827148,-31.088623046875,-31.416448593139648,0
7.036,-29.34674072265625,-29.393743515014648,-29.102441787719727,-29.526073455810547,-29.650472640991211,-29.258703231811523,-29.423288345336914,-29.724390029907227,0
7.04,-29.474956512451172,-29.466241836547852,-29.299097061157227,-29.604467391967773,-29.828954696655273,-29.493753433227539,-29.589366912841797,-29.807458877563477,0
7.044,-26.781978607177734,-26.814798355102539,-26.746393203735352,-26.871358871459961,-27.131515502929688,-26.9442138671875,-26.954433441162109,-27.073022842407227,0
7.048,-25.203948974609375,-25.348796844482422,-25.245183944702148,-25.227428436279297,-25.52203369140625,-25.4256591796875,-25.380016326904297,-25.441232681274414,0
7.052,-28.547622680664062,-28.781581878662109,-28.588251113891602,-28.497461318969727,-28.901748657226562,-28.743011474609375,-28.70404052734375,-28.719161987304688,0
7.056,-26.669143676757812,-26.894420623779297,-26.715236663818359,-26.602548599243164,-27.130605697631836,-26.791925430297852,-26.814859390258789,-26.779556274414062,0
7.06,-26.921987533569336,-27.064218521118164,-27.014312744140625,-26.910797119140625,-27.498037338256836,-26.974941253662109,-27.083139419555664,-26.997125625610352,0
7.064,-24.865518569946289,-24.921148300170898,-25.000991821289062,-24.921661376953125,-25.467565536499023,-24.910366058349609,-25.059967041015625,-24.937282562255859,0
7.068,-23.662115097045898,-23.688943862915039,-23.789510726928711,-23.732006072998047,-24.154094696044922,-23.747472763061523,-23.893941879272461,-23.755020141601562,0
7.072,-27.177343368530273,-27.253524780273438,-27.245992660522461,-27.202081680297852,-27.475500106811523,-27.279521942138672,-27.442495346069336,-27.258050918579102,0
7.076,-25.655874252319336,-25.824935913085938,-25.650539398193359,-25.615615844726562,-25.777172088623047,-25.739023208618164,-25.929500579833984,-25.706493377685547,0
7.08,-26.397090911865234,-26.652797698974609,-26.362665176391602,-26.363988876342773,-26.479879379272461,-26.478786468505859,-26.697698593139648,-26.5452880859375,0
7.084,-25.253667831420898,-25.510931015014648,-25.216283798217773,-25.282892227172852,-25.411327362060547,-25.313198089599609,-25.595205307006836,-25.550256729125977,0
7.088,-25.109094619750977,-25.281946182250977,-25.046367645263672,-25.151769638061523,-25.332290649414062,-25.076757431030273,-25.440301895141602,-25.435323715209961,0
7.092,-29.071023941040039,-29.177541732788086,-28.981914520263672,-29.073299407958984,-29.287750244140625,-28.913064956665039,-29.36993408203125,-29.368001937866211,0
7.096,-27.284191131591797,-27.402130126953125,-27.178024291992188,-27.223333358764648,-27.424983978271484,-27.052282333374023,-27.567138671875,-27.56024169921875,0
7.1,-27.392532348632812,-27.539657592773438,-27.234100341796875,-27.285207748413086,-27.399688720703125,-27.192378997802734,-27.627889633178711,-27.620937347412109,0
7.104,-25.204702377319336,-25.306371688842773,-24.939050674438477,-25.042810440063477,-25.011068344116211,-25.039697647094727,-25.300531387329102,-25.327215194702148,0
7.108,-23.784830093383789,-23.801214218139648,-23.450542449951172,-23.516933441162109,-23.420217514038086,-23.619625091552734,-23.707311630249023,-23.811916351318359,0
7.112,-27.176248550415039,-27.147012710571289,-26.893606185913086,-26.8231201171875,-26.756114959716797,-27.071483612060547,-27.008132934570312,-27.175716400146484,0
7.116,-25.629785537719727,-25.590799331665039,-25.467203140258789,-25.267892837524414,-25.233831405639648,-25.635116577148438,-25.429830551147461,-25.589380264282227,0
7.12,-26.365896224975586,-26.346813201904297,-26.333145141601562,-26.068227767944336,-26.057241439819336,-26.453399658203125,-26.156698226928711,-26.26666259765625,0
7.124,-25.081747055053711,-25.117166519165039,-25.191614151000977,-24.894201278686523,-24.887517929077148,-25.213699340820312,-24.912883758544922,-24.965755462646484,0
7.128,-24.426214218139648,-24.506967544555664,-24.640050888061523,-24.316778182983398,-24.306060791015625,-24.580682754516602,-24.290628433227539,-24.3355712890625,0
7.132,-28.139471054077148,-28.226802825927734,-28.332592010498047,-28.034765243530273,-28.034820556640625,-28.265054702758789,-27.996475219726562,-28.096187591552734,0
7.136,-26.349899291992188,-26.414520263671875,-26.413339614868164,-26.192535400390625,-26.19915771484375,-26.385595321655273,-26.178115844726562,-26.334131240844727,0
7.14,-26.518951416015625,-26.517629623413086,-26.397192001342773,-26.271770477294922,-26.279205322265625,-26.428812026977539,-26.274271011352539,-26.500656127929688,0
7.144,-24.775279998779297,-24.6239013671875,-24.442398071289062,-24.454833984375,-24.426172256469727,-24.529647827148438,-24.417566299438477,-24.705242156982422,0
7.148,-23.688182830810547,-23.317546844482422,-23.190532684326172,-23.364700317382812,-23.220516204833984,-23.324670791625977,-23.240423202514648,-23.536996841430664,0
7.152,-27.056188583374023,-26.527276992797852,-26.524667739868164,-26.790630340576172,-26.546213150024414,-26.703807830810547,-26.604763031005859,-26.889369964599609,0
7.156,-24.916296005249023,-24.385828018188477,-24.479791641235352,-24.713079452514648,-24.477609634399414,-24.662139892578125,-24.541494369506836,-24.813564300537109,0
7.16,-24.680614471435547,-24.226715087890625,-24.362880706787109,-24.478891372680664,-24.326665878295898,-24.486520767211914,-24.376216888427734,-24.6339111328125,0
7.164,-22.951305389404297,-22.558706283569336,-22.717660903930664,-22.703201293945312,-22.654275894165039,-22.751079559326172,-22.687204360961914,-22.886083602905273,0
7.168,-22.338577270507812,-21.965087890625,-22.176034927368164,-22.083246231079102,-22.089593887329102,-22.140432357788086,-22.129419326782227,-22.219799041748047,0
7.172,-26.497442245483398,-26.032949447631836,-26.355087280273438,-26.280492782592773,-26.227392196655273,-26.317596435546875,-26.322519302368164,-26.295675277709961,0
7.176,-25.152002334594727,-24.542673110961914,-24.935888290405273,-24.94305419921875,-24.785675048828125,-24.959482192993164,-24.981466293334961,-24.8548583984375,0
7.18,-25.434865951538086,-24.80712890625,-25.127029418945312,-25.169393539428711,-24.984416961669922,-25.192541122436523,-25.289175033569336,-25.1314697265625,0
7.184,-23.963418960571289,-23.417287826538086,-23.611251831054688,-23.604827880859375,-23.470418930053711,-23.645366668701172,-23.839040756225586,-23.719934463500977,0
7.188,-23.156209945678711,-22.663980484008789,-22.790548324584961,-22.737102508544922,-22.675100326538086,-22.7947998046875,-23.036861419677734,-22.982666015625,0
7.192,-26.685073852539062,-26.237377166748047,-26.365932464599609,-26.317928314208984,-26.291839599609375,-26.395269393920898,-26.594202041625977,-26.598474502563477,0
7.196,-24.615381240844727,-24.235382080078125,-24.388143539428711,-24.389308929443359,-24.336725234985352,-24.456939697265625,-24.555902481079102,-24.550466537475586,0
7.2,-24.377222061157227,-24.054031372070312,-24.217056274414062,-24.285497665405273,-24.159845352172852,-24.285884857177734,-24.324142456054688,-24.241634368896484,0
7.204,-22.441970825195312,-22.177694320678711,-22.303756713867188,-22.445211410522461,-22.192230224609375,-22.332439422607422,-22.401617050170898,-22.235992431640625,0
7.208,-21.334711074829102,-21.175441741943359,-21.176773071289062,-21.415767669677734,-21.000543594360352,-21.178115844726562,-21.304452896118164,-21.089120864868164,0
7.212,-25.314071655273438,-25.286407470703125,-25.144496917724609,-25.440923690795898,-24.933843612670898,-25.129465103149414,-25.260885238647461,-25.062475204467773,0
7.216,-24.039775848388672,-24.127069473266602,-23.918115615844727,-24.163888931274414,-23.687454223632812,-23.845815658569336,-23.941497802734375,-23.822723388671875,0
7.22,-24.412607192993164,-24.560876846313477,-24.391698837280273,-24.530660629272461,-24.139007568359375,-24.267404556274414,-24.274606704711914,-24.270544052124023,0
7.224,-22.924142837524414,-23.050043106079102,-23.009099960327148,-23.044723510742188,-22.730417251586914,-22.912359237670898,-22.769241333007812,-22.899410247802734,0
7.228,-21.485422134399414,-21.511932373046875,-21.635967254638672,-21.588729858398438,-21.324199676513672,-21.590724945068359,-21.322835922241211,-21.555822372436523,0
7.232,-24.218725204467773,-24.105096817016602,-24.385265350341797,-24.297967910766602,-24.039007186889648,-24.329248428344727,-24.083786010742188,-24.295787811279297,0
7.236,-21.594234466552734,-21.377269744873047,-21.692193984985352,-21.661754608154297,-21.366861343383789,-21.6219482421875,-21.5311279296875,-21.612777709960938,0
7.24,-21.622060775756836,-21.39276123046875,-21.537282943725586,-21.670705795288086,-21.353343963623047,-21.559886932373047,-21.586416244506836,-21.538967132568359,0
7.244,-21.325338363647461,-21.118841171264648,-21.01458740234375,-21.301422119140625,-21.038167953491211,-21.188457489013672,-21.227182388305664,-21.088830947875977,0
7.248,-21.636800765991211,-21.439281463623047,-21.162405014038086,-21.484481811523438,-21.348567962646484,-21.4459228515625,-21.445480346679688,-21.280008316040039,0
7.252,-25.869287490844727,-25.672815322875977,-25.353704452514648,-25.621908187866211,-25.585958480834961,-25.659572601318359,-25.612524032592773,-25.499750137329102,0
7.256,-24.160610198974609,-23.9544677734375,-23.719842910766602,-23.917440414428711,-23.877279281616211,-23.965463638305664,-23.889978408813477,-23.852443695068359,0
7.26,-23.813564300537109,-23.580743789672852,-23.519546508789062,-23.645965576171875,-23.552988052368164,-23.682413101196289,-23.582881927490234,-23.580657958984375,0
7.264,-21.654272079467773,-21.388362884521484,-21.549001693725586,-21.594385147094727,-21.466400146484375,-21.618728637695312,-21.510889053344727,-21.446331024169922,0
7.268,-19.711669921875,-19.475503921508789,-19.780496597290039,-19.764352798461914,-19.646188735961914,-19.737833023071289,-19.678716659545898,-19.496435165405273,0
7.272,-23.045314788818359,-22.871679306030273,-23.131542205810547,-23.095550537109375,-23.081705093383789,-23.017282485961914,-23.028692245483398,-22.804595947265625,0
7.276,-21.820898056030273,-21.6346435546875,-21.759181976318359,-21.713262557983398,-21.896144866943359,-21.679073333740234,-21.678604125976562,-21.526815414428711,0
7.28,-22.215932846069336,-21.977102279663086,-22.030654907226562,-21.927225112915039,-22.304107666015625,-22.047954559326172,-21.924770355224609,-21.884796142578125,0
7.284,-21.092311859130859,-20.814702987670898,-20.871654510498047,-20.669195175170898,-21.161693572998047,-20.985698699951172,-20.706172943115234,-20.717611312866211,0
7.288,-20.370571136474609,-20.073114395141602,-20.169363021850586,-19.897314071655273,-20.386667251586914,-20.342327117919922,-19.956512451171875,-19.938791275024414,0
7.292,-24.357931137084961,-24.102239608764648,-24.243310928344727,-23.982229232788086,-24.326675415039062,-24.368118286132812,-24.015762329101562,-23.910131454467773,0
7.296,-22.955093383789062,-22.819698333740234,-22.932382583618164,-22.776453018188477,-22.878683090209961,-22.937255859375,-22.727121353149414,-22.531005859375,0
7.3,-22.622457504272461,-22.626323699951172,-22.620656967163086,-22.627605438232422,-22.488805770874023,-22.570592880249023,-22.457738876342773,-22.274805068969727,0
7.304,-20.570581436157227,-20.668279647827148,-20.564540863037109,-20.698089599609375,-20.411325454711914,-20.529434204101562,-20.470046997070312,-20.374614715576172,0
7.308,-18.905252456665039,-19.056650161743164,-18.921945571899414,-19.086206436157227,-18.774145126342773,-18.926864624023438,-18.91278076171875,-18.902212142944336,0
7.312,-22.482931137084961,-22.682094573974609,-22.506658554077148,-22.665334701538086,-22.40496826171875,-22.638116836547852,-22.576259613037109,-22.660894393920898,0
7.316,-21.625082015991211,-21.840692520141602,-21.611272811889648,-21.765396118164062,-21.555461883544922,-21.913314819335938,-21.737081527709961,-21.904760360717773,0
7.32,-22.743463516235352,-22.919073104858398,-22.676082611083984,-22.800628662109375,-22.626092910766602,-23.070720672607422,-22.823740005493164,-22.996068954467773,0
7.324,-22.504095077514648,-22.643215179443359,-22.384328842163086,-22.481353759765625,-22.365152359008789,-22.811992645263672,-22.548803329467773,-22.618764877319336,0
7.328,-21.879802703857422,-22.043329238891602,-21.714914321899414,-21.788686752319336,-21.751674652099609,-22.162317276000977,-21.90966796875,-21.842596054077148,0
7.332,-25.193033218383789,-25.411245346069336,-25.022430419921875,-25.038677215576172,-25.048137664794922,-25.441934585571289,-25.222335815429688,-25.070175170898438,0
7.336,-23.113626480102539,-23.352157592773438,-22.995355606079102,-22.92364501953125,-22.925928115844727,-23.327011108398438,-23.109003067016602,-22.967859268188477,0
7.34,-22.934902191162109,-23.133098602294922,-22.868759155273438,-22.73651123046875,-22.709728240966797,-23.111125946044922,-22.848089218139648,-22.813562393188477,0
7.344,-21.986324310302734,-22.071695327758789,-21.937692642211914,-21.821386337280273,-21.739343643188477,-22.086370468139648,-21.861063003540039,-21.9193115234375,0
7.348,-21.188915252685547,-21.110214233398438,-21.155742645263672,-21.107629776000977,-20.951211929321289,-21.160533905029297,-21.138622283935547,-21.166223526000977,0
7.352,-25.070566177368164,-24.878183364868164,-25.043706893920898,-25.039800643920898,-24.870800018310547,-24.923040390014648,-25.167322158813477,-25.048986434936523,0
7.356,-23.925918579101562,-23.717601776123047,-23.916097640991211,-23.860363006591797,-23.779500961303711,-23.7266845703125,-24.149908065795898,-23.883419036865234,0
7.36,-24.264888763427734,-24.088424682617188,-24.328380584716797,-24.152004241943359,-24.190439224243164,-24.078088760375977,-24.541179656982422,-24.257305145263672,0
7.364,-23.619979858398438,-23.504776000976562,-23.764200210571289,-23.500762939453125,-23.63427734375,-23.499614715576172,-23.840896606445312,-23.728967666625977,0
7.368,-22.628698348999023,-22.583688735961914,-22.784027099609375,-22.529870986938477,-22.730997085571289,-22.583038330078125,-22.666286468505859,-22.846044540405273,0
7.372,-25.298213958740234,-25.267553329467773,-25.433950424194336,-25.236562728881836,-25.449417114257812,-25.26287841796875,-25.096170425415039,-25.512365341186523,0
7.376,-22.636257171630859,-22.57147216796875,-22.801845550537109,-22.603155136108398,-22.778905868530273,-22.549371719360352,-22.254405975341797,-22.766168594360352,0
7.38,-22.169488906860352,-22.080133438110352,-22.356271743774414,-22.131948471069336,-22.261987686157227,-22.015371322631836,-21.7105712890625,-22.246974945068359,0
7.384,-21.451656341552734,-21.377023696899414,-21.631134033203125,-21.430583953857422,-21.518234252929688,-21.306035995483398,-21.045513153076172,-21.586315155029297,0
7.388,-20.757802963256836,-20.765117645263672,-21.003915786743164,-20.84228515625,-20.881673812866211,-20.788579940795898,-20.538299560546875,-21.053905487060547,0
7.392,-24.388174057006836,-24.503768920898438,-24.724340438842773,-24.618535995483398,-24.5780029296875,-24.654750823974609,-24.353322982788086,-24.817602157592773,0
7.396,-22.786050796508789,-22.952066421508789,-23.117229461669922,-23.099828720092773,-22.985244750976562,-23.167745590209961,-22.819927215576172,-23.211343765258789,0
7.4,-22.572427749633789,-22.747716903686523,-22.839168548583984,-22.865072250366211,-22.727441787719727,-22.908840179443359,-22.582555770874023,-22.865139007568359,0
7.404,-21.804107666015625,-22.007080078125,-21.993282318115234,-22.013635635375977,-21.889440536499023,-21.999425888061523,-21.752105712890625,-21.925014495849609,0
7.408,-21.189065933227539,-21.399826049804688,-21.273956298828125,-21.286296844482422,-21.213848114013672,-21.240316390991211,-21.029872894287109,-21.194570541381836,0
7.412,-25.164651870727539,-25.319585800170898,-25.170705795288086,-25.112207412719727,-25.096233367919922,-25.132472991943359,-24.826330184936523,-25.098211288452148,0
7.416,-24.157781600952148,-24.261184692382812,-24.192647933959961,-23.994686126708984,-24.024272918701172,-24.164922714233398,-23.692230224609375,-24.055908203125,0
7.42,-24.227716445922852,-24.319698333740234,-24.377634048461914,-24.051641464233398,-24.136907577514648,-24.380701065063477,-23.796443939208984,-24.149730682373047,0
7.424,-23.088207244873047,-23.155706405639648,-23.328958511352539,-22.953149795532227,-23.040737152099609,-23.337057113647461,-22.748779296875,-23.042613983154297,0
7.428,-21.461101531982422,-21.455474853515625,-21.665508270263672,-21.358179092407227,-21.389123916625977,-21.659801483154297,-21.178619384765625,-21.413721084594727,0
7.432,-24.430547714233398,-24.359746932983398,-24.463394165039062,-24.301233291625977,-24.341228485107422,-24.510351181030273,-24.228185653686523,-24.385448455810547,0
7.436,-22.962520599365234,-22.939876556396484,-22.837331771850586,-22.823659896850586,-22.935619354248047,-22.978206634521484,-22.894048690795898,-22.969915390014648,0
7.44,-23.187170028686523,-23.31890869140625,-23.054498672485352,-23.138900756835938,-23.276885986328125,-23.227157592773438,-23.237960815429688,-23.264764785766602,0
7.444,-23.038507461547852,-23.313531875610352,-22.984233856201172,-23.114116668701172,-23.229305267333984,-23.154659271240234,-23.167699813842773,-23.158487319946289,0
7.448,-22.755569458007812,-23.067209243774414,-22.744930267333984,-22.950567245483398,-23.009899139404297,-22.970163345336914,-22.940643310546875,-22.896327972412109,0
7.452,-26.595907211303711,-26.796810150146484,-26.554088592529297,-26.888454437255859,-26.865413665771484,-26.864151000976562,-26.799448013305664,-26.728771209716797,0
7.456,-25.103267669677734,-25.100210189819336,-24.992086410522461,-25.409524917602539,-25.360031127929688,-25.344614028930664,-25.29412841796875,-25.234170913696289,0
7.46,-24.421335220336914,-24.281991958618164,-24.283794403076172,-24.708761215209961,-24.696935653686523,-24.645107269287109,-24.647394180297852,-24.627508163452148,0
7.464,-22.971044540405273,-22.8450927734375,-22.871791839599609,-23.273815155029297,-23.260753631591797,-23.221755981445312,-23.273386001586914,-23.265130996704102,0
7.468,-21.542079925537109,-21.480728149414062,-21.481409072875977,-21.824930191040039,-21.764022827148438,-21.785680770874023,-21.823862075805664,-21.859771728515625,0
7.472,-24.966470718383789,-24.947946548461914,-24.942501068115234,-25.189065933227539,-25.0867919921875,-25.157430648803711,-25.141674041748047,-25.276851654052734,0
7.476,-23.76751708984375,-23.791015625,-23.812496185302734,-23.971780776977539,-23.832281112670898,-23.919464111328125,-23.890111923217773,-24.072198867797852,0
7.48,-23.867742538452148,-23.886043548583984,-23.905923843383789,-24.042903900146484,-23.877574920654297,-23.947708129882812,-23.974405288696289,-24.122299194335938,0
7.484,-23.697916030883789,-23.624658584594727,-23.592294692993164,-23.753753662109375,-23.603082656860352,-23.602487564086914,-23.745418548583984,-23.836584091186523,0
7.488,-23.3369140625,-23.162929534912109,-23.055978775024414,-23.235668182373047,-23.131038665771484,-23.071056365966797,-23.304784774780273,-23.359905242919922,0
7.492,-27.225830078125,-26.977685928344727,-26.800680160522461,-27.026199340820312,-26.945125579833984,-26.929107666015625,-27.122539520263672,-27.134923934936523,0
7.496,-26.213724136352539,-25.882898330688477,-25.725204467773438,-25.996133804321289,-25.910116195678711,-26.001506805419922,-26.049688339233398,-26.025690078735352,0
7.5,-26.421443939208984,-26.045574188232422,-26.040029525756836,-26.225519180297852,-26.1558837890625,-26.317651748657227,-26.239757537841797,-26.224969863891602,0
7.504,-26.216939926147461,-25.891580581665039,-26.07867431640625,-26.065942764282227,-26.041559219360352,-26.173305511474609,-26.069280624389648,-26.073404312133789,0
7.508,-25.239145278930664,-25.026454925537109,-25.330087661743164,-25.134368896484375,-25.121562957763672,-25.195510864257812,-25.123922348022461,-25.179128646850586,0
7.512,-28.159292221069336,-28.076604843139648,-28.367687225341797,-28.037689208984375,-28.010677337646484,-28.091531753540039,-28.049907684326172,-28.207118988037109,0
7.516,-26.225963592529297,-26.240880966186523,-26.443553924560547,-26.049890518188477,-26.041366577148438,-26.1409912109375,-26.117013931274414,-26.371774673461914,0
7.52,-25.386470794677734,-25.43402099609375,-25.527385711669922,-25.210372924804688,-25.225229263305664,-25.348886489868164,-25.308969497680664,-25.598657608032227,0
7.524,-24.252559661865234,-24.301437377929688,-24.242443084716797,-24.1162109375,-24.149429321289062,-24.339859008789062,-24.254873275756836,-24.447536468505859,0
7.528,-22.70928955078125,-22.786645889282227,-22.576879501342773,-22.655136108398438,-22.673797607421875,-22.918212890625,-22.821544647216797,-22.820810317993164,0
7.532,-25.642833709716797,-25.818630218505859,-25.530452728271484,-25.758586883544922,-25.691787719726562,-25.92291259765625,-25.868337631225586,-25.726079940795898,0
7.536,-24.125360488891602,-24.424800872802734,-24.119012832641602,-24.416524887084961,-24.236141204833984,-24.438613891601562,-24.424001693725586,-24.232864379882812,0
7.54,-23.635265350341797,-23.960210800170898,-23.706933975219727,-23.999181747436523,-23.732294082641602,-23.927892684936523,-23.936355590820312,-23.745967864990234,0
7.544,-23.308340072631836,-23.559707641601562,-23.424978256225586,-23.62994384765625,-23.384170532226562,-23.539926528930664,-23.580129623413086,-23.448877334594727,0
7.548,-23.297979354858398,-23.512588500976562,-23.477840423583984,-23.533416748046875,-23.425701141357422,-23.509923934936523,-23.579189300537109,-23.516128540039062,0
7.552,-27.810115814208984,-28.040935516357422,-28.028371810913086,-27.994213104248047,-28.008539199829102,-28.035472869873047,-28.141851425170898,-28.073757171630859,0
7.556,-27.154735565185547,-27.366043090820312,-27.296606063842773,-27.314016342163086,-27.359081268310547,-27.354385375976562,-27.533731460571289,-27.409765243530273,0
7.56,-26.550975799560547,-26.698694229125977,-26.558502197265625,-26.687313079833984,-26.715530395507812,-26.710952758789062,-26.935693740844727,-26.756658554077148,0
7.564,-25.251031875610352,-25.353326797485352,-25.210933685302734,-25.383047103881836,-25.387969970703125,-25.436935424804688,-25.570180892944336,-25.359003067016602,0
7.568,-23.525533676147461,-23.602529525756836,-23.523452758789062,-23.651851654052734,-23.647497177124023,-23.797723770141602,-23.707000732421875,-23.531133651733398,0
7.572,-26.63385009765625,-26.666973114013672,-26.648464202880859,-26.744583129882812,-26.738458633422852,-26.942474365234375,-26.667781829833984,-26.574810028076172,0
7.576,-25.710037231445312,-25.708822250366211,-25.671123504638672,-25.820287704467773,-25.789346694946289,-25.958719253540039,-25.6685791015625,-25.589889526367188,0
7.58,-25.478841781616211,-25.474893569946289,-25.319072723388672,-25.596508026123047,-25.488241195678711,-25.643310546875,-25.428298950195312,-25.285888671875,0
7.584,-24.800537109375,-24.797388076782227,-24.512762069702148,-24.930065155029297,-24.708776473999023,-24.892024993896484,-24.759700775146484,-24.593023300170898,0
7.588,-23.567516326904297,-23.578786849975586,-23.245107650756836,-23.722286224365234,-23.452413558959961,-23.613567352294922,-23.580957412719727,-23.454189300537109,0
7.592,-26.544597625732422,-26.596279144287109,-26.290355682373047,-26.706232070922852,-26.526952743530273,-26.614233016967773,-26.675760269165039,-26.570281982421875,0
7.596,-24.758077621459961,-24.812356948852539,-24.589916229248047,-24.874288558959961,-24.875802993774414,-24.897262573242188,-24.955698013305664,-24.853052139282227,0
7.6,-23.649440765380859,-23.639781951904297,-23.529644012451172,-23.669439315795898,-23.840627670288086,-23.846813201904297,-23.795989990234375,-23.708810806274414,0
7.604,-23.065668106079102,-22.975976943969727,-22.961294174194336,-22.962383270263672,-23.200496673583984,-23.274606704711914,-23.12664794921875,-23.026449203491211,0
7.608,-22.499929428100586,-22.336101531982422,-22.429855346679688,-22.313259124755859,-22.527313232421875,-22.689950942993164,-22.509445190429688,-22.348903656005859,0
7.612,-26.107339859008789,-25.89996337890625,-26.107748031616211,-25.916894912719727,-26.112941741943359,-26.281713485717773,-26.120616912841797,-25.899515151977539,0
7.616,-24.912487030029297,-24.751836776733398,-24.959091186523438,-24.761789321899414,-24.972408294677734,-25.090475082397461,-24.97662353515625,-24.749359130859375,0
7.62,-24.045909881591797,-24.022577285766602,-24.087188720703125,-23.958597183227539,-24.196132659912109,-24.266551971435547,-24.177471160888672,-23.986675262451172,0
7.624,-23.387781143188477,-23.510641098022461,-23.399272918701172,-23.358983993530273,-23.650417327880859,-23.636392593383789,-23.549493789672852,-23.420284271240234,0
7.628,-22.80731201171875,-22.998977661132812,-22.790386199951172,-22.785202026367188,-23.158685684204102,-23.005086898803711,-22.925226211547852,-22.884347915649414,0
7.632,-26.722681045532227,-26.872676849365234,-26.702875137329102,-26.665197372436523,-27.092065811157227,-26.842483520507812,-26.772640228271484,-26.763912200927734,0
7.636,-25.791286468505859,-25.835536956787109,-25.810089111328125,-25.685989379882812,-26.095973968505859,-25.880681991577148,-25.793951034545898,-25.746414184570312,0
7.64,-24.871271133422852,-24.879476547241211,-24.963705062866211,-24.709009170532227,-25.078607559204102,-24.9830322265625,-24.877725601196289,-24.801641464233398,0
7.644,-24.469583511352539,-24.537792205810547,-24.597835540771484,-24.222682952880859,-24.581094741821289,-24.584285736083984,-24.556316375732422,-24.421407699584961,0
7.648,-24.261455535888672,-24.347240447998047,-24.325714111328125,-23.925771713256836,-24.289358139038086,-24.288537979125977,-24.410274505615234,-24.168340682983398,0
7.652,-28.245660781860352,-28.248031616210938,-28.188980102539062,-27.858184814453125,-28.226955413818359,-28.122900009155273,-28.356212615966797,-28.02911376953125,0
7.656,-27.370437622070312,-27.264919281005859,-27.189712524414062,-26.979452133178711,-27.324197769165039,-27.130987167358398,-27.395685195922852,-27.038904190063477,0
7.66,-26.552011489868164,-26.4007568359375,-26.291646957397461,-26.22332763671875,-26.496698379516602,-26.288721084594727,-26.506448745727539,-26.207565307617188,0
7.664,-26.017375946044922,-25.889337539672852,-25.743249893188477,-25.787408828735352,-25.983642578125,-25.832656860351562,-25.930007934570312,-25.785577774047852,0
7.668,-25.151241302490234,-25.067422866821289,-24.883953094482422,-24.964574813842773,-25.140237808227539,-25.108423233032227,-25.0413818359375,-25.079269409179688,0
7.672,-28.595632553100586,-28.512664794921875,-28.284311294555664,-28.333099365234375,-28.575017929077148,-28.622568130493164,-28.419668197631836,-28.554424285888672,0
7.676,-27.779684066772461,-27.625024795532227,-27.378549575805664,-27.389108657836914,-27.692758560180664,-27.691890716552734,-27.475957870483398,-27.598281860351562,0
7.68,-26.858102798461914,-26.660675048828125,-26.443874359130859,-26.4412841796875,-26.717803955078125,-26.56591796875,-26.476461410522461,-26.548076629638672,0
7.684,-25.841079711914062,-25.7001953125,-25.544275283813477,-25.508697509765625,-25.743051528930664,-25.431396484375,-25.498012542724609,-25.490520477294922,0
7.688,-24.454584121704102,-24.417333602905273,-24.355859756469727,-24.220458984375,-24.456432342529297,-24.082391738891602,-24.224130630493164,-24.147354125976562,0
7.692,-27.280496597290039,-27.393014907836914,-27.402536392211914,-27.152059555053711,-27.367523193359375,-27.069854736328125,-27.207021713256836,-27.160669326782227,0
7.696,-25.626306533813477,-25.868450164794922,-25.866739273071289,-25.576971054077148,-25.746530532836914,-25.572957992553711,-25.694799423217773,-25.727153778076172,0
7.7,-24.137670516967773,-24.368785858154297,-24.295516967773438,-24.082244873046875,-24.222640991210938,-24.094873428344727,-24.239889144897461,-24.310602188110352,0
7.704,-23.433721542358398,-23.570718765258789,-23.383661270141602,-23.312759399414062,-23.419109344482422,-23.258459091186523,-23.457241058349609,-23.532476425170898,0
7.708,-22.697057723999023,-22.808340072631836,-22.492609024047852,-22.516464233398438,-22.602731704711914,-22.417049407958984,-22.637310028076172,-22.695465087890625,0
7.712,-26.174886703491211,-26.387380599975586,-25.961481094360352,-26.007284164428711,-26.086696624755859,-25.941732406616211,-26.130580902099609,-26.156255722045898,0
7.716,-25.262826919555664,-25.585779190063477,-25.138458251953125,-25.133987426757812,-25.187084197998047,-25.121866226196289,-25.261226654052734,-25.277975082397461,0
7.72,-24.008220672607422,-24.3072509765625,-23.970056533813477,-23.847030639648438,-23.867727279663086,-23.852075576782227,-23.950326919555664,-23.991592407226562,0
7.724,-22.863256454467773,-23.004709243774414,-22.825918197631836,-22.597881317138672,-22.629449844360352,-22.590353012084961,-22.668554306030273,-22.723602294921875,0
7.728,-21.302072525024414,-21.253076553344727,-21.204202651977539,-20.892766952514648,-21.025100708007812,-20.90179443359375,-20.999200820922852,-21.039758682250977,0
7.732,-24.079677581787109,-23.921945571899414,-23.972042083740234,-23.582271575927734,-23.823360443115234,-23.621789932250977,-23.808233261108398,-23.813991546630859,0
7.736,-22.646133422851562,-22.524942398071289,-22.632213592529297,-22.233358383178711,-22.463787078857422,-22.243968963623047,-22.537628173828125,-22.494796752929688,0
7.74,-20.502468109130859,-20.510549545288086,-20.621759414672852,-20.278436660766602,-20.402303695678711,-20.222723007202148,-20.553812026977539,-20.462078094482422,0
7.744,-19.327774047851562,-19.444234848022461,-19.53509521484375,-19.255163192749023,-19.246658325195312,-19.142654418945312,-19.450790405273438,-19.318096160888672,0
7.748,-20.829519271850586,-20.968780517578125,-21.052806854248047,-20.795482635498047,-20.711318969726562,-20.675277709960938,-20.924983978271484,-20.785930633544922,0
7.752,-28.367929458618164,-28.444021224975586,-28.544536590576172,-28.254999160766602,-28.215978622436523,-28.205108642578125,-28.351242065429688,-28.242502212524414,0
7.756,-28.56207275390625,-28.558218002319336,-28.682363510131836,-28.362554550170898,-28.39300537109375,-28.411096572875977,-28.411874771118164,-28.363168716430664,0
7.76,-23.701320648193359,-23.643987655639648,-23.815301895141602,-23.478389739990234,-23.53936767578125,-23.598180770874023,-23.465875625610352,-23.513881683349609,0
7.764,-19.644479751586914,-19.527200698852539,-19.753488540649414,-19.480142593383789,-19.541515350341797,-19.584335327148438,-19.426345825195312,-19.511007308959961,0
7.768,-20.735076904296875,-20.554428100585938,-20.768514633178711,-20.689559936523438,-20.707912445068359,-20.692972183227539,-20.621255874633789,-20.649347305297852,0
7.772,-28.693841934204102,-28.476495742797852,-28.619945526123047,-28.694427490234375,-28.689111709594727,-28.6435546875,-28.6785888671875,-28.645044326782227,0
7.776,-28.78900146484375,-28.573293685913086,-28.669235229492188,-28.732309341430664,-28.78680419921875,-28.741390228271484,-28.839853286743164,-28.761178970336914,0
7.78,-23.754909515380859,-23.595672607421875,-23.673654556274414,-23.669153213500977,-23.810644149780273,-23.757970809936523,-23.864313125610352,-23.759853363037109,0
7.784,-19.410268783569336,-19.348501205444336,-19.385482788085938,-19.388616561889648,-19.572845458984375,-19.491161346435547,-19.584316253662109,-19.474853515625,0
7.788,-19.879695892333984,-19.896539688110352,-19.877639770507812,-19.962472915649414,-20.148946762084961,-20.027120590209961,-20.119134902954102,-20.006435394287109,0
7.792,-27.713338851928711,-27.726526260375977,-27.690786361694336,-27.857549667358398,-28.033615112304688,-27.902475357055664,-27.971160888671875,-27.850927352905273,0
7.796,-28.336538314819336,-28.306575775146484,-28.292490005493164,-28.471750259399414,-28.678447723388672,-28.5572509765625,-28.563100814819336,-28.444168090820312,0
7.8,-23.270427703857422,-23.275909423828125,-23.246395111083984,-23.375280380249023,-23.637222290039062,-23.515600204467773,-23.452005386352539,-23.382350921630859,0
7.804,-18.362941741943359,-18.477138519287109,-18.418411254882812,-18.479049682617188,-18.718740463256836,-18.641948699951172,-18.542730331420898,-18.538492202758789,0
7.808,-18.530345916748047,-18.726400375366211,-18.729879379272461,-18.719253540039062,-18.860876083374023,-18.852025985717773,-18.761941909790039,-18.767955780029297,0
7.812,-25.998092651367188,-26.184701919555664,-26.292739868164062,-26.251943588256836,-26.291696548461914,-26.276931762695312,-26.197290420532227,-26.179159164428711,0
7.816,-26.256357192993164,-26.346654891967773,-26.546749114990234,-26.491094589233398,-26.508337020874023,-26.375738143920898,-26.316827774047852,-26.270742416381836,0
7.82,-22.173971176147461,-22.144802093505859,-22.425714492797852,-22.292287826538086,-22.435482025146484,-22.116012573242188,-22.086297988891602,-22.022893905639648,0
7.824,-19.642440795898438,-19.52978515625,-19.815597534179688,-19.638711929321289,-19.947729110717773,-19.470849990844727,-19.403285980224609,-19.393854141235352,0
7.828,-20.901214599609375,-20.768932342529297,-20.996500015258789,-20.900127410888672,-21.230194091796875,-20.707647323608398,-20.549615859985352,-20.668588638305664,0
7.832,-27.160736083984375,-27.074148178100586,-27.205881118774414,-27.2550048828125,-27.465389251708984,-27.035457611083984,-26.807287216186523,-27.034978866577148,0
7.836,-26.447927474975586,-26.434972763061523,-26.409006118774414,-26.604095458984375,-26.721414566040039,-26.453441619873047,-26.188058853149414,-26.461877822875977,0
7.84,-23.2388916015625,-23.300710678100586,-23.112497329711914,-23.376348495483398,-23.518728256225586,-23.37591552734375,-23.124813079833984,-23.367925643920898,0
7.844,-21.57171630859375,-21.702386856079102,-21.428857803344727,-21.659145355224609,-21.823202133178711,-21.775985717773438,-21.574005126953125,-21.716960906982422,0
7.848,-20.870372772216797,-21.008907318115234,-20.765451431274414,-20.922801971435547,-20.977783203125,-21.064672470092773,-20.859750747680664,-20.921627044677734,0
7.852,-23.613857269287109,-23.674688339233398,-23.551036834716797,-23.642145156860352,-23.528295516967773,-23.717525482177734,-23.511272430419922,-23.551534652709961,0
7.856,-21.868545532226562,-21.846399307250977,-21.853912353515625,-21.909952163696289,-21.668634414672852,-21.8656005859375,-21.733053207397461,-21.761581420898438,0
7.86,-20.932409286499023,-20.855983734130859,-20.989864349365234,-21.022085189819336,-20.733865737915039,-20.901163101196289,-20.840267181396484,-20.834009170532227,0
7.864,-22.252618789672852,-22.123397827148438,-22.389236450195312,-22.328619003295898,-22.102788925170898,-22.248586654663086,-22.225475311279297,-22.187820434570312,0
7.868,-22.484554290771484,-22.358089447021484,-22.696636199951172,-22.497390747070312,-22.394632339477539,-22.531402587890625,-22.550149917602539,-22.482156753540039,0
7.872,-24.115245819091797,-24.056758880615234,-24.364969253540039,-24.120601654052734,-24.130483627319336,-24.229930877685547,-24.284616470336914,-24.17742919921875,0
7.876,-21.298940658569336,-21.259994506835938,-21.513656616210938,-21.37005615234375,-21.459375381469727,-21.479351043701172,-21.544815063476562,-21.397502899169922,0
7.88,-20.200847625732422,-20.104482650756836,-20.332174301147461,-20.379816055297852,-20.499965667724609,-20.436061859130859,-20.508993148803711,-20.278163909912109,0
7.884,-21.989238739013672,-21.867233276367188,-22.043767929077148,-22.254175186157227,-22.396205902099609,-22.247278213500977,-22.326543807983398,-22.008010864257812,0
7.888,-22.487014770507812,-22.431503295898438,-22.512704849243164,-22.781581878662109,-22.944881439208984,-22.703750610351562,-22.78912353515625,-22.479080200195312,0
7.892,-23.647689819335938,-23.722000122070312,-23.682199478149414,-23.947256088256836,-24.0736083984375,-23.791589736938477,-23.896722793579102,-23.683263778686523,0
7.896,-20.317041397094727,-20.529077529907227,-20.395717620849609,-20.583282470703125,-20.654933929443359,-20.409173965454102,-20.540445327758789,-20.447912216186523,0
7.9,-18.83477783203125,-19.095211029052734,-18.985073089599609,-19.002264022827148,-19.040304183959961,-18.881450653076172,-19.023788452148438,-19.018356323242188,0
7.904,-20.320379257202148,-20.478918075561523,-20.528421401977539,-20.37322998046875,-20.387552261352539,-20.305446624755859,-20.437795639038086,-20.44140625,0
7.908,-20.970891952514648,-20.926595687866211,-21.180883407592773,-20.926370620727539,-20.993860244750977,-20.875255584716797,-20.988367080688477,-20.970840454101562,0
7.912,-22.934606552124023,-22.71026611328125,-23.099813461303711,-22.821512222290039,-23.027099609375,-22.745275497436523,-22.861492156982422,-22.855443954467773,0
7.916,-20.705577850341797,-20.4215087890625,-20.841335296630859,-20.625085830688477,-20.914316177368164,-20.468612670898438,-20.630422592163086,-20.630167007446289,0
7.92,-19.842113494873047,-19.592758178710938,-19.970745086669922,-19.883642196655273,-20.148239135742188,-19.670059204101562,-19.862344741821289,-19.853042602539062,0
7.924,-21.605077743530273,-21.408767700195312,-21.745550155639648,-21.736461639404297,-21.972026824951172,-21.560995101928711,-21.698146820068359,-21.727062225341797,0
7.928,-22.136684417724609,-22.000392913818359,-22.307140350341797,-22.281108856201172,-22.544717788696289,-22.197738647460938,-22.216781616210938,-22.299419403076172,0
7.932,-23.270898818969727,-23.211797714233398,-23.445404052734375,-23.388534545898438,-23.686992645263672,-23.387283325195312,-23.310573577880859,-23.406459808349609,0
7.936,-20.278549194335938,-20.296472549438477,-20.416234970092773,-20.376001358032227,-20.654247283935547,-20.3919677734375,-20.289409637451172,-20.403467178344727,0
7.94,-19.29547119140625,-19.336984634399414,-19.342504501342773,-19.364156723022461,-19.588449478149414,-19.342864990234375,-19.289932250976562,-19.411922454833984,0
7.944,-21.263727188110352,-21.265758514404297,-21.191427230834961,-21.274028778076172,-21.459909439086914,-21.236047744750977,-21.263107299804688,-21.333019256591797,0
7.948,-21.674856185913086,-21.675115585327148,-21.558242797851562,-21.685205459594727,-21.829376220703125,-21.650903701782227,-21.724212646484375,-21.747503280639648,0
7.952,-22.874252319335938,-22.926950454711914,-22.812372207641602,-22.961843490600586,-23.033599853515625,-22.876613616943359,-22.987026214599609,-23.013458251953125,0
7.956,-20.899728775024414,-20.985183715820312,-20.909753799438477,-21.0367431640625,-21.031703948974609,-20.850521087646484,-20.995269775390625,-21.048168182373047,0
7.96,-20.908041000366211,-20.996536254882812,-20.934734344482422,-21.026830673217773,-20.970363616943359,-20.776668548583984,-20.882762908935547,-20.990060806274414,0
7.964,-22.846187591552734,-22.902170181274414,-22.796550750732422,-22.892238616943359,-22.840890884399414,-22.683267593383789,-22.666986465454102,-22.841854095458984,0
7.968,-22.272670745849609,-22.286703109741211,-22.103481292724609,-22.254583358764648,-22.251918792724609,-22.151016235351562,-21.983440399169922,-22.193078994750977,0
7.972,-22.758096694946289,-22.794692993164062,-22.56005859375,-22.774333953857422,-22.777425765991211,-22.719552993774414,-22.442928314208984,-22.645990371704102,0
7.976,-21.398351669311523,-21.515054702758789,-21.278909683227539,-21.5220947265625,-21.448431015014648,-21.431472778320312,-21.1337890625,-21.313512802124023,0
7.98,-22.379415512084961,-22.573053359985352,-22.362680435180664,-22.632350921630859,-22.409479141235352,-22.457683563232422,-22.194686889648438,-22.384246826171875,0
7.984,-24.510641098022461,-24.746139526367188,-24.633758544921875,-24.884151458740234,-24.528728485107422,-24.620819091796875,-24.413782119750977,-24.651962280273438,0
7.988,-23.552434921264648,-23.777780532836914,-23.862737655639648,-23.959554672241211,-23.59625244140625,-23.6702880859375,-23.561727523803711,-23.793359756469727,0
7.992,-24.124649047851562,-24.298870086669922,-24.550792694091797,-24.443151473999023,-24.152029037475586,-24.161611557006836,-24.231258392333984,-24.337488174438477,0
7.996,-23.426065444946289,-23.544244766235352,-23.857875823974609,-23.594463348388672,-23.385890960693359,-23.282558441162109,-23.5792236328125,-23.515279769897461,0
8,-24.586929321289062,-24.668563842773438,-24.981973648071289,-24.652557373046875,-24.507287979125977,-24.293527603149414,-24.727151870727539,-24.538675308227539,0
8.004,-26.509304046630859,-26.569997787475586,-26.827713012695312,-26.588409423828125,-26.422689437866211,-26.196071624755859,-26.599557876586914,-26.369176864624023,0
8.008,-25.287969589233398,-25.339584350585938,-25.523916244506836,-25.45404052734375,-25.21209716796875,-25.032604217529297,-25.345911026000977,-25.177740097045898,0
8.012,-25.540334701538086,-25.593166351318359,-25.734477996826172,-25.767370223999023,-25.486734390258789,-25.353200912475586,-25.617137908935547,-25.543115615844727,0
8.016,-24.627965927124023,-24.661117553710938,-24.784347534179688,-24.844537734985352,-24.575130462646484,-24.523433685302734,-24.742950439453125,-24.704479217529297,0
8.02,-25.226211547851562,-25.202495574951172,-25.311767578125,-25.402273178100586,-25.159343719482422,-25.173807144165039,-25.382553100585938,-25.335382461547852,0
8.024,-26.398015975952148,-26.349374771118164,-26.386331558227539,-26.556743621826172,-26.320323944091797,-26.309274673461914,-26.628713607788086,-26.554540634155273,0
8.028,-25.038839340209961,-25.068994522094727,-24.914327621459961,-25.197933197021484,-24.953805923461914,-24.905544281005859,-25.333124160766602,-25.245647430419922,0
8.032,-25.970743179321289,-26.099573135375977,-25.758769989013672,-26.120025634765625,-25.889968872070312,-25.85260009765625,-26.22308349609375,-26.17236328125,0
8.036,-25.6832275390625,-25.863260269165039,-25.5029296875,-25.822906494140625,-25.648157119750977,-25.593120574951172,-25.801198959350586,-25.851436614990234,0
8.04,-25.999547958374023,-26.230539321899414,-25.96246337890625,-26.138513565063477,-26.069580078125,-25.920354843139648,-26.005641937255859,-26.197900772094727,0
8.044,-26.936712265014648,-27.186565399169922,-27.039682388305664,-27.069881439208984,-27.113189697265625,-26.861766815185547,-26.937038421630859,-27.21240234375,0
8.048,-26.129247665405273,-26.343053817749023,-26.300991058349609,-26.269128799438477,-26.33087158203125,-26.082468032836914,-26.219478607177734,-26.472469329833984,0
8.052,-27.865612030029297,-28.047292709350586,-28.033258438110352,-28.058649063110352,-28.017343521118164,-27.922454833984375,-28.077173233032227,-28.268798828125,0
8.056,-27.953826904296875,-28.095779418945312,-28.04473876953125,-28.204248428344727,-28.034038543701172,-28.145294189453125,-28.222066879272461,-28.384963989257812,0
8.06,-27.565567016601562,-27.630294799804688,-27.516994476318359,-27.839138031005859,-27.565120697021484,-27.802713394165039,-27.793371200561523,-27.957666397094727,0
8.064,-27.077068328857422,-27.085577011108398,-26.882675170898438,-27.344417572021484,-27.002300262451172,-27.242141723632812,-27.248123168945312,-27.401626586914062,0
8.068,-25.096780776977539,-25.078929901123047,-24.777523040771484,-25.290563583374023,-24.992380142211914,-25.097219467163086,-25.261123657226562,-25.333400726318359,0
8.072,-26.591562271118164,-26.526500701904297,-26.201208114624023,-26.709426879882812,-26.519283294677734,-26.432525634765625,-26.802459716796875,-26.695199966430664,0
8.076,-27.124826431274414,-27.043889999389648,-26.773305892944336,-27.269296646118164,-27.137996673583984,-26.960332870483398,-27.401422500610352,-27.123149871826172,0
8.08,-26.954967498779297,-26.958993911743164,-26.705541610717773,-27.174709320068359,-27.077144622802734,-26.928298950195312,-27.270578384399414,-26.948223114013672,0
8.084,-26.610265731811523,-26.69342041015625,-26.437555313110352,-26.864068984985352,-26.759109497070312,-26.722667694091797,-26.892751693725586,-26.613235473632812,0
8.088,-24.677602767944336,-24.697280883789062,-24.515178680419922,-24.893285751342773,-24.693181991577148,-24.8524169921875,-24.824014663696289,-24.605142593383789,0
8.092,-25.524562835693359,-25.413173675537109,-25.338251113891602,-25.646524429321289,-25.362136840820312,-25.711532592773438,-25.475149154663086,-25.3804931640625,0
8.096,-25.019708633422852,-24.826553344726562,-24.826089859008789,-25.038009643554688,-24.758981704711914,-25.188394546508789,-24.778762817382812,-24.884349822998047,0
8.1,-24.260931015014648,-24.075363159179688,-24.076089859008789,-24.200271606445312,-23.966043472290039,-24.3553466796875,-23.876745223999023,-24.171417236328125,0
8.104,-24.103500366210938,-24.02880859375,-23.972972869873047,-24.018138885498047,-23.821481704711914,-24.108154296875,-23.708917617797852,-24.088649749755859,0
8.108,-22.220870971679688,-22.292699813842773,-22.189138412475586,-22.188503265380859,-22.014308929443359,-22.226085662841797,-21.9598388671875,-22.305765151977539,0
8.112,-22.812282562255859,-22.931432723999023,-22.842403411865234,-22.841714859008789,-22.695999145507812,-22.873407363891602,-22.721832275390625,-22.956798553466797,0
8.116,-22.340433120727539,-22.366369247436523,-22.378231048583984,-22.371639251708984,-22.258571624755859,-22.412591934204102,-22.391759872436523,-22.467416763305664,0
8.12,-21.351608276367188,-21.247442245483398,-21.385723114013672,-21.37762451171875,-21.270263671875,-21.450191497802734,-21.5103759765625,-21.445077896118164,0
8.124,-20.891815185546875,-20.717403411865234,-20.929391860961914,-20.926254272460938,-20.818706512451172,-21.113018035888672,-21.110733032226562,-20.963516235351562,0
8.128,-19.44952392578125,-19.307037353515625,-19.504266738891602,-19.475549697875977,-19.388223648071289,-19.847066879272461,-19.672237396240234,-19.497003555297852,0
8.132,-21.083980560302734,-21.020671844482422,-21.142431259155273,-21.058574676513672,-21.02435302734375,-21.608816146850586,-21.262954711914062,-21.112991333007812,0
8.136,-21.475988388061523,-21.447835922241211,-21.510568618774414,-21.345708847045898,-21.395380020141602,-22.013820648193359,-21.610485076904297,-21.493078231811523,0
8.14,-20.585506439208984,-20.554733276367188,-20.637456893920898,-20.379873275756836,-20.496685028076172,-21.019973754882812,-20.734914779663086,-20.624752044677734,0
8.144,-20.06451416015625,-19.981683731079102,-20.143707275390625,-19.863229751586914,-19.999355316162109,-20.292455673217773,-20.24932861328125,-20.135875701904297,0
8.148,-18.699825286865234,-18.530035018920898,-18.704376220703125,-18.497259140014648,-18.653560638427734,-18.6910400390625,-18.855035781860352,-18.766469955444336,0
8.152,-20.324153900146484,-20.117290496826172,-20.207223892211914,-20.074138641357422,-20.283458709716797,-20.142482757568359,-20.406021118164062,-20.382137298583984,0
8.156,-20.602636337280273,-20.427154541015625,-20.417272567749023,-20.323675155639648,-20.5550537109375,-20.354507446289062,-20.627035140991211,-20.650051116943359,0
8.16,-19.4881591796875,-19.373165130615234,-19.261215209960938,-19.213211059570312,-19.417501449584961,-19.271133422851562,-19.457082748413086,-19.474090576171875,0
8.164,-19.367397308349609,-19.288946151733398,-19.118587493896484,-19.114238739013672,-19.314981460571289,-19.204992294311523,-19.267791748046875,-19.238149642944336,0
8.168,-19.141189575195312,-19.073205947875977,-18.930999755859375,-18.94488525390625,-19.180038452148438,-19.006343841552734,-18.979961395263672,-18.884317398071289,0
8.172,-21.9058837890625,-21.901012420654297,-21.799016952514648,-21.812341690063477,-22.046890258789062,-21.812347412109375,-21.712108612060547,-21.595815658569336,0
8.176,-22.873733520507812,-22.981353759765625,-22.890148162841797,-22.891714096069336,-23.065898895263672,-22.858270645141602,-22.675664901733398,-22.612222671508789,0
8.18,-21.643341064453125,-21.817367553710938,-21.726858139038086,-21.681604385375977,-21.784536361694336,-21.666650772094727,-21.436214447021484,-21.442378997802734,0
8.184,-20.688623428344727,-20.890289306640625,-20.779796600341797,-20.649974822998047,-20.721364974975586,-20.675888061523438,-20.451181411743164,-20.543390274047852,0
8.188,-18.974712371826172,-19.196182250976562,-19.007192611694336,-18.827388763427734,-18.939785003662109,-18.862823486328125,-18.683761596679688,-18.910318374633789,0
8.192,-20.000310897827148,-20.182140350341797,-19.87017822265625,-19.729244232177734,-19.895914077758789,-19.711956024169922,-19.635269165039062,-19.989227294921875,0
8.196,-19.853668212890625,-19.919586181640625,-19.572616577148438,-19.491851806640625,-19.657516479492188,-19.407022476196289,-19.425243377685547,-19.812572479248047,0
8.2,-18.378189086914062,-18.318386077880859,-18.11260986328125,-17.987697601318359,-18.144510269165039,-17.925653457641602,-17.926336288452148,-18.245946884155273,0
8.204,-18.154458999633789,-18.024932861328125,-18.045675277709961,-17.782772064208984,-17.942895889282227,-17.841552734375,-17.735885620117188,-17.943170547485352,0
8.208,-17.378351211547852,-17.236965179443359,-17.434185028076172,-17.051397323608398,-17.193964004516602,-17.241485595703125,-17.039541244506836,-17.141988754272461,0
8.212,-18.602981567382812,-18.479970932006836,-18.732793807983398,-18.347118377685547,-18.422342300415039,-18.562530517578125,-18.318883895874023,-18.381862640380859,0
8.216,-18.191705703735352,-18.105768203735352,-18.288341522216797,-18.057531356811523,-18.008020401000977,-18.153091430664062,-17.917842864990234,-18.019388198852539,0
8.22,-16.094549179077148,-16.071346282958984,-16.113016128540039,-16.070779800415039,-15.929677963256836,-16.046539306640625,-15.843737602233887,-16.017711639404297,0
8.224,-15.155416488647461,-15.208638191223145,-15.149579048156738,-15.175557136535645,-15.034202575683594,-15.109161376953125,-14.945707321166992,-15.182246208190918,0
8.228,-13.990957260131836,-14.116430282592773,-14.054728507995605,-14.012350082397461,-13.916107177734375,-13.948158264160156,-13.821047782897949,-14.097111701965332,0
8.232,-15.264521598815918,-15.450678825378418,-15.442814826965332,-15.268302917480469,-15.245022773742676,-15.243771553039551,-15.140154838562012,-15.415090560913086,0
8.236,-15.083595275878906,-15.261996269226074,-15.294781684875488,-15.018302917480469,-15.125330924987793,-15.02763843536377,-14.958094596862793,-15.154279708862305,0
8.24,-12.976081848144531,-13.043319702148438,-13.05083179473877,-12.762148857116699,-13.00080680847168,-12.785662651062012,-12.73200798034668,-12.85310173034668,0
8.244,-12.246458053588867,-12.200881958007812,-12.149604797363281,-11.920547485351562,-12.15772533416748,-11.970973014831543,-11.866569519042969,-12.013664245605469,0
8.248,-11.444758415222168,-11.38194751739502,-11.298359870910645,-11.161877632141113,-11.276298522949219,-11.252657890319824,-11.060961723327637,-11.295608520507812,0
8.252,-13.034756660461426,-13.040098190307617,-12.914433479309082,-12.895208358764648,-12.8775634765625,-13.055624008178711,-12.739377975463867,-13.077038764953613,0
8.256,-13.566190719604492,-13.647726058959961,-13.450154304504395,-13.51213550567627,-13.422002792358398,-13.788490295410156,-13.312101364135742,-13.726292610168457,0
8.26,-12.214169502258301,-12.321574211120605,-12.103291511535645,-12.096867561340332,-12.052663803100586,-12.498881340026855,-11.916557312011719,-12.30323314666748,0
8.264,-12.363874435424805,-12.449292182922363,-12.286755561828613,-12.099515914916992,-12.193288803100586,-12.571284294128418,-12.007055282592773,-12.267247200012207,0
8.268,-12.772598266601562,-12.773092269897461,-12.65771484375,-12.380618095397949,-12.561185836791992,-12.829231262207031,-12.366897583007812,-12.508405685424805,0
8.272,-15.226669311523438,-15.143603324890137,-15.050433158874512,-14.802777290344238,-14.940793037414551,-15.169624328613281,-14.833534240722656,-14.91755485534668,0
8.276,-15.729711532592773,-15.663273811340332,-15.638468742370605,-15.416407585144043,-15.459129333496094,-15.684232711791992,-15.535054206848145,-15.552579879760742,0
8.28,-13.669782638549805,-13.676155090332031,-13.735234260559082,-13.552350997924805,-13.539457321166992,-13.704426765441895,-13.791265487670898,-13.740267753601074,0
8.284,-13.371640205383301,-13.406804084777832,-13.513097763061523,-13.392046928405762,-13.378677368164062,-13.452054977416992,-13.673080444335938,-13.659214973449707,0
8.288,-13.47132682800293,-13.467204093933105,-13.604240417480469,-13.490595817565918,-13.52338695526123,-13.553013801574707,-13.73158073425293,-13.805607795715332,0
8.292,-15.496114730834961,-15.434269905090332,-15.563421249389648,-15.400312423706055,-15.522743225097656,-15.539037704467773,-15.595400810241699,-15.694003105163574,0
8.296,-16.406810760498047,-16.286630630493164,-16.366485595703125,-16.143610000610352,-16.360244750976562,-16.369451522827148,-16.320446014404297,-16.383235931396484,0
8.3,-15.550458908081055,-15.373066902160645,-15.408096313476562,-15.156532287597656,-15.413244247436523,-15.445350646972656,-15.328478813171387,-15.350680351257324,0
8.304,-16.480504989624023,-16.310842514038086,-16.278493881225586,-16.017253875732422,-16.280923843383789,-16.346282958984375,-16.186904907226562,-16.203866958618164,0
8.308,-17.218257904052734,-17.131994247436523,-17.001581192016602,-16.731252670288086,-16.991170883178711,-17.073995590209961,-16.894063949584961,-16.906820297241211,0
8.312,-18.89385986328125,-18.905914306640625,-18.731561660766602,-18.458904266357422,-18.660671234130859,-18.758489608764648,-18.619680404663086,-18.580648422241211,0
8.316,-18.757329940795898,-18.865331649780273,-18.734487533569336,-18.398452758789062,-18.516668319702148,-18.671380996704102,-18.637857437133789,-18.494470596313477,0
8.32,-16.798696517944336,-16.975830078125,-16.911386489868164,-16.488311767578125,-16.543203353881836,-16.812667846679688,-16.850454330444336,-16.619766235351562,0
8.324,-17.208908081054688,-17.413644790649414,-17.374944686889648,-16.964349746704102,-16.931066513061523,-17.339370727539062,-17.342905044555664,-17.106216430664062,0
8.328,-17.537649154663086,-17.7646484375,-17.710367202758789,-17.415237426757812,-17.254491806030273,-17.754690170288086,-17.678552627563477,-17.511510848999023,0
8.332,-18.538387298583984,-18.789999008178711,-18.690404891967773,-18.552703857421875,-18.317636489868164,-18.779165267944336,-18.640874862670898,-18.615926742553711,0
8.336,-18.025869369506836,-18.294448852539062,-18.103723526000977,-18.091323852539062,-17.901800155639648,-18.214183807373047,-18.052547454833984,-18.157949447631836,0
8.34,-16.102712631225586,-16.396566390991211,-16.035350799560547,-16.135854721069336,-16.029476165771484,-16.199398040771484,-16.082042694091797,-16.194576263427734,0
8.344,-17.206432342529297,-17.516057968139648,-16.966634750366211,-17.223642349243164,-17.129974365234375,-17.234920501708984,-17.164831161499023,-17.215618133544922,0
8.348,-18.581151962280273,-18.836633682250977,-18.243133544921875,-18.628170013427734,-18.492818832397461,-18.582010269165039,-18.475994110107422,-18.524993896484375,0
8.352,-19.996637344360352,-20.174947738647461,-19.698984146118164,-20.107595443725586,-19.933298110961914,-20.003429412841797,-19.833734512329102,-19.966958999633789,0
8.356,-18.774318695068359,-18.964672088623047,-18.640316009521484,-19.003887176513672,-18.812175750732422,-18.846340179443359,-18.652196884155273,-18.936330795288086,0
8.36,-15.038975715637207,-15.286863327026367,-15.083767890930176,-15.39234733581543,-15.224164009094238,-15.191126823425293,-15.039587020874023,-15.472457885742188,0
8.364,-14.379069328308105,-14.621480941772461,-14.510807991027832,-14.761593818664551,-14.665326118469238,-14.530932426452637,-14.517756462097168,-14.955795288085938,0
8.368,-15.063177108764648,-15.240827560424805,-15.194173812866211,-15.377044677734375,-15.35883903503418,-15.139460563659668,-15.301867485046387,-15.573249816894531,0
8.372,-17.202465057373047,-17.230587005615234,-17.261135101318359,-17.368804931640625,-17.384283065795898,-17.142559051513672,-17.44488525390625,-17.482015609741211,0
8.376,-17.762002944946289,-17.530527114868164,-17.703853607177734,-17.683893203735352,-17.723272323608398,-17.535573959350586,-17.877712249755859,-17.748987197875977,0
8.38,-15.246150016784668,-14.792849540710449,-15.117841720581055,-14.938092231750488,-14.999807357788086,-14.94898796081543,-15.168393135070801,-15.019744873046875,0
8.384,-14.944402694702148,-14.413586616516113,-14.791610717773438,-14.558454513549805,-14.580058097839355,-14.717948913574219,-14.737136840820312,-14.628779411315918,0
8.388,-15.981758117675781,-15.471357345581055,-15.799734115600586,-15.64002513885498,-15.606948852539062,-15.882952690124512,-15.779607772827148,-15.664553642272949,0
8.392,-18.541091918945312,-18.058334350585938,-18.32220458984375,-18.253412246704102,-18.220104217529297,-18.519002914428711,-18.401418685913086,-18.251125335693359,0
8.396,-19.402379989624023,-18.914627075195312,-19.142120361328125,-19.145391464233398,-19.107162475585938,-19.359737396240234,-19.295623779296875,-19.078527450561523,0
8.4,-16.759883880615234,-16.313350677490234,-16.517904281616211,-16.578536987304688,-16.456655502319336,-16.654302597045898,-16.676980972290039,-16.384637832641602,0
8.404,-16.014959335327148,-15.678004264831543,-15.883298873901367,-15.94798755645752,-15.706024169921875,-15.874313354492188,-15.927853584289551,-15.676999092102051,0
8.408,-16.428243637084961,-16.217916488647461,-16.423778533935547,-16.461172103881836,-16.143426895141602,-16.322841644287109,-16.294876098632812,-16.200160980224609,0
8.412,-18.374935150146484,-18.288742065429688,-18.458490371704102,-18.493038177490234,-18.155004501342773,-18.386871337890625,-18.238531112670898,-18.297344207763672,0
8.416,-19.37457275390625,-19.374597549438477,-19.498571395874023,-19.542205810546875,-19.203903198242188,-19.538839340209961,-19.299327850341797,-19.434759140014648,0
8.42,-17.594427108764648,-17.609579086303711,-17.741418838500977,-17.7735595703125,-17.452672958374023,-17.858438491821289,-17.583099365234375,-17.720418930053711,0
8.424,-17.938074111938477,-17.878549575805664,-18.106033325195312,-18.088359832763672,-17.834283828735352,-18.171352386474609,-17.979684829711914,-18.0582275390625,0
8.428,-19.179769515991211,-18.991647720336914,-19.324611663818359,-19.225412368774414,-19.070821762084961,-19.255565643310547,-19.2503662109375,-19.204498291015625,0
8.432,-21.560237884521484,-21.291255950927734,-21.605133056640625,-21.490087509155273,-21.428512573242188,-21.459194183349609,-21.607858657836914,-21.457464218139648,0
8.436,-22.677927017211914,-22.439489364624023,-22.593948364257812,-22.614786148071289,-22.586788177490234,-22.501413345336914,-22.717815399169922,-22.524948120117188,0
8.44,-20.277231216430664,-20.1536865234375,-20.140956878662109,-20.337102890014648,-20.264104843139648,-20.150934219360352,-20.373077392578125,-20.159082412719727,0
8.444,-19.364450454711914,-19.382335662841797,-19.285696029663086,-19.523752212524414,-19.412714004516602,-19.346242904663086,-19.519084930419922,-19.365749359130859,0
8.448,-18.906595230102539,-19.02740478515625,-18.957052230834961,-19.066448211669922,-18.958465576171875,-18.972988128662109,-19.080307006835938,-19.066476821899414,0
8.452,-19.651424407958984,-19.777273178100586,-19.820257186889648,-19.760711669921875,-19.6497802734375,-19.730459213256836,-19.793817520141602,-19.887521743774414,0
8.456,-20.268890380859375,-20.322948455810547,-20.459085464477539,-20.315807342529297,-20.224300384521484,-20.305974960327148,-20.320459365844727,-20.476861953735352,0
8.46,-18.315517425537109,-18.326166152954102,-18.455633163452148,-18.314218521118164,-18.286233901977539,-18.333429336547852,-18.288768768310547,-18.483245849609375,0
8.464,-17.943872451782227,-18.014333724975586,-18.02337646484375,-17.954504013061523,-17.963817596435547,-17.972549438476562,-17.907693862915039,-18.105566024780273,0
8.468,-17.183664321899414,-17.387924194335938,-17.245143890380859,-17.247274398803711,-17.238561630249023,-17.211538314819336,-17.196813583374023,-17.366649627685547,0
8.472,-16.629858016967773,-16.962255477905273,-16.7613525390625,-16.766668319702148,-16.710369110107422,-16.654460906982422,-16.753139495849609,-16.870229721069336,0
8.476,-16.101421356201172,-16.483486175537109,-16.305593490600586,-16.320764541625977,-16.224798202514648,-16.125682830810547,-16.297307968139648,-16.36090087890625,0
8.48,-13.981974601745605,-14.280126571655273,-14.112516403198242,-14.205648422241211,-14.145533561706543,-13.999371528625488,-14.112957954406738,-14.110163688659668,0
8.484,-14.778669357299805,-14.888656616210938,-14.725318908691406,-14.904324531555176,-14.953168869018555,-14.786794662475586,-14.794064521789551,-14.70289134979248,0
8.488,-15.917417526245117,-15.866503715515137,-15.741007804870605,-15.94318962097168,-16.088907241821289,-15.933468818664551,-15.86927604675293,-15.721278190612793,0
8.492,-16.833242416381836,-16.722076416015625,-16.631601333618164,-16.809274673461914,-17.015911102294922,-16.864980697631836,-16.743692398071289,-16.608867645263672,0
8.496,-16.745065689086914,-16.638357162475586,-16.5548095703125,-16.702871322631836,-16.932962417602539,-16.758123397827148,-16.569591522216797,-16.5531005859375,0
8.5,-13.787696838378906,-13.68231201171875,-13.621282577514648,-13.742536544799805,-13.925662040710449,-13.749531745910645,-13.520733833312988,-13.650236129760742,0
8.504,-13.407824516296387,-13.22950553894043,-13.259941101074219,-13.343557357788086,-13.448965072631836,-13.321205139160156,-13.115873336791992,-13.264432907104492,0
8.508,-14.095921516418457,-13.799136161804199,-13.946210861206055,-13.99969482421875,-14.059776306152344,-13.992444038391113,-13.830314636230469,-13.881917953491211,0
8.512,-15.29035758972168,-14.963435173034668,-15.145443916320801,-15.223193168640137,-15.245687484741211,-15.218992233276367,-15.109225273132324,-15.051030158996582,0
8.516,-15.557597160339355,-15.340273857116699,-15.426115036010742,-15.599538803100586,-15.561119079589844,-15.541433334350586,-15.515238761901855,-15.412356376647949,0
8.52,-12.226353645324707,-12.195938110351562,-12.082351684570312,-12.386161804199219,-12.2803955078125,-12.220619201660156,-12.263455390930176,-12.218012809753418,0
8.524,-11.424245834350586,-11.600517272949219,-11.307858467102051,-11.681696891784668,-11.521734237670898,-11.413449287414551,-11.460873603820801,-11.532849311828613,0
8.528,-12.5362548828125,-12.890963554382324,-12.55109691619873,-12.881454467773438,-12.721430778503418,-12.604701042175293,-12.613306999206543,-12.764569282531738,0
8.532,-14.793188095092773,-15.246737480163574,-14.973164558410645,-15.17314624786377,-15.110282897949219,-14.997306823730469,-14.979044914245605,-15.120262145996094,0
8.536,-16.320587158203125,-16.770788192749023,-16.609584808349609,-16.655208587646484,-16.755641937255859,-16.622573852539062,-16.583383560180664,-16.678899765014648,0
8.54,-13.702227592468262,-14.061541557312012,-14.013180732727051,-13.957853317260742,-14.194219589233398,-13.994939804077148,-13.967222213745117,-14.013212203979492,0
8.544,-12.781919479370117,-13.002683639526367,-13.031970024108887,-12.976162910461426,-13.259181022644043,-12.957173347473145,-13.009511947631836,-12.990348815917969,0
8.548,-13.082366943359375,-13.16124439239502,-13.195836067199707,-13.203323364257812,-13.480267524719238,-13.11126708984375,-13.227953910827637,-13.151662826538086,0
8.552,-14.431422233581543,-14.43263053894043,-14.41144847869873,-14.442100524902344,-14.715624809265137,-14.377825736999512,-14.474494934082031,-14.366689682006836,0
8.556,-16.122060775756836,-16.133707046508789,-16.041915893554688,-16.0294189453125,-16.319726943969727,-16.097225189208984,-16.113122940063477,-15.987423896789551,0
8.56,-14.99878978729248,-15.071676254272461,-14.902326583862305,-14.812373161315918,-15.164814949035645,-15.050605773925781,-14.991185188293457,-14.853742599487305,0
8.564,-16.229049682617188,-16.368495941162109,-16.145761489868164,-15.992098808288574,-16.416866302490234,-16.311838150024414,-16.248743057250977,-16.080373764038086,0
8.568,-17.640787124633789,-17.804790496826172,-17.605239868164062,-17.47857666015625,-17.883234024047852,-17.697460174560547,-17.710912704467773,-17.472393035888672,0
8.572,-18.211355209350586,-18.340572357177734,-18.221765518188477,-18.219371795654297,-18.484218597412109,-18.230829238891602,-18.340234756469727,-18.030563354492188,0
8.576,-18.604513168334961,-18.675863265991211,-18.632781982421875,-18.787242889404297,-18.834817886352539,-18.638647079467773,-18.803127288818359,-18.425924301147461,0
8.58,-16.551345825195312,-16.6158447265625,-16.627420425415039,-16.862762451171875,-16.715057373046875,-16.694393157958984,-16.847696304321289,-16.438594818115234,0
8.584,-17.255733489990234,-17.382421493530273,-17.445852279663086,-17.606674194335938,-17.444198608398438,-17.557952880859375,-17.649438858032227,-17.317010879516602,0
8.588,-18.358285903930664,-18.548793792724609,-18.650390625,-18.617763519287109,-18.647253036499023,-18.770986557006836,-18.792919158935547,-18.59576416015625,0
8.592,-18.758255004882812,-18.941097259521484,-19.04962158203125,-18.816522598266602,-19.109949111938477,-19.184810638427734,-19.147516250610352,-19.046895980834961,0
8.596,-18.9896240234375,-19.107400894165039,-19.206600189208984,-18.866079330444336,-19.349950790405273,-19.361202239990234,-19.321462631225586,-19.215780258178711,0
8.6,-16.165126800537109,-16.238296508789062,-16.343505859375,-16.015346527099609,-16.545984268188477,-16.479696273803711,-16.521142959594727,-16.311365127563477,0
8.604,-16.134439468383789,-16.209243774414062,-16.281871795654297,-16.084102630615234,-16.571014404296875,-16.425079345703125,-16.56158447265625,-16.243576049804688,2
8.608,-17.017053604125977,-17.103479385375977,-17.033977508544922,-17.055124282836914,-17.499151229858398,-17.273717880249023,-17.471353530883789,-17.110912322998047,0
8.612,-16.916900634765625,-16.994592666625977,-16.770431518554688,-16.962493896484375,-17.405496597290039,-17.085079193115234,-17.309000015258789,-16.984966278076172,1
8.616,-16.476461410522461,-16.538814544677734,-16.278158187866211,-16.452444076538086,-16.95263671875,-16.536462783813477,-16.738780975341797,-16.510265350341797,0
8.62,-13.277867317199707,-13.345211982727051,-13.127851486206055,-13.160186767578125,-13.723564147949219,-13.270851135253906,-13.400341987609863,-13.267214775085449,0
8.624,-13.371823310852051,-13.468124389648438,-13.301417350769043,-13.231015205383301,-13.759902954101562,-13.355947494506836,-13.41468334197998,-13.313441276550293,0
8.628,-14.920550346374512,-15.032613754272461,-14.965787887573242,-14.874285697937012,-15.280552864074707,-14.936210632324219,-15.003010749816895,-14.858126640319824,0
8.632,-15.966702461242676,-16.055944442749023,-16.147974014282227,-16.081954956054688,-16.382965087890625,-16.066411972045898,-16.1898193359375,-15.9344482421875,0
8.636,-16.571752548217773,-16.624502182006836,-16.880090713500977,-16.830425262451172,-17.061059951782227,-16.786539077758789,-16.927822113037109,-16.551467895507812,0
8.64,-13.249359130859375,-13.262807846069336,-13.638155937194824,-13.5689697265625,-13.729151725769043,-13.510198593139648,-13.611468315124512,-13.207906723022461,0
8.644,-12.556599617004395,-12.531850814819336,-12.933448791503906,-12.86371898651123,-12.952590942382812,-12.783048629760742,-12.804100036621094,-12.483327865600586,0
8.648,-13.425230026245117,-13.38983154296875,-13.719976425170898,-13.69652271270752,-13.693196296691895,-13.596952438354492,-13.510902404785156,-13.356193542480469,0
8.652,-13.96479320526123,-13.917198181152344,-14.158147811889648,-14.148999214172363,-14.062522888183594,-14.067329406738281,-13.888998031616211,-13.905070304870605,0
8.656,-14.803382873535156,-14.675517082214355,-14.908505439758301,-14.826108932495117,-14.746745109558105,-14.838986396789551,-14.61384391784668,-14.706507682800293,0
8.66,-12.14716625213623,-11.889073371887207,-12.226519584655762,-12.045722961425781,-12.035736083984375,-12.157873153686523,-11.908167839050293,-12.025141716003418,0
8.664,-11.964245796203613,-11.608192443847656,-12.072393417358398,-11.850692749023438,-11.865730285644531,-11.944602966308594,-11.714358329772949,-11.845828056335449,0
8.668,-13.216690063476562,-12.840235710144043,-13.321537971496582,-13.109143257141113,-13.080624580383301,-13.102383613586426,-12.979708671569824,-13.066800117492676,0
8.672,-14.012524604797363,-13.692309379577637,-14.084997177124023,-13.893397331237793,-13.796534538269043,-13.811709403991699,-13.851941108703613,-13.837959289550781,0
8.676,-14.982462882995605,-14.774409294128418,-15.076428413391113,-14.90815258026123,-14.76282787322998,-14.785772323608398,-14.96552562713623,-14.861572265625,0
8.68,-12.306875228881836,-12.193349838256836,-12.451505661010742,-12.297335624694824,-12.168278694152832,-12.172686576843262,-12.420018196105957,-12.280220031738281,0
8.684,-12.241101264953613,-12.139788627624512,-12.358802795410156,-12.225377082824707,-12.169222831726074,-12.148623466491699,-12.410652160644531,-12.271138191223145,0
8.688,-13.512858390808105,-13.378669738769531,-13.556005477905273,-13.43910026550293,-13.466166496276855,-13.406240463256836,-13.624732971191406,-13.528219223022461,0
8.692,-14.110918998718262,-13.974767684936523,-14.140637397766113,-14.032232284545898,-14.097448348999023,-13.996090888977051,-14.055485725402832,-14.077267646789551,0
8.696,-15.468874931335449,-15.38740348815918,-15.510099411010742,-15.460612297058105,-15.463050842285156,-15.368311882019043,-15.209722518920898,-15.40552806854248,0
8.7,-13.775355339050293,-13.745646476745605,-13.743777275085449,-13.808996200561523,-13.678686141967773,-13.637614250183105,-13.314376831054688,-13.701398849487305,0
8.704,-14.429539680480957,-14.388102531433105,-14.267214775085449,-14.45423412322998,-14.219528198242188,-14.260215759277344,-13.835601806640625,-14.36541748046875,0
8.708,-14.999135971069336,-14.91100025177002,-14.749624252319336,-15.015530586242676,-14.744321823120117,-14.896492004394531,-14.399479866027832,-14.98784351348877,0
8.712,-13.639516830444336,-13.49476432800293,-13.355016708374023,-13.620625495910645,-13.361335754394531,-13.598655700683594,-13.097630500793457,-13.669901847839355,0
8.716,-13.595211982727051,-13.383946418762207,-13.274638175964355,-13.503840446472168,-13.273602485656738,-13.519195556640625,-13.12494945526123,-13.576342582702637,0
8.72,-11.643221855163574,-11.405715942382812,-11.262722969055176,-11.546595573425293,-11.320002555847168,-11.533017158508301,-11.279215812683105,-11.530754089355469,0
8.724,-12.899169921875,-12.736430168151855,-12.467161178588867,-12.893467903137207,-12.659093856811523,-12.831143379211426,-12.65974235534668,-12.779126167297363,0
8.728,-14.618237495422363,-14.624601364135742,-14.2005615234375,-14.669573783874512,-14.493258476257324,-14.663673400878906,-14.460558891296387,-14.623159408569336,0
8.732,-14.442176818847656,-14.626017570495605,-14.088183403015137,-14.471227645874023,-14.402097702026367,-14.659324645996094,-14.308926582336426,-14.628176689147949,0
8.736,-15.132739067077637,-15.357480049133301,-14.791781425476074,-15.116757392883301,-15.09502124786377,-15.446279525756836,-14.972709655761719,-15.442312240600586,0
8.74,-12.78410816192627,-12.881874084472656,-12.390134811401367,-12.724795341491699,-12.674580574035645,-12.99159049987793,-12.555646896362305,-13.11579704284668,0
8.744,-13.05036449432373,-12.984563827514648,-12.659520149230957,-12.996856689453125,-12.861294746398926,-13.08135986328125,-12.771061897277832,-13.336108207702637,0
8.748,-14.13136100769043,-13.933914184570312,-13.857998847961426,-14.122550964355469,-13.889599800109863,-14.080177307128906,-13.829666137695312,-14.329780578613281,0
8.752,-13.513371467590332,-13.23066234588623,-13.390050888061523,-13.517664909362793,-13.248924255371094,-13.446972846984863,-13.161755561828613,-13.623128890991211,0
8.756,-13.532534599304199,-13.238009452819824,-13.503278732299805,-13.537923812866211,-13.233784675598145,-13.446497917175293,-13.118145942687988,-13.596598625183105,0
8.76,-10.107190132141113,-9.8910341262817383,-10.114158630371094,-10.106671333312988,-9.7511186599731445,-10.016383171081543,-9.696934700012207,-10.189089775085449,0
8.764,-9.7220430374145508,-9.6419706344604492,-9.7390346527099609,-9.680088996887207,-9.3467464447021484,-9.6699628829956055,-9.3932619094848633,-9.8734493255615234,0
8.768,-11.288482666015625,-11.326604843139648,-11.32301139831543,-11.271766662597656,-10.963369369506836,-11.28203296661377,-11.060498237609863,-11.491681098937988,0
8.772,-12.022542953491211,-12.145688056945801,-12.133743286132812,-12.166623115539551,-11.819648742675781,-12.076230049133301,-11.921093940734863,-12.251546859741211,0
8.776,-13.684527397155762,-13.8319091796875,-13.881222724914551,-13.966489791870117,-13.640655517578125,-13.821065902709961,-13.727500915527344,-13.918858528137207,0
8.78,-11.326144218444824,-11.400785446166992,-11.532873153686523,-11.615623474121094,-11.385172843933105,-11.510607719421387,-11.394989013671875,-11.476072311401367,0
8.784,-11.56689453125,-11.553802490234375,-11.72022819519043,-11.805046081542969,-11.637731552124023,-11.76579761505127,-11.508105278015137,-11.571561813354492,0
8.788,-13.900594711303711,-13.884849548339844,-13.957029342651367,-14.07435131072998,-13.942625045776367,-14.107696533203125,-13.692334175109863,-13.80638599395752,0
8.792,-15.366949081420898,-15.40522575378418,-15.251391410827637,-15.474879264831543,-15.348818778991699,-15.528633117675781,-15.057706832885742,-15.236709594726562,0
8.796,-17.418359756469727,-17.474359512329102,-17.11517333984375,-17.500865936279297,-17.321823120117188,-17.489450454711914,-17.079067230224609,-17.304330825805664,0
8.8,-14.609042167663574,-14.682276725769043,-14.251256942749023,-14.72602367401123,-14.530067443847656,-14.677639961242676,-14.365156173706055,-14.5943603515625,0
8.804,-13.697036743164062,-13.856025695800781,-13.411108016967773,-13.863224983215332,-13.751768112182617,-13.869735717773438,-13.633145332336426,-13.83619499206543,0
8.808,-14.689877510070801,-14.906112670898438,-14.484809875488281,-14.869318962097168,-14.852763175964355,-14.901388168334961,-14.764493942260742,-14.91802978515625,0
8.812,-15.04121208190918,-15.222043037414551,-14.827717781066895,-15.174049377441406,-15.188026428222656,-15.120327949523926,-15.154485702514648,-15.213125228881836,0
8.816,-16.952260971069336,-17.063669204711914,-16.656036376953125,-17.011087417602539,-16.997507095336914,-16.822509765625,-17.012706756591797,-16.983795166015625,0
8.82,-14.875600814819336,-14.894955635070801,-14.551051139831543,-14.895609855651855,-14.827199935913086,-14.571764945983887,-14.835393905639648,-14.769620895385742,0
8.824,-14.8294677734375,-14.744970321655273,-14.566757202148438,-14.821823120117188,-14.737574577331543,-14.40398120880127,-14.702380180358887,-14.608769416809082,0
8.828,-16.295034408569336,-16.148370742797852,-16.107982635498047,-16.256561279296875,-16.189291000366211,-15.828112602233887,-16.14404296875,-15.994743347167969,0
8.832,-16.814142227172852,-16.673854827880859,-16.671764373779297,-16.802154541015625,-16.713592529296875,-16.422372817993164,-16.682018280029297,-16.501180648803711,0
8.836,-18.864477157592773,-18.790822982788086,-18.737054824829102,-18.938858032226562,-18.800796508789062,-18.603984832763672,-18.755355834960938,-18.628107070922852,0
8.84,-16.531991958618164,-16.561254501342773,-16.39019775390625,-16.699321746826172,-16.513748168945312,-16.384836196899414,-16.500778198242188,-16.429296493530273,0
8.844,-15.928375244140625,-16.060312271118164,-15.795191764831543,-16.192195892333984,-15.927655220031738,-15.902768135070801,-16.066493988037109,-15.945879936218262,0
8.848,-16.695083618164062,-16.886407852172852,-16.630136489868164,-17.055761337280273,-16.691692352294922,-16.784908294677734,-17.047250747680664,-16.788070678710938,0
8.852,-16.289846420288086,-16.491891860961914,-16.323522567749023,-16.703075408935547,-16.288217544555664,-16.424158096313477,-16.805688858032227,-16.429422378540039,0
8.856,-17.558340072631836,-17.742486953735352,-17.706552505493164,-17.980539321899414,-17.561477661132812,-17.685766220092773,-18.1402587890625,-17.709453582763672,0
8.86,-14.671635627746582,-14.824254989624023,-14.891462326049805,-15.06299877166748,-14.67857837677002,-14.807144165039062,-15.25611686706543,-14.780035018920898,0
8.864,-14.044179916381836,-14.147077560424805,-14.21381950378418,-14.353421211242676,-14.063982963562012,-14.184173583984375,-14.540331840515137,-14.066627502441406,0
8.868,-15.374308586120605,-15.397872924804688,-15.388737678527832,-15.567456245422363,-15.403950691223145,-15.445823669433594,-15.695648193359375,-15.307660102844238,0
8.872,-15.456807136535645,-15.427660942077637,-15.297636032104492,-15.542820930480957,-15.488761901855469,-15.424407958984375,-15.65703296661377,-15.340664863586426,0
8.876,-16.918478012084961,-16.938629150390625,-16.651180267333984,-16.972946166992188,-16.957448959350586,-16.82958984375,-17.091680526733398,-16.812891006469727,0
8.88,-14.002738952636719,-14.137237548828125,-13.732955932617188,-14.091938972473145,-14.031521797180176,-13.902885437011719,-14.132655143737793,-13.955625534057617,0
8.884,-13.70355224609375,-13.93708324432373,-13.558108329772949,-13.848264694213867,-13.712408065795898,-13.642637252807617,-13.769149780273438,-13.720088005065918,0
8.888,-15.823391914367676,-16.099863052368164,-15.882901191711426,-16.046184539794922,-15.818305969238281,-15.86676025390625,-15.864932060241699,-15.874096870422363,0
8.892,-16.325189590454102,-16.566381454467773,-16.537820816040039,-16.609903335571289,-16.305379867553711,-16.478204727172852,-16.359207153320312,-16.400304794311523,0
8.896,-17.612451553344727,-17.762334823608398,-17.858333587646484,-17.867813110351562,-17.587108612060547,-17.799636840820312,-17.663722991943359,-17.728204727172852,0
8.9,-13.965144157409668,-14.022738456726074,-14.176107406616211,-14.102729797363281,-13.932302474975586,-14.076713562011719,-14.084693908691406,-14.106097221374512,0
8.904,-13.075704574584961,-13.063611030578613,-13.228924751281738,-13.095751762390137,-13.019749641418457,-13.043111801147461,-13.25958251953125,-13.184870719909668,0
8.908,-15.564816474914551,-15.50133228302002,-15.628950119018555,-15.520222663879395,-15.473423957824707,-15.388758659362793,-15.739950180053711,-15.586850166320801,0
8.912,-16.918436050415039,-16.846471786499023,-16.8961181640625,-16.861989974975586,-16.822702407836914,-16.638727188110352,-17.017679214477539,-16.869232177734375,0
8.916,-18.728521347045898,-18.727249145507812,-18.689126968383789,-18.712881088256836,-18.707855224609375,-18.412872314453125,-18.7572021484375,-18.715265274047852,0
8.92,-15.12024974822998,-15.225468635559082,-15.112637519836426,-15.186123847961426,-15.213826179504395,-14.867711067199707,-15.129430770874023,-15.212934494018555,0
8.924,-14.333404541015625,-14.463437080383301,-14.30620288848877,-14.438606262207031,-14.457995414733887,-14.168055534362793,-14.3167724609375,-14.458526611328125,0
8.928,-16.326717376708984,-16.379837036132812,-16.207870483398438,-16.356979370117188,-16.371883392333984,-16.188730239868164,-16.237188339233398,-16.344997406005859,0
8.932,-15.75904369354248,-15.7498779296875,-15.55390453338623,-15.711413383483887,-15.741981506347656,-15.66222095489502,-15.654251098632812,-15.604535102844238,0
8.936,-15.764997482299805,-15.784482002258301,-15.510220527648926,-15.704574584960938,-15.741874694824219,-15.740957260131836,-15.732831001281738,-15.487360954284668,0
8.94,-11.850253105163574,-11.962664604187012,-11.618069648742676,-11.764005661010742,-11.838414192199707,-11.877032279968262,-11.892962455749512,-11.564923286437988,0
8.944,-11.944758415222168,-12.143178939819336,-11.82789421081543,-11.851064682006836,-11.984220504760742,-11.998764038085938,-12.032697677612305,-11.748777389526367,0
8.948,-14.902374267578125,-15.128644943237305,-14.893636703491211,-14.860842704772949,-15.025634765625,-14.939659118652344,-15.00831127166748,-14.824604988098145,0
8.952,-15.008583068847656,-15.234623908996582,-15.08790397644043,-15.025558471679688,-15.195818901062012,-15.011678695678711,-15.124743461608887,-15.019508361816406,0
8.956,-16.402004241943359,-16.635299682617188,-16.631271362304688,-16.456832885742188,-16.635061264038086,-16.426204681396484,-16.488210678100586,-16.463485717773438,0
8.96,-14.432050704956055,-14.664922714233398,-14.856837272644043,-14.50941276550293,-14.719085693359375,-14.532873153686523,-14.429278373718262,-14.56678581237793,0
8.964,-15.444005012512207,-15.679171562194824,-16.025735855102539,-15.537384033203125,-15.770237922668457,-15.637303352355957,-15.388934135437012,-15.703237533569336,0
8.968,-17.299707412719727,-17.555913925170898,-17.929840087890625,-17.413259506225586,-17.643325805664062,-17.560998916625977,-17.264003753662109,-17.672924041748047,0
8.972,-15.093503952026367,-15.388343811035156,-15.698270797729492,-15.22716236114502,-15.481107711791992,-15.374835014343262,-15.113714218139648,-15.535624504089355,0
8.976,-14.75709342956543,-15.138384819030762,-15.358723640441895,-14.900715827941895,-15.235105514526367,-15.066836357116699,-14.889730453491211,-15.234024047851562,0
8.98,-12.16850757598877,-12.633267402648926,-12.773527145385742,-12.311419486999512,-12.720054626464844,-12.537768363952637,-12.431401252746582,-12.627163887023926,0
8.984,-13.517967224121094,-13.942812919616699,-14.059059143066406,-13.636883735656738,-14.030346870422363,-13.892011642456055,-13.826815605163574,-13.876948356628418,0
8.988,-16.384166717529297,-16.695236206054688,-16.815225601196289,-16.469482421875,-16.743093490600586,-16.714426040649414,-16.642425537109375,-16.624965667724609,0
8.992,-15.112851142883301,-15.366165161132812,-15.440098762512207,-15.19090747833252,-15.329134941101074,-15.453252792358398,-15.285946846008301,-15.328305244445801,0
8.996,-15.074880599975586,-15.290003776550293,-15.286550521850586,-15.130775451660156,-15.178884506225586,-15.436902046203613,-15.151510238647461,-15.271856307983398,0
9,-11.702122688293457,-11.845418930053711,-11.79290771484375,-11.679409980773926,-11.676997184753418,-12.026026725769043,-11.690710067749023,-11.746757507324219,0
9.004,-11.789421081542969,-11.891261100769043,-11.807424545288086,-11.660008430480957,-11.693356513977051,-12.072380065917969,-11.736773490905762,-11.683181762695312,0
9.008,-13.950986862182617,-14.074315071105957,-13.990570068359375,-13.725957870483398,-13.904088973999023,-14.217184066772461,-13.915763854980469,-13.855015754699707,0
9.012,-12.664210319519043,-12.84129810333252,-12.839457511901855,-12.43263053894043,-12.762306213378906,-12.892187118530273,-12.705136299133301,-12.675674438476562,0
9.016,-13.159802436828613,-13.368331909179688,-13.502944946289062,-13.01988697052002,-13.42719841003418,-13.314579963684082,-13.282002449035645,-13.288676261901855,0
9.02,-10.193455696105957,-10.401881217956543,-10.630126953125,-10.133262634277344,-10.58757495880127,-10.298754692077637,-10.342506408691406,-10.438522338867188,0
9.024,-10.182095527648926,-10.37684154510498,-10.607836723327637,-10.169024467468262,-10.623492240905762,-10.287290573120117,-10.309628486633301,-10.50335693359375,0
9.028,-12.146578788757324,-12.292129516601562,-12.484622001647949,-12.174893379211426,-12.536471366882324,-12.26727294921875,-12.25700855255127,-12.456158638000488,0
9.032,-11.018753051757812,-11.126571655273438,-11.278332710266113,-11.050491333007812,-11.311201095581055,-11.177297592163086,-11.176811218261719,-11.286764144897461,0
9.036,-12.022107124328613,-12.1346435546875,-12.246871948242188,-12.008903503417969,-12.255531311035156,-12.213750839233398,-12.25048828125,-12.236035346984863,0
9.04,-9.1808605194091797,-9.2758302688598633,-9.3697023391723633,-9.0760011672973633,-9.3770647048950195,-9.2996902465820312,-9.3843669891357422,-9.244328498840332,0
9.044,-9.1551342010498047,-9.2047529220581055,-9.3105878829956055,-8.9252758026123047,-9.2673187255859375,-9.1144285202026367,-9.2601823806762695,-9.0210399627685547,0
9.048,-11.823127746582031,-11.851804733276367,-11.997688293457031,-11.491452217102051,-11.823432922363281,-11.688387870788574,-11.871647834777832,-11.576530456542969,0
9.052,-11.901679992675781,-11.959297180175781,-12.172772407531738,-11.563015937805176,-11.849271774291992,-11.833559989929199,-11.968544006347656,-11.716443061828613,0
9.056,-14.209851264953613,-14.294400215148926,-14.559852600097656,-13.942126274108887,-14.155242919921875,-14.263944625854492,-14.322360038757324,-14.178845405578613,0
9.06,-12.247726440429688,-12.292140007019043,-12.562502861022949,-12.048260688781738,-12.16267204284668,-12.316488265991211,-12.373809814453125,-12.267758369445801,0
9.064,-12.080121994018555,-12.098478317260742,-12.328885078430176,-11.949066162109375,-11.975469589233398,-12.10204029083252,-12.200164794921875,-12.101041793823242,0
9.068,-13.575251579284668,-13.657392501831055,-13.828028678894043,-13.536666870117188,-13.497724533081055,-13.581013679504395,-13.687047004699707,-13.675910949707031,0
9.072,-12.156959533691406,-12.281105041503906,-12.442530632019043,-12.181246757507324,-12.038665771484375,-12.136581420898438,-12.222068786621094,-12.299047470092773,0
9.076,-13.69123363494873,-13.754618644714355,-13.965710639953613,-13.737432479858398,-13.421809196472168,-13.626998901367188,-13.681364059448242,-13.751078605651855,0
9.08,-12.06501293182373,-12.038244247436523,-12.288885116577148,-12.121127128601074,-11.654943466186523,-11.960896492004395,-11.99751091003418,-12.037582397460938,0
9.084,-13.306175231933594,-13.206013679504395,-13.465469360351562,-13.32557487487793,-12.882881164550781,-13.136343002319336,-13.207084655761719,-13.253964424133301,0
9.088,-16.353979110717773,-16.202554702758789,-16.434612274169922,-16.291011810302734,-16.047784805297852,-16.112340927124023,-16.254373550415039,-16.290929794311523,0
9.092,-15.439115524291992,-15.302047729492188,-15.458684921264648,-15.282793998718262,-15.274818420410156,-15.171478271484375,-15.394332885742188,-15.386080741882324,0
9.096,-16.706396102905273,-16.669713973999023,-16.730087280273438,-16.477636337280273,-16.608972549438477,-16.478836059570312,-16.760580062866211,-16.721542358398438,0
9.1,-14.465192794799805,-14.562098503112793,-14.528561592102051,-14.237666130065918,-14.329153060913086,-14.343554496765137,-14.626882553100586,-14.578206062316895,0
9.104,-15.007041931152344,-15.195770263671875,-15.090039253234863,-14.869120597839355,-14.787823677062988,-15.027570724487305,-15.283984184265137,-15.204829216003418,0
9.108,-17.732309341430664,-17.929576873779297,-17.807928085327148,-17.713821411132812,-17.490194320678711,-17.867391586303711,-18.082546234130859,-17.951873779296875,0
9.112,-16.770029067993164,-16.871490478515625,-16.809545516967773,-16.8026123046875,-16.573827743530273,-16.903387069702148,-17.050136566162109,-16.932043075561523,0
9.116,-17.957742691040039,-17.87506103515625,-17.936294555664062,-17.951244354248047,-17.796524047851562,-17.977901458740234,-18.050918579101562,-18.030542373657227,0
9.12,-15.383588790893555,-15.111982345581055,-15.3280029296875,-15.320150375366211,-15.211359977722168,-15.296801567077637,-15.325361251831055,-15.374608993530273,0
9.124,-15.540997505187988,-15.185643196105957,-15.54442310333252,-15.442472457885742,-15.377347946166992,-15.415919303894043,-15.466011047363281,-15.505496025085449,0
9.128,-17.925533294677734,-17.593301773071289,-18.040460586547852,-17.80267333984375,-17.821142196655273,-17.818283081054688,-17.902309417724609,-17.895915985107422,0
9.132,-16.440469741821289,-16.130105972290039,-16.587610244750977,-16.281564712524414,-16.358774185180664,-16.368118286132812,-16.392690658569336,-16.366571426391602,0
9.136,-16.745630264282227,-16.449468612670898,-16.815073013305664,-16.521520614624023,-16.599117279052734,-16.672876358032227,-16.599910736083984,-16.633754730224609,0
9.14,-12.537632942199707,-12.30772876739502,-12.483433723449707,-12.262812614440918,-12.32410717010498,-12.430727958679199,-12.369503974914551,-12.47747802734375,0
9.144,-11.332722663879395,-11.172470092773438,-11.14710807800293,-11.034896850585938,-11.116430282592773,-11.200857162475586,-11.239730834960938,-11.340414047241211,0
9.148,-14.144887924194336,-14.01917839050293,-13.893549919128418,-13.841192245483398,-13.953356742858887,-14.006437301635742,-14.131411552429199,-14.150739669799805,0
9.152,-14.41447925567627,-14.305834770202637,-14.199394226074219,-14.160711288452148,-14.24738597869873,-14.282429695129395,-14.462577819824219,-14.385928153991699,0
9.156,-16.492904663085938,-16.420003890991211,-16.340343475341797,-16.339962005615234,-16.364894866943359,-16.420232772827148,-16.576045989990234,-16.4857177734375,0
9.16,-13.118598937988281,-13.15619945526123,-13.027328491210938,-13.114700317382812,-13.062603950500488,-13.14777660369873,-13.210515975952148,-13.218388557434082,0
9.164,-12.049507141113281,-12.196742057800293,-11.994110107421875,-12.200802803039551,-12.055424690246582,-12.113078117370605,-12.150912284851074,-12.27820873260498,0
9.168,-15.100445747375488,-15.247732162475586,-15.016159057617188,-15.306882858276367,-15.105341911315918,-15.099960327148438,-15.197454452514648,-15.391047477722168,0
9.172,-15.627195358276367,-15.650134086608887,-15.486834526062012,-15.754423141479492,-15.581599235534668,-15.53357982635498,-15.679861068725586,-15.863876342773438,0
9.176,-17.909967422485352,-17.718914031982422,-17.740545272827148,-17.881494522094727,-17.785442352294922,-17.729497909545898,-17.88385009765625,-18.005804061889648,0
9.18,-14.488935470581055,-14.129031181335449,-14.349571228027344,-14.328190803527832,-14.321746826171875,-14.265820503234863,-14.421841621398926,-14.436808586120605,0
9.184,-12.828494071960449,-12.437231063842773,-12.730644226074219,-12.594998359680176,-12.683499336242676,-12.642181396484375,-12.790655136108398,-12.663540840148926,0
9.188,-15.068097114562988,-14.721342086791992,-14.93165397644043,-14.794469833374023,-14.895177841186523,-14.908157348632812,-15.03846263885498,-14.818044662475586,0
9.192,-15.136299133300781,-14.860633850097656,-14.919375419616699,-14.87745475769043,-14.854678153991699,-14.921340942382812,-15.077871322631836,-14.816441535949707,0
9.196,-17.906530380249023,-17.711360931396484,-17.640417098999023,-17.710474014282227,-17.515722274780273,-17.600683212280273,-17.835290908813477,-17.521480560302734,0
9.2,-15.819114685058594,-15.669172286987305,-15.52166748046875,-15.649116516113281,-15.342854499816895,-15.416084289550781,-15.73573112487793,-15.373257637023926,0
9.204,-15.588964462280273,-15.46857738494873,-15.275464057922363,-15.425649642944336,-15.055814743041992,-15.133016586303711,-15.476789474487305,-15.137698173522949,0
9.208,-18.080606460571289,-18.021694183349609,-17.762445449829102,-17.970361709594727,-17.525543212890625,-17.655498504638672,-17.918071746826172,-17.7132568359375,0
9.212,-16.881969451904297,-16.886865615844727,-16.571569442749023,-16.834136962890625,-16.365585327148438,-16.5146484375,-16.672723770141602,-16.6256103515625,0
9.216,-18.516408920288086,-18.540737152099609,-18.240438461303711,-18.510204315185547,-18.117334365844727,-18.203090667724609,-18.303888320922852,-18.326406478881836,0
9.22,-16.307952880859375,-16.286773681640625,-16.091485977172852,-16.335027694702148,-16.026565551757812,-16.03472900390625,-16.098297119140625,-16.118072509765625,0
9.224,-16.584056854248047,-16.461818695068359,-16.462234497070312,-16.64569091796875,-16.358348846435547,-16.306768417358398,-16.329925537109375,-16.359518051147461,0
9.228,-19.805826187133789,-19.59368896484375,-19.768579483032227,-19.900182723999023,-19.629283905029297,-19.504364013671875,-19.485101699829102,-19.574504852294922,0
9.232,-19.045633316040039,-18.799907684326172,-19.012838363647461,-19.125772476196289,-18.948684692382812,-18.762218475341797,-18.704427719116211,-18.844142913818359,0
9.236,-20.535564422607422,-20.289804458618164,-20.450628280639648,-20.524820327758789,-20.539657592773438,-20.313461303710938,-20.255294799804688,-20.329727172851562,0
9.24,-17.631755828857422,-17.418670654296875,-17.535182952880859,-17.513595581054688,-17.765121459960938,-17.482950210571289,-17.4801025390625,-17.396511077880859,0
9.244,-16.959178924560547,-16.865118026733398,-16.930322647094727,-16.823223114013672,-17.204280853271484,-16.926406860351562,-16.957998275756836,-16.791650772094727,0
9.248,-18.976894378662109,-19.031213760375977,-19.00164794921875,-18.902313232421875,-19.215362548828125,-19.039749145507812,-19.095046997070312,-18.932693481445312,0
9.252,-16.757946014404297,-16.854991912841797,-16.763208389282227,-16.733602523803711,-16.876678466796875,-16.786111831665039,-16.9486083984375,-16.740381240844727,0
9.256,-17.301004409790039,-17.316507339477539,-17.245981216430664,-17.288980484008789,-17.298614501953125,-17.213878631591797,-17.489034652709961,-17.194372177124023,0
9.26,-14.00482177734375,-13.893026351928711,-13.886619567871094,-13.997294425964355,-13.943791389465332,-13.822751998901367,-14.10035228729248,-13.782569885253906,0
9.264,-13.350744247436523,-13.149436950683594,-13.179906845092773,-13.348515510559082,-13.25146484375,-13.104060173034668,-13.296778678894043,-13.02495288848877,0
9.268,-16.354227066040039,-16.094141006469727,-16.137353897094727,-16.3021240234375,-16.196014404296875,-16.044338226318359,-16.107110977172852,-15.89275074005127,0
9.272,-15.5919189453125,-15.305404663085938,-15.384943962097168,-15.491216659545898,-15.414631843566895,-15.271374702453613,-15.187878608703613,-15.04375171661377,0
9.276,-17.03521728515625,-16.817068099975586,-16.907659530639648,-17.018148422241211,-16.901269912719727,-16.80792236328125,-16.624731063842773,-16.564708709716797,0
9.28,-14.080807685852051,-13.971273422241211,-14.014391899108887,-14.238368034362793,-14.017636299133301,-13.999870300292969,-13.777915954589844,-13.77580738067627,0
9.284,-13.680254936218262,-13.613467216491699,-13.612030029296875,-13.960009574890137,-13.693885803222656,-13.705958366394043,-13.48126220703125,-13.488525390625,0
9.288,-16.762771606445312,-16.680017471313477,-16.646968841552734,-17.026174545288086,-16.766281127929688,-16.7957763671875,-16.631633758544922,-16.586605072021484,0
9.292,-15.961522102355957,-15.84032154083252,-15.77900505065918,-16.084426879882812,-15.847569465637207,-15.949023246765137,-15.887367248535156,-15.774554252624512,0
9.296,-17.587697982788086,-17.435272216796875,-17.372219085693359,-17.553050994873047,-17.402578353881836,-17.583065032958984,-17.574640274047852,-17.417795181274414,0
9.3,-14.173446655273438,-14.029457092285156,-13.948031425476074,-14.054247856140137,-14.028674125671387,-14.255020141601562,-14.200950622558594,-14.017666816711426,0
9.304,-12.430071830749512,-12.316868782043457,-12.178367614746094,-12.294888496398926,-12.38245677947998,-12.65968132019043,-12.462841987609863,-12.293272018432617,0
9.308,-14.822611808776855,-14.7542724609375,-14.541750907897949,-14.68507194519043,-14.86967945098877,-15.207023620605469,-14.856201171875,-14.703732490539551,0
9.312,-14.566983222961426,-14.554176330566406,-14.273773193359375,-14.423083305358887,-14.654142379760742,-15.037434577941895,-14.589306831359863,-14.452038764953613,0
9.316,-17.383495330810547,-17.433034896850586,-17.141674041748047,-17.257501602172852,-17.452325820922852,-17.837865829467773,-17.382350921630859,-17.320550918579102,0
9.32,-15.370994567871094,-15.489248275756836,-15.211828231811523,-15.278254508972168,-15.353973388671875,-15.658002853393555,-15.361636161804199,-15.405163764953613,0
9.324,-14.947263717651367,-15.08479118347168,-14.80879020690918,-14.90032958984375,-14.828025817871094,-14.999798774719238,-14.967245101928711,-15.052899360656738,0
9.328,-17.985485076904297,-18.071813583374023,-17.841650009155273,-17.97650146484375,-17.855724334716797,-17.893413543701172,-18.071132659912109,-18.082128524780273,0
9.332,-17.534383773803711,-17.574483871459961,-17.420801162719727,-17.516078948974609,-17.473098754882812,-17.387365341186523,-17.668621063232422,-17.55682373046875,0
9.336,-20.129192352294922,-20.177562713623047,-20.0732421875,-20.096078872680664,-20.113656997680664,-19.969888687133789,-20.270584106445312,-20.078115463256836,0
9.34,-17.930501937866211,-17.995718002319336,-17.929849624633789,-17.892101287841797,-17.854171752929688,-17.767024993896484,-18.0252685546875,-17.798986434936523,0
9.344,-16.666421890258789,-16.723918914794922,-16.694778442382812,-16.624364852905273,-16.475244522094727,-16.531429290771484,-16.681421279907227,-16.493780136108398,0
9.348,-18.177423477172852,-18.233932495117188,-18.219900131225586,-18.167892456054688,-17.953872680664062,-18.153066635131836,-18.171916961669922,-18.093074798583984,0
9.352,-16.308069229125977,-16.405679702758789,-16.362035751342773,-16.380111694335938,-16.197668075561523,-16.429574966430664,-16.356851577758789,-16.412176132202148,0
9.356,-18.519588470458984,-18.674148559570312,-18.545507431030273,-18.658721923828125,-18.624248504638672,-18.723409652709961,-18.617223739624023,-18.801153182983398,0
9.36,-16.770883560180664,-16.903224945068359,-16.703012466430664,-16.855361938476562,-17.031320571899414,-16.909479141235352,-16.852519989013672,-17.091552734375,0
9.364,-16.275854110717773,-16.328853607177734,-16.113199234008789,-16.226345062255859,-16.519693374633789,-16.241445541381836,-16.284637451171875,-16.521600723266602,0
9.368,-18.364059448242188,-18.382247924804688,-18.200811386108398,-18.254638671875,-18.479244232177734,-18.179336547851562,-18.284236907958984,-18.540084838867188,0
9.372,-15.990160942077637,-16.006475448608398,-15.932319641113281,-15.920921325683594,-15.985639572143555,-15.778076171875,-15.857043266296387,-16.106716156005859,0
9.376,-17.160125732421875,-17.141412734985352,-17.176233291625977,-17.107854843139648,-17.060079574584961,-17.013301849365234,-17.027801513671875,-17.131267547607422,0
9.38,-14.933553695678711,-14.812687873840332,-14.877881050109863,-14.783205986022949,-14.740865707397461,-14.806747436523438,-14.786824226379395,-14.66876220703125,0
9.384,-14.506985664367676,-14.285372734069824,-14.353083610534668,-14.246005058288574,-14.324582099914551,-14.350605964660645,-14.334309577941895,-14.107101440429688,0
9.388,-17.063140869140625,-16.807168960571289,-16.876794815063477,-16.800729751586914,-16.999792098999023,-16.891733169555664,-16.927654266357422,-16.689193725585938,0
9.392,-15.379879951477051,-15.117027282714844,-15.142255783081055,-15.173848152160645,-15.377676010131836,-15.180854797363281,-15.281944274902344,-15.05341625213623,0
9.396,-16.869659423828125,-16.618389129638672,-16.590597152709961,-16.704387664794922,-16.800374984741211,-16.635446548461914,-16.741327285766602,-16.60772705078125,0
9.4,-14.286199569702148,-14.067237854003906,-14.08381462097168,-14.147221565246582,-14.096710205078125,-14.068029403686523,-14.114848136901855,-14.154423713684082,0
9.404,-13.780256271362305,-13.579818725585938,-13.710492134094238,-13.624796867370605,-13.507616996765137,-13.628787040710449,-13.599568367004395,-13.745079040527344,0
9.408,-17.059688568115234,-16.900726318359375,-17.110519409179688,-16.836696624755859,-16.788906097412109,-16.976821899414062,-16.911830902099609,-17.034658432006836,0
9.412,-15.831527709960938,-15.756881713867188,-16.007776260375977,-15.574763298034668,-15.634305000305176,-15.82111644744873,-15.738777160644531,-15.81787109375,0
9.416,-17.163564682006836,-17.127376556396484,-17.383535385131836,-16.924388885498047,-17.018661499023438,-17.216131210327148,-17.103094100952148,-17.162759780883789,0
9.42,-14.2808837890625,-14.234983444213867,-14.437728881835938,-14.078539848327637,-14.137324333190918,-14.36168384552002,-14.220881462097168,-14.254704475402832,0
9.424,-13.593032836914062,-13.545895576477051,-13.731216430664062,-13.443077087402344,-13.485918998718262,-13.671139717102051,-13.518778800964355,-13.546671867370605,0
9.428,-16.845607757568359,-16.841760635375977,-17.080028533935547,-16.767116546630859,-16.836196899414062,-16.885147094726562,-16.811031341552734,-16.827373504638672,0
9.432,-15.604820251464844,-15.715864181518555,-15.935394287109375,-15.617953300476074,-15.682775497436523,-15.595497131347656,-15.670988082885742,-15.667094230651855,0
9.436,-16.978052139282227,-17.212081909179688,-17.337137222290039,-17.059911727905273,-17.091135025024414,-16.963018417358398,-17.111888885498047,-17.148733139038086,0
9.44,-14.10407829284668,-14.428837776184082,-14.47981071472168,-14.194804191589355,-14.22364616394043,-14.130193710327148,-14.239814758300781,-14.349220275878906,0
9.444,-13.34107780456543,-13.732638359069824,-13.674972534179688,-13.375,-13.443371772766113,-13.395246505737305,-13.403019905090332,-13.544586181640625,0
9.448,-16.375238418579102,-16.748794555664062,-16.51422119140625,-16.293834686279297,-16.416269302368164,-16.406642913818359,-16.312032699584961,-16.413570404052734,0
9.452,-14.555630683898926,-14.747856140136719,-14.402626037597656,-14.330462455749512,-14.497360229492188,-14.504946708679199,-14.396467208862305,-14.36479663848877,0
9.456,-15.506245613098145,-15.415397644042969,-15.12696647644043,-15.173970222473145,-15.348057746887207,-15.362648010253906,-15.315974235534668,-15.130012512207031,0
9.46,-12.998296737670898,-12.716809272766113,-12.581965446472168,-12.682518005371094,-12.813389778137207,-12.850260734558105,-12.865570068359375,-12.604179382324219,0
9.464,-13.201931953430176,-12.914825439453125,-12.924893379211426,-13.045537948608398,-13.109922409057617,-13.149543762207031,-13.220718383789062,-12.961682319641113,0
9.468,-17.135538101196289,-16.946920394897461,-17.063461303710938,-17.209966659545898,-17.196645736694336,-17.212646484375,-17.347015380859375,-17.133142471313477,0
9.472,-15.612025260925293,-15.502202987670898,-15.6885986328125,-15.888302803039551,-15.775065422058105,-15.757967948913574,-15.937406539916992,-15.825857162475586,0
9.476,-16.489223480224609,-16.365081787109375,-16.587713241577148,-16.86614990234375,-16.664026260375977,-16.604757308959961,-16.752874374389648,-16.808252334594727,0
9.48,-13.739916801452637,-13.494410514831543,-13.749936103820801,-14.068801879882812,-13.83800220489502,-13.787631034851074,-13.800578117370605,-14.044637680053711,0
9.484,-13.527621269226074,-13.158126831054688,-13.433932304382324,-13.693455696105957,-13.469157218933105,-13.520658493041992,-13.323720932006836,-13.774813652038574,0
9.488,-17.187725067138672,-16.832406997680664,-17.056453704833984,-17.214193344116211,-16.967391967773438,-17.171773910522461,-16.762294769287109,-17.438821792602539,0
9.492,-15.728246688842773,-15.456733703613281,-15.579879760742188,-15.665461540222168,-15.408805847167969,-15.739422798156738,-15.197120666503906,-16.023172378540039,0
9.496,-16.961269378662109,-16.731374740600586,-16.755035400390625,-16.819147109985352,-16.633462905883789,-16.982782363891602,-16.415557861328125,-17.224924087524414,0
9.5,-14.391202926635742,-14.242317199707031,-14.164739608764648,-14.240606307983398,-14.194931030273438,-14.42811107635498,-13.909342765808105,-14.582036972045898,0
9.504,-14.233543395996094,-14.235557556152344,-14.056521415710449,-14.133703231811523,-14.250370979309082,-14.310203552246094,-13.883405685424805,-14.403587341308594,0
9.508,-18.220104217529297,-18.331609725952148,-18.083023071289062,-18.167593002319336,-18.358510971069336,-18.314809799194336,-18.041738510131836,-18.423669815063477,0
9.512,-16.863714218139648,-17.018270492553711,-16.774850845336914,-16.898712158203125,-16.999917984008789,-16.958227157592773,-16.860437393188477,-17.147228240966797,0
9.516,-17.939723968505859,-18.118871688842773,-17.943080902099609,-18.114559173583984,-18.018341064453125,-18.046319961547852,-18.052343368530273,-18.31951904296875,0
9.52,-15.253196716308594,-15.437304496765137,-15.339324951171875,-15.519872665405273,-15.233108520507812,-15.364977836608887,-15.399358749389648,-15.657415390014648,0
9.524,-14.725085258483887,-14.872830390930176,-14.814682006835938,-14.94640064239502,-14.567950248718262,-14.779078483581543,-14.812222480773926,-15.050079345703125,0
9.528,-18.142099380493164,-18.183481216430664,-18.151107788085938,-18.198995590209961,-17.851053237915039,-18.052806854248047,-18.05902099609375,-18.327001571655273,0
9.532,-16.407552719116211,-16.312053680419922,-16.345327377319336,-16.337911605834961,-16.085851669311523,-16.196041107177734,-16.109838485717773,-16.453014373779297,0
9.536,-17.216650009155273,-17.097808837890625,-17.174312591552734,-17.187328338623047,-17.033920288085938,-17.022073745727539,-16.801351547241211,-17.198919296264648,0
9.54,-13.814720153808594,-13.800740242004395,-13.84382438659668,-13.911282539367676,-13.84099292755127,-13.732046127319336,-13.411938667297363,-13.812238693237305,0
9.544,-12.434094429016113,-12.522314071655273,-12.553677558898926,-12.662928581237793,-12.632698059082031,-12.502843856811523,-12.112930297851562,-12.479001045227051,0
9.548,-15.86750316619873,-15.96764087677002,-16.115686416625977,-16.192901611328125,-16.167856216430664,-16.098541259765625,-15.644582748413086,-15.936582565307617,0
9.552,-14.790374755859375,-14.828219413757324,-15.106547355651855,-15.03779125213623,-15.067471504211426,-15.095721244812012,-14.623090744018555,-14.816045761108398,0
9.556,-16.112710952758789,-16.110021591186523,-16.366735458374023,-16.142816543579102,-16.293270111083984,-16.380636215209961,-15.98126220703125,-16.101434707641602,0
9.56,-13.132502555847168,-13.181259155273438,-13.311994552612305,-13.056425094604492,-13.282063484191895,-13.34752368927002,-13.064544677734375,-13.197759628295898,0
9.564,-12.385337829589844,-12.53246021270752,-12.53376579284668,-12.399706840515137,-12.585716247558594,-12.604649543762207,-12.388257026672363,-12.613484382629395,0
9.568,-16.320674896240234,-16.480514526367188,-16.4149169921875,-16.470769882202148,-16.556222915649414,-16.571893692016602,-16.353374481201172,-16.660369873046875,0
9.572,-15.289640426635742,-15.362751960754395,-15.325942993164062,-15.514103889465332,-15.500224113464355,-15.534564018249512,-15.258733749389648,-15.657392501831055,0
9.576,-16.610952377319336,-16.634078979492188,-16.658071517944336,-16.869272232055664,-16.772588729858398,-16.813034057617188,-16.476724624633789,-16.985223770141602,0
9.58,-13.377667427062988,-13.400448799133301,-13.465726852416992,-13.636256217956543,-13.503453254699707,-13.526997566223145,-13.229009628295898,-13.707257270812988,0
9.584,-11.885655403137207,-11.894905090332031,-11.978825569152832,-12.113752365112305,-12.028228759765625,-12.001211166381836,-11.856074333190918,-12.113639831542969,0
9.588,-15.18829345703125,-15.214597702026367,-15.283854484558105,-15.410923957824707,-15.450207710266113,-15.338732719421387,-15.326652526855469,-15.346364974975586,0
9.592,-13.897161483764648,-13.953155517578125,-13.986305236816406,-14.131391525268555,-14.301144599914551,-14.086355209350586,-14.121015548706055,-14.04058837890625,0
9.596,-15.946131706237793,-16.008560180664062,-15.977293014526367,-16.14300537109375,-16.393835067749023,-16.0670166015625,-16.202880859375,-16.097543716430664,0
9.6,-14.664207458496094,-14.759518623352051,-14.603431701660156,-14.791378974914551,-15.059596061706543,-14.631930351257324,-14.994239807128906,-14.856478691101074,0
9.604,-15.06108570098877,-15.179214477539062,-14.90144157409668,-15.130108833312988,-15.335197448730469,-14.912493705749512,-15.464469909667969,-15.327540397644043,0
9.608,-19.183212280273438,-19.25054931640625,-18.955373764038086,-19.2081298828125,-19.318262100219727,-19.044231414794922,-19.604476928710938,-19.485107421875,0
9.612,-17.768585205078125,-17.784906387329102,-17.510824203491211,-17.762853622436523,-17.813995361328125,-17.701824188232422,-18.143777847290039,-18.030014038085938,0
9.616,-19.465265274047852,-19.497203826904297,-19.205001831054688,-19.448818206787109,-19.459787368774414,-19.430334091186523,-19.758062362670898,-19.663686752319336,0
9.62,-17.887811660766602,-17.918798446655273,-17.688274383544922,-17.917877197265625,-17.832714080810547,-17.828338623046875,-18.094295501708984,-18.031795501708984,0
9.624,-17.716913223266602,-17.688985824584961,-17.671077728271484,-17.858959197998047,-17.643590927124023,-17.618982315063477,-17.859817504882812,-17.830129623413086,0
9.628,-20.969461441040039,-20.890985488891602,-21.097574234008789,-21.1790771484375,-20.914974212646484,-20.867717742919922,-21.096487045288086,-21.07769775390625,0
9.632,-18.414266586303711,-18.302135467529297,-18.632452011108398,-18.578805923461914,-18.3463134765625,-18.343231201171875,-18.534133911132812,-18.492366790771484,0
9.636,-18.657022476196289,-18.491912841796875,-18.885101318359375,-18.737344741821289,-18.561059951782227,-18.63629150390625,-18.755880355834961,-18.669219970703125,0
9.64,-15.745246887207031,-15.493624687194824,-15.928318977355957,-15.747981071472168,-15.66169261932373,-15.787251472473145,-15.819865226745605,-15.669301986694336,0
9.644,-15.131566047668457,-14.790281295776367,-15.209897041320801,-15.060673713684082,-15.043983459472656,-15.219625473022461,-15.171073913574219,-14.962079048156738,0
9.648,-18.931386947631836,-18.573617935180664,-18.882839202880859,-18.836008071899414,-18.780162811279297,-18.976327896118164,-18.915002822875977,-18.706583023071289,0
9.652,-17.016302108764648,-16.747478485107422,-16.891790390014648,-17.001638412475586,-16.79864501953125,-16.915569305419922,-16.923807144165039,-16.796316146850586,0
9.656,-17.624202728271484,-17.499898910522461,-17.495952606201172,-17.757293701171875,-17.39996337890625,-17.403701782226562,-17.484298706054688,-17.469799041748047,0
9.66,-14.995170593261719,-14.982498168945312,-14.885612487792969,-15.26518726348877,-14.821497917175293,-14.805394172668457,-14.882197380065918,-14.939457893371582,0
9.664,-14.510261535644531,-14.525091171264648,-14.409299850463867,-14.876263618469238,-14.389122009277344,-14.497401237487793,-14.472346305847168,-14.55211353302002,0
9.668,-18.264917373657227,-18.274215698242188,-18.192287445068359,-18.678506851196289,-18.191448211669922,-18.470516204833984,-18.311580657958984,-18.343917846679688,0
9.672,-16.149337768554688,-16.230051040649414,-16.19964599609375,-16.606481552124023,-16.17822265625,-16.577678680419922,-16.327693939208984,-16.240001678466797,0
9.676,-16.538599014282227,-16.822998046875,-16.815231323242188,-17.079559326171875,-16.718395233154297,-17.215856552124023,-16.916372299194336,-16.749135971069336,0
9.68,-13.437649726867676,-13.925694465637207,-13.906489372253418,-14.021514892578125,-13.714436531066895,-14.272150993347168,-13.958244323730469,-13.789462089538574,0
9.684,-12.299319267272949,-12.81477165222168,-12.806065559387207,-12.786931991577148,-12.560209274291992,-13.060111999511719,-12.799736022949219,-12.650802612304688,0
9.688,-16.316228866577148,-16.739498138427734,-16.737335205078125,-16.628946304321289,-16.507745742797852,-16.845193862915039,-16.729238510131836,-16.578664779663086,0
9.692,-15.609138488769531,-15.930168151855469,-15.914291381835938,-15.793432235717773,-15.773219108581543,-15.92359733581543,-15.962620735168457,-15.809145927429199,0
9.696,-17.503610610961914,-17.699533462524414,-17.736013412475586,-17.625955581665039,-17.73748779296875,-17.684148788452148,-17.780792236328125,-17.688106536865234,0
9.7,-14.944540023803711,-15.040339469909668,-15.171751022338867,-15.035820007324219,-15.345701217651367,-15.062443733215332,-15.14189624786377,-15.135989189147949,0
9.704,-13.412002563476562,-13.490516662597656,-13.622958183288574,-13.500175476074219,-13.979304313659668,-13.494114875793457,-13.577679634094238,-13.616788864135742,0
9.708,-16.665054321289062,-16.722515106201172,-16.786046981811523,-16.747961044311523,-17.257146835327148,-16.673000335693359,-16.840764999389648,-16.847768783569336,0
9.712,-14.924468994140625,-14.930119514465332,-14.980154037475586,-14.966000556945801,-15.419842720031738,-14.877174377441406,-15.185803413391113,-15.061574935913086,0
9.716,-16.414199829101562,-16.405416488647461,-16.523645401000977,-16.428752899169922,-16.800369262695312,-16.415887832641602,-16.794139862060547,-16.575771331787109,0
9.72,-14.777341842651367,-14.765403747558594,-14.973821640014648,-14.799473762512207,-15.051671028137207,-14.881385803222656,-15.14293384552002,-15.009173393249512,0
9.724,-14.349413871765137,-14.348727226257324,-14.575254440307617,-14.388117790222168,-14.530627250671387,-14.495718002319336,-14.568034172058105,-14.634455680847168,0
9.728,-17.998712539672852,-18.088338851928711,-18.279378890991211,-18.079889297485352,-18.165950775146484,-18.141653060913086,-18.095306396484375,-18.365230560302734,0
9.732,-16.293432235717773,-16.515621185302734,-16.681835174560547,-16.424417495727539,-16.533899307250977,-16.518646240234375,-16.362283706665039,-16.756267547607422,0
9.736,-17.842004776000977,-18.129165649414062,-18.249004364013672,-17.985525131225586,-18.187236785888672,-18.194305419921875,-17.945505142211914,-18.309860229492188,0
9.74,-16.164962768554688,-16.394586563110352,-16.451522827148438,-16.273937225341797,-16.540674209594727,-16.5240478515625,-16.325613021850586,-16.480846405029297,0
9.744,-15.484631538391113,-15.623614311218262,-15.601658821105957,-15.549215316772461,-15.813998222351074,-15.739672660827637,-15.684988021850586,-15.576179504394531,0
9.748,-19.01007080078125,-19.104181289672852,-18.973125457763672,-19.069528579711914,-19.278945922851562,-19.133428573608398,-19.199947357177734,-18.932516098022461,0
9.752,-17.354406356811523,-17.431035995483398,-17.23248291015625,-17.429677963256836,-17.553030014038086,-17.347789764404297,-17.519231796264648,-17.165695190429688,0
9.756,-18.919784545898438,-19.010128021240234,-18.824581146240234,-19.002416610717773,-19.066797256469727,-18.857065200805664,-19.100631713867188,-18.665477752685547,0
9.76,-17.04913330078125,-17.176860809326172,-17.045618057250977,-17.126373291015625,-17.173736572265625,-17.036828994750977,-17.262920379638672,-16.787435531616211,0
9.764,-15.680851936340332,-15.856410026550293,-15.783447265625,-15.771652221679688,-15.79069995880127,-15.743513107299805,-15.890627861022949,-15.449430465698242,0
9.768,-18.048274993896484,-18.299907684326172,-18.243480682373047,-18.214624404907227,-18.15240478515625,-18.147989273071289,-18.219860076904297,-17.872564315795898,0
9.772,-15.073809623718262,-15.39128589630127,-15.275578498840332,-15.296257019042969,-15.158923149108887,-15.145787239074707,-15.177790641784668,-14.952593803405762,0
9.776,-15.812581062316895,-16.100173950195312,-15.88629150390625,-15.984837532043457,-15.841352462768555,-15.739202499389648,-15.795788764953613,-15.669057846069336,0
9.78,-14.04808521270752,-14.219907760620117,-13.948204040527344,-14.109748840332031,-13.99603271484375,-13.778020858764648,-13.891036987304688,-13.790692329406738,0
9.784,-13.83149242401123,-13.887212753295898,-13.659383773803711,-13.768196105957031,-13.720619201660156,-13.473295211791992,-13.580416679382324,-13.463635444641113,0
9.788,-18.259719848632812,-18.25543212890625,-18.156728744506836,-18.10400390625,-18.186395645141602,-17.978063583374023,-18.003290176391602,-17.877523422241211,0
9.792,-16.894937515258789,-16.888256072998047,-16.937994003295898,-16.758682250976562,-16.950695037841797,-16.802179336547852,-16.739480972290039,-16.610061645507812,0
9.796,-17.745983123779297,-17.743316650390625,-17.905960083007812,-17.72576904296875,-17.929479598999023,-17.824331283569336,-17.737752914428711,-17.616937637329102,0
9.8,-15.022028923034668,-15.008537292480469,-15.224325180053711,-15.115435600280762,-15.290802001953125,-15.190040588378906,-15.145586967468262,-15.049285888671875,0
9.804,-13.376325607299805,-13.354649543762207,-13.594657897949219,-13.519680976867676,-13.698803901672363,-13.587939262390137,-13.609890937805176,-13.526585578918457,0
9.808,-16.465051651000977,-16.447124481201172,-16.682861328125,-16.594747543334961,-16.788188934326172,-16.67266845703125,-16.759170532226562,-16.658443450927734,0
9.812,-14.478666305541992,-14.430888175964355,-14.625089645385742,-14.546974182128906,-14.679389953613281,-14.620974540710449,-14.739474296569824,-14.581934928894043,0
9.816,-15.618222236633301,-15.470616340637207,-15.666845321655273,-15.605339050292969,-15.592870712280273,-15.687397956848145,-15.789126396179199,-15.562090873718262,0
9.82,-13.415237426757812,-13.195188522338867,-13.45539665222168,-13.371061325073242,-13.231701850891113,-13.534406661987305,-13.557164192199707,-13.305198669433594,0
9.824,-12.045657157897949,-11.857439994812012,-12.152847290039062,-12.053298950195312,-11.858671188354492,-12.354970932006836,-12.236956596374512,-12.042076110839844,0
9.828,-15.372784614562988,-15.255714416503906,-15.526408195495605,-15.455757141113281,-15.273649215698242,-15.834820747375488,-15.627711296081543,-15.517967224121094,0
9.832,-13.354601860046387,-13.279815673828125,-13.493313789367676,-13.451977729797363,-13.377110481262207,-13.837666511535645,-13.662269592285156,-13.571141242980957,0
9.836,-14.326769828796387,-14.274874687194824,-14.362388610839844,-14.335716247558594,-14.413067817687988,-14.738072395324707,-14.620084762573242,-14.511050224304199,0
9.84,-12.502963066101074,-12.48072338104248,-12.348645210266113,-12.363561630249023,-12.52668571472168,-12.776189804077148,-12.679481506347656,-12.620656967163086,0
9.844,-11.882619857788086,-11.884588241577148,-11.565635681152344,-11.633171081542969,-11.813641548156738,-11.984805107116699,-11.923294067382812,-11.972806930541992,0
9.848,-15.906857490539551,-15.913798332214355,-15.545323371887207,-15.604975700378418,-15.800947189331055,-15.840660095214844,-15.875921249389648,-15.970759391784668,0
9.852,-14.395365715026855,-14.403317451477051,-14.077738761901855,-14.055804252624512,-14.275184631347656,-14.178823471069336,-14.373730659484863,-14.420016288757324,0
9.856,-15.53119945526123,-15.530499458312988,-15.322041511535645,-15.203147888183594,-15.429417610168457,-15.195910453796387,-15.585070610046387,-15.578808784484863,0
9.86,-13.370512008666992,-13.340240478515625,-13.317347526550293,-13.134678840637207,-13.332502365112305,-12.978886604309082,-13.529850959777832,-13.493083000183105,0
9.864,-11.970077514648438,-11.943196296691895,-12.059270858764648,-11.851840019226074,-12.006874084472656,-11.626421928405762,-12.226031303405762,-12.201009750366211,0
9.868,-15.35731029510498,-15.414627075195312,-15.539067268371582,-15.312520980834961,-15.472477912902832,-15.136433601379395,-15.666079521179199,-15.738248825073242,0
9.872,-13.573995590209961,-13.75825309753418,-13.827003479003906,-13.517863273620605,-13.740882873535156,-13.470184326171875,-13.874137878417969,-14.056033134460449,0
9.876,-14.797630310058594,-15.105135917663574,-15.11835765838623,-14.651647567749023,-14.987974166870117,-14.803158760070801,-15.031431198120117,-15.286473274230957,0
9.88,-13.174138069152832,-13.575772285461426,-13.508091926574707,-12.91785717010498,-13.381856918334961,-13.28486156463623,-13.32276439666748,-13.648231506347656,0
9.884,-12.240018844604492,-12.627825736999512,-12.49583911895752,-11.909500122070312,-12.39258861541748,-12.34930419921875,-12.324664115905762,-12.681144714355469,0
9.888,-15.539932250976562,-15.749654769897461,-15.644485473632812,-15.18437671661377,-15.532633781433105,-15.512171745300293,-15.550895690917969,-15.858729362487793,0
9.892,-13.118603706359863,-13.11036205291748,-13.09846305847168,-12.795309066772461,-12.961077690124512,-12.946866989135742,-13.050374984741211,-13.304983139038086,0
9.896,-13.691452026367188,-13.586726188659668,-13.690610885620117,-13.471539497375488,-13.487142562866211,-13.438227653503418,-13.613531112670898,-13.857389450073242,0
9.9,-11.648434638977051,-11.556912422180176,-11.771893501281738,-11.567703247070312,-11.462634086608887,-11.375950813293457,-11.61846923828125,-11.843890190124512,0
9.904,-10.337613105773926,-10.306411743164062,-10.562443733215332,-10.352505683898926,-10.194180488586426,-10.115081787109375,-10.340063095092773,-10.541689872741699,0
9.908,-13.842962265014648,-13.901339530944824,-14.067031860351562,-13.842918395996094,-13.751391410827637,-13.670225143432617,-13.838175773620605,-14.04120922088623,0
9.912,-12.12830924987793,-12.265586853027344,-12.243985176086426,-12.010197639465332,-12.044436454772949,-11.965734481811523,-12.083211898803711,-12.301338195800781,0
9.916,-13.055356979370117,-13.22559928894043,-13.030601501464844,-12.814831733703613,-12.914886474609375,-12.901278495788574,-12.9466552734375,-13.193425178527832,0
9.92,-11.137545585632324,-11.296684265136719,-11.042325019836426,-10.857992172241211,-10.915054321289062,-10.978360176086426,-10.94879150390625,-11.23095703125,0
9.924,-10.329991340637207,-10.439387321472168,-10.261799812316895,-10.065841674804688,-10.018490791320801,-10.130279541015625,-10.054074287414551,-10.328900337219238,0
9.928,-14.589231491088867,-14.645576477050781,-14.603123664855957,-14.349818229675293,-14.225726127624512,-14.366872787475586,-14.268740653991699,-14.47339916229248,0
9.932,-13.414373397827148,-13.470182418823242,-13.513738632202148,-13.246584892272949,-13.110944747924805,-13.251622200012207,-13.138272285461426,-13.258764266967773,0
9.936,-14.8203125,-14.914034843444824,-14.944488525390625,-14.760200500488281,-14.649368286132812,-14.753837585449219,-14.612910270690918,-14.695864677429199,0
9.94,-13.320736885070801,-13.44324779510498,-13.408724784851074,-13.363882064819336,-13.262113571166992,-13.330693244934082,-13.142773628234863,-13.221211433410645,0
9.944,-12.503270149230957,-12.636242866516113,-12.581001281738281,-12.636593818664551,-12.550251960754395,-12.605008125305176,-12.353622436523438,-12.431239128112793,0
9.948,-16.758813858032227,-16.866451263427734,-16.878097534179688,-16.916070938110352,-16.905590057373047,-16.969064712524414,-16.634836196899414,-16.726202011108398,0
9.952,-15.879959106445312,-15.918928146362305,-16.063732147216797,-16.021865844726562,-16.056137084960938,-16.166362762451172,-15.715489387512207,-15.868565559387207,0
9.956,-17.463485717773438,-17.426422119140625,-17.70361328125,-17.632171630859375,-17.575714111328125,-17.751901626586914,-17.206630706787109,-17.428249359130859,0
9.96,-15.916096687316895,-15.817312240600586,-16.155849456787109,-16.089889526367188,-15.86839771270752,-16.119501113891602,-15.588308334350586,-15.742292404174805,0
9.964,-15.046755790710449,-14.893017768859863,-15.242741584777832,-15.145727157592773,-14.800291061401367,-15.129156112670898,-14.697967529296875,-14.692118644714355,0
9.968,-19.261495590209961,-19.074260711669922,-19.437728881835938,-19.310129165649414,-18.943063735961914,-19.256830215454102,-18.945989608764648,-18.861501693725586,0
9.972,-18.025177001953125,-17.861963272094727,-18.235799789428711,-18.170034408569336,-17.835857391357422,-18.026693344116211,-17.810922622680664,-17.728496551513672,0
9.976,-19.359600067138672,-19.286724090576172,-19.616430282592773,-19.670461654663086,-19.371551513671875,-19.448602676391602,-19.257492065429688,-19.191127777099609,0
9.98,-18.151147842407227,-18.226650238037109,-18.417354583740234,-18.535518646240234,-18.277233123779297,-18.313034057617188,-18.085231781005859,-18.034112930297852,0
9.984,-17.49310302734375,-17.696298599243164,-17.722015380859375,-17.811901092529297,-17.569890975952148,-17.688899993896484,-17.376373291015625,-17.332347869873047,0
9.988,-21.492305755615234,-21.732275009155273,-21.647912979125977,-21.670394897460938,-21.420022964477539,-21.712921142578125,-21.278224945068359,-21.260356903076172,0
9.992,-19.783351898193359,-20.046779632568359,-19.868799209594727,-19.873102188110352,-19.619461059570312,-20.0111083984375,-19.500823974609375,-19.560541152954102,0
9.996,-20.576442718505859,-20.888402938842773,-20.596902847290039,-20.666183471679688,-20.413631439208984,-20.779933929443359,-20.270132064819336,-20.420125961303711,0
10,-19.116109848022461,-19.447189331054688,-19.067897796630859,-19.220071792602539,-18.969753265380859,-19.249828338623047,-18.796554565429688,-19.013626098632812,0
10.004,-18.121877670288086,-18.420553207397461,-18.037567138671875,-18.174066543579102,-17.983119964599609,-18.158971786499023,-17.831716537475586,-18.077770233154297,0
10.008,-21.334911346435547,-21.528158187866211,-21.251504898071289,-21.27764892578125,-21.202173233032227,-21.304468154907227,-21.102880477905273,-21.312999725341797,0
10.012,-18.762868881225586,-18.787893295288086,-18.69195556640625,-18.638210296630859,-18.628641128540039,-18.719890594482422,-18.524377822875977,-18.700174331665039,0
10.016,-19.134048461914062,-19.042474746704102,-19.109460830688477,-18.998943328857422,-19.050603866577148,-19.138149261474609,-18.868902206420898,-19.029632568359375,0
10.02,-17.708297729492188,-17.608001708984375,-17.757577896118164,-17.567346572875977,-17.783243179321289,-17.80450439453125,-17.494167327880859,-17.561965942382812,0
10.024,-16.880355834960938,-16.803934097290039,-16.96661376953125,-16.746536254882812,-17.149089813232422,-17.075939178466797,-16.747034072875977,-16.706405639648438,0
10.028,-20.5184326171875,-20.448925018310547,-20.572107315063477,-20.422815322875977,-20.890935897827148,-20.776159286499023,-20.433908462524414,-20.393686294555664,0
10.032,-18.275640487670898,-18.197418212890625,-18.231166839599609,-18.267324447631836,-18.638408660888672,-18.570583343505859,-18.234918594360352,-18.268280029296875,0
10.036,-18.267253875732422,-18.169704437255859,-18.108663558959961,-18.369577407836914,-18.578485488891602,-18.622472763061523,-18.31011962890625,-18.394805908203125,0
10.04,-16.251750946044922,-16.107553482055664,-15.991595268249512,-16.3734130859375,-16.490367889404297,-16.641353607177734,-16.391460418701172,-16.457769393920898,0
10.044,-15.026791572570801,-14.841458320617676,-14.720690727233887,-15.096087455749512,-15.204572677612305,-15.412483215332031,-15.22993278503418,-15.244405746459961,0
10.048,-18.106439590454102,-17.952524185180664,-17.868816375732422,-18.177331924438477,-18.286264419555664,-18.497035980224609,-18.31695556640625,-18.300409317016602,0
10.052,-15.084373474121094,-15.018231391906738,-14.983390808105469,-15.207677841186523,-15.271634101867676,-15.484580993652344,-15.252079963684082,-15.219119071960449,0
10.056,-14.717638969421387,-14.754430770874023,-14.726946830749512,-14.885882377624512,-14.873855590820312,-15.116101264953613,-14.827926635742188,-14.812952995300293,0
10.06,-12.84288501739502,-12.965330123901367,-12.869909286499023,-13.048727035522461,-12.973051071166992,-13.188281059265137,-12.883015632629395,-12.927678108215332,0
10.064,-11.758633613586426,-11.947126388549805,-11.734570503234863,-12.029675483703613,-11.909008979797363,-12.037261962890625,-11.750846862792969,-11.803875923156738,0
10.068,-15.233080863952637,-15.480405807495117,-15.153678894042969,-15.55054759979248,-15.426823616027832,-15.499998092651367,-15.263232231140137,-15.195005416870117,0
10.072,-12.697278022766113,-12.973355293273926,-12.60877799987793,-12.9525146484375,-12.909199714660645,-12.967883110046387,-12.825434684753418,-12.550033569335938,0
10.076,-12.220318794250488,-12.480740547180176,-12.21998405456543,-12.348231315612793,-12.42699146270752,-12.47297191619873,-12.415609359741211,-12.004964828491211,0
10.08,-9.7684402465820312,-9.9517574310302734,-9.8902921676635742,-9.7838954925537109,-9.9563474655151367,-9.9631500244140625,-9.944035530090332,-9.5792951583862305,0
10.084,-8.2318859100341797,-8.3061351776123047,-8.3702211380004883,-8.1923246383666992,-8.3944978713989258,-8.3069868087768555,-8.3149900436401367,-8.141204833984375,0
10.088,-11.841558456420898,-11.834142684936523,-11.900713920593262,-11.851176261901855,-11.971255302429199,-11.786598205566406,-11.814326286315918,-11.860921859741211,0
10.092,-9.6439876556396484,-9.563140869140625,-9.6191225051879883,-9.7096633911132812,-9.6827239990234375,-9.532618522644043,-9.5393753051757812,-9.702631950378418,0
10.096,-9.1970062255859375,-9.036219596862793,-9.1028881072998047,-9.1895046234130859,-9.0902252197265625,-9.0876798629760742,-9.0385894775390625,-9.1838607788085938,0
10.1,-6.6934585571289062,-6.4867734909057617,-6.540921688079834,-6.5412392616271973,-6.501922607421875,-6.5475196838378906,-6.4847359657287598,-6.5511322021484375,0
10.104,-4.9312934875488281,-4.7654967308044434,-4.7278265953063965,-4.7008109092712402,-4.7873001098632812,-4.7227325439453125,-4.7180304527282715,-4.7104592323303223,0
10.108,-8.1468992233276367,-8.0910778045654297,-7.8858733177185059,-7.9193978309631348,-8.0939407348632812,-7.8953008651733398,-7.9843735694885254,-7.900327205657959,0
10.112,-5.9610366821289062,-5.9498763084411621,-5.6182646751403809,-5.731473445892334,-5.9121284484863281,-5.623138427734375,-5.8523011207580566,-5.6512360572814941,0
10.116,-6.2248444557189941,-6.1361618041992188,-5.8199338912963867,-5.9765028953552246,-6.1082687377929688,-5.7621521949768066,-6.1499862670898438,-5.8357253074645996,0
10.12,-4.8282647132873535,-4.6362905502319336,-4.4414596557617188,-4.5972166061401367,-4.6695480346679688,-4.2714600563049316,-4.7613706588745117,-4.3946938514709473,0
10.124,-4.1792082786560059,-3.950972318649292,-3.8805694580078125,-4.0489950180053711,-4.0433526039123535,-3.6089904308319092,-4.1299552917480469,-3.7870209217071533,0
10.128,-8.4225358963012695,-8.2135953903198242,-8.2442378997802734,-8.4504976272583008,-8.3727617263793945,-7.9529647827148438,-8.4538373947143555,-8.1828889846801758,0
10.132,-6.6707749366760254,-6.4579262733459473,-6.5656266212463379,-6.77020263671875,-6.7069525718688965,-6.3375763893127441,-6.7797956466674805,-6.5678787231445312,0
10.136,-6.7109274864196777,-6.426661491394043,-6.5688185691833496,-6.733795166015625,-6.7121810913085938,-6.4599976539611816,-6.8328628540039062,-6.6421308517456055,0
10.14,-5.3802947998046875,-4.9594206809997559,-5.1577644348144531,-5.2742185592651367,-5.2057709693908691,-5.1664986610412598,-5.475830078125,-5.259335994720459,0
10.144,-5.0887794494628906,-4.5590705871582031,-4.8360772132873535,-4.8942198753356934,-4.7363042831420898,-4.9037694931030273,-5.1309256553649902,-4.8780174255371094,0
10.148,-9.4758052825927734,-8.9869413375854492,-9.27911376953125,-9.2708053588867188,-9.085057258605957,-9.3191051483154297,-9.4571027755737305,-9.2108154296875,0
10.152,-7.7470879554748535,-7.4180822372436523,-7.6267004013061523,-7.5870223045349121,-7.4596962928771973,-7.5933113098144531,-7.6783714294433594,-7.4734435081481934,0
10.156,-7.6985511779785156,-7.5256142616271973,-7.5975852012634277,-7.5756874084472656,-7.5429000854492188,-7.529963493347168,-7.6009292602539062,-7.4291024208068848,0
10.16,-5.8577842712402344,-5.7900071144104004,-5.7817893028259277,-5.752593994140625,-5.7841286659240723,-5.6960020065307617,-5.7539663314819336,-5.6008925437927246,0
10.164,-4.7543554306030273,-4.7695693969726562,-4.7366704940795898,-4.6745429039001465,-4.6969366073608398,-4.6458487510681152,-4.6618361473083496,-4.5389938354492188,0
10.168,-8.8163833618164062,-8.8486862182617188,-8.7825222015380859,-8.7462873458862305,-8.6585235595703125,-8.7619199752807617,-8.7145719528198242,-8.6447887420654297,0
10.172,-7.1173386573791504,-7.0784745216369629,-6.9872689247131348,-7.0366935729980469,-6.82330322265625,-7.0611457824707031,-6.9297585487365723,-6.9745621681213379,0
10.176,-7.0014595985412598,-6.919830322265625,-6.7978949546813965,-6.9526381492614746,-6.71343994140625,-6.9330086708068848,-6.7219991683959961,-6.9182357788085938,0
10.18,-5.319002628326416,-5.3012137413024902,-5.0891900062561035,-5.3522248268127441,-5.1684837341308594,-5.2720518112182617,-5.069972038269043,-5.3166036605834961,0
10.184,-4.5896835327148438,-4.7036352157592773,-4.4192962646484375,-4.719296932220459,-4.5775198936462402,-4.5858979225158691,-4.4884147644042969,-4.6521759033203125,0
10.188,-9.2239809036254883,-9.4334030151367188,-9.2184267044067383,-9.4448375701904297,-9.2469911575317383,-9.2258024215698242,-9.2603559494018555,-9.2949323654174805,0
10.192,-8.3334026336669922,-8.5085659027099609,-8.4294643402099609,-8.5810880661010742,-8.2867326736450195,-8.223383903503418,-8.3906888961791992,-8.2993373870849609,0
10.196,-8.893162727355957,-8.9496669769287109,-8.9164962768554688,-9.1206493377685547,-8.816431999206543,-8.6418361663818359,-8.8932571411132812,-8.7429790496826172,0
10.2,-7.3424215316772461,-7.3175559043884277,-7.2542901039123535,-7.6255636215209961,-7.3826308250427246,-7.1050786972045898,-7.2887916564941406,-7.2225098609924316,0
10.204,-6.1478109359741211,-6.0831794738769531,-6.0074071884155273,-6.5145821571350098,-6.3346238136291504,-6.0771088600158691,-6.0308365821838379,-6.1346197128295898,0
10.208,-10.283689498901367,-10.195205688476562,-10.15223503112793,-10.647468566894531,-10.513974189758301,-10.40990161895752,-10.093854904174805,-10.30211353302002,0
10.212,-8.880279541015625,-8.8083066940307617,-8.83673095703125,-9.2083187103271484,-9.0911073684692383,-9.1555509567260742,-8.6336269378662109,-8.8494796752929688,0
10.216,-8.7820720672607422,-8.7493572235107422,-8.8713045120239258,-9.115574836730957,-8.9689226150512695,-9.1145915985107422,-8.5067596435546875,-8.6902666091918945,0
10.22,-7.0631093978881836,-7.0807790756225586,-7.2484970092773438,-7.4317564964294434,-7.2308921813964844,-7.3568754196166992,-6.8000807762145996,-6.9261078834533691,0
10.224,-6.1335320472717285,-6.2256383895874023,-6.3240509033203125,-6.5133247375488281,-6.3013219833374023,-6.3424277305603027,-5.8921499252319336,-5.9735555648803711,0
10.228,-10.586278915405273,-10.735235214233398,-10.700894355773926,-10.892631530761719,-10.735438346862793,-10.717178344726562,-10.343925476074219,-10.428091049194336,0
10.232,-9.7264223098754883,-9.8615856170654297,-9.7236003875732422,-9.8697633743286133,-9.7672700881958008,-9.816615104675293,-9.4759626388549805,-9.5608901977539062,0
10.236,-10.505989074707031,-10.581258773803711,-10.382136344909668,-10.463964462280273,-10.382543563842773,-10.587161064147949,-10.248974800109863,-10.309712409973145,0
10.24,-9.6116971969604492,-9.6250333786010742,-9.3694047927856445,-9.4138669967651367,-9.3756084442138672,-9.6617279052734375,-9.3197154998779297,-9.3636703491210938,0
10.244,-8.6548137664794922,-8.607539176940918,-8.2958984375,-8.3727445602416992,-8.4047365188598633,-8.6099681854248047,-8.3051557540893555,-8.3213787078857422,0
10.248,-11.939885139465332,-11.839228630065918,-11.493032455444336,-11.659469604492188,-11.769618034362793,-11.79046630859375,-11.576309204101562,-11.549406051635742,0
10.252,-8.9342403411865234,-8.822443962097168,-8.4750518798828125,-8.7070446014404297,-8.909733772277832,-8.7829742431640625,-8.6536226272583008,-8.6102523803710938,0
10.256,-7.0441160202026367,-7.0040106773376465,-6.6928443908691406,-6.9425573348999023,-7.1741013526916504,-7.000089168548584,-6.9167113304138184,-6.8872551918029785,0
10.26,-4.257051944732666,-4.3205657005310059,-4.0846929550170898,-4.343353271484375,-4.4702482223510742,-4.3196702003479004,-4.2480711936950684,-4.2600808143615723,0
10.264,-3.1363723278045654,-3.2624430656433105,-3.0981419086456299,-3.350189208984375,-3.3145046234130859,-3.2290127277374268,-3.1531765460968018,-3.2410888671875,0
10.268,-7.7095670700073242,-7.8883490562438965,-7.7078123092651367,-7.9326353073120117,-7.7922897338867188,-7.7620987892150879,-7.6882696151733398,-7.8512182235717773,0
10.272,-6.529932975769043,-6.7558274269104004,-6.5030364990234375,-6.7189979553222656,-6.5251340866088867,-6.5275816917419434,-6.4441275596618652,-6.6641006469726562,0
10.276,-6.4488844871520996,-6.6402831077575684,-6.3646812438964844,-6.5923819541931152,-6.3528356552124023,-6.4107794761657715,-6.3004631996154785,-6.5659055709838867,0
10.28,-5.0418295860290527,-5.0932183265686035,-4.8816757202148438,-5.0635147094726562,-4.8391942977905273,-4.9576849937438965,-4.8210244178771973,-5.0970931053161621,0
10.284,-4.1392035484313965,-4.0285887718200684,-3.9381892681121826,-3.9894802570343018,-3.8671982288360596,-3.9485251903533936,-3.8106739521026611,-4.044431209564209,0
10.288,-8.258453369140625,-8.0687637329101562,-8.0669918060302734,-7.9996247291564941,-8.0063705444335938,-7.9046669006347656,-7.848628044128418,-7.9849677085876465,0
10.292,-6.8187346458435059,-6.6389107704162598,-6.628082275390625,-6.5203003883361816,-6.647425651550293,-6.3127532005310059,-6.4093689918518066,-6.4448995590209961,0
10.296,-6.6559844017028809,-6.5205984115600586,-6.4562973976135254,-6.3774490356445312,-6.5452370643615723,-6.0990052223205566,-6.3021101951599121,-6.2950010299682617,0
10.3,-5.4059653282165527,-5.3075079917907715,-5.2420830726623535,-5.197446346282959,-5.2978987693786621,-4.9546904563903809,-5.1244139671325684,-5.1353554725646973,0
10.304,-4.5801191329956055,-4.5008530616760254,-4.4840536117553711,-4.4073090553283691,-4.5009942054748535,-4.3754501342773438,-4.3599333763122559,-4.4463872909545898,0
10.308,-8.4695053100585938,-8.4396162033081055,-8.4214248657226562,-8.2746429443359375,-8.5182170867919922,-8.5334882736206055,-8.328181266784668,-8.4784469604492188,0
10.312,-6.8868651390075684,-6.9516487121582031,-6.8755712509155273,-6.6662163734436035,-7.0851302146911621,-7.0749726295471191,-6.8457145690917969,-6.9883208274841309,0
10.316,-6.7819709777832031,-6.9454216957092285,-6.820833683013916,-6.5703268051147461,-7.0726432800292969,-6.9035606384277344,-6.7885537147521973,-6.9035782814025879,0
10.32,-5.3698258399963379,-5.6067047119140625,-5.4464097023010254,-5.1893362998962402,-5.6710357666015625,-5.3533415794372559,-5.3750762939453125,-5.4573020935058594,0
10.324,-3.7304713726043701,-4.0077147483825684,-3.8408133983612061,-3.5803496837615967,-3.9610838890075684,-3.6696319580078125,-3.7394943237304688,-3.7980327606201172,0
10.328,-6.6169915199279785,-6.8543205261230469,-6.7670402526855469,-6.4909653663635254,-6.7262129783630371,-6.6282563209533691,-6.6191864013671875,-6.6975517272949219,0
10.332,-4.252197265625,-4.358820915222168,-4.4170675277709961,-4.1534628868103027,-4.2550649642944336,-4.3320493698120117,-4.2291932106018066,-4.3601746559143066,0
10.336,-3.5330219268798828,-3.5293495655059814,-3.7012553215026855,-3.4905376434326172,-3.5308902263641357,-3.6290557384490967,-3.506791353225708,-3.7008323669433594,0
10.34,-1.985896110534668,-1.9544967412948608,-2.1558794975280762,-2.0051567554473877,-2.0441570281982422,-2.0794169902801514,-1.9580612182617188,-2.2084667682647705,0
10.344,-0.71666544675827026,-0.70581436157226562,-0.87932521104812622,-0.77416884899139404,-0.82049322128295898,-0.7977331280708313,-0.66020584106445312,-0.96867227554321289,0
10.348,-4.4249076843261719,-4.4269552230834961,-4.603846549987793,-4.5157456398010254,-4.5440483093261719,-4.4713377952575684,-4.3429818153381348,-4.6868505477905273,0
10.352,-3.1806862354278564,-3.1365299224853516,-3.3580799102783203,-3.2875549793243408,-3.2521164417266846,-3.1775112152099609,-3.0816447734832764,-3.4246001243591309,0
10.356,-3.4989383220672607,-3.3624167442321777,-3.612393856048584,-3.5620028972625732,-3.4635798931121826,-3.4785435199737549,-3.3906459808349609,-3.7336101531982422,0
10.36,-2.981116771697998,-2.7738699913024902,-3.0525202751159668,-2.951369047164917,-2.8508059978485107,-2.9878413677215576,-2.8919119834899902,-3.220750093460083,0
10.364,-2.4500160217285156,-2.2121634483337402,-2.5448455810546875,-2.3534317016601562,-2.2980499267578125,-2.5071341991424561,-2.375777006149292,-2.6898472309112549,0
10.368,-6.4010176658630371,-6.1191587448120117,-6.5337362289428711,-6.2752242088317871,-6.2767853736877441,-6.4820890426635742,-6.281980037689209,-6.6018118858337402,0
10.372,-5.318202018737793,-5.0016732215881348,-5.4883527755737305,-5.1728286743164062,-5.2158651351928711,-5.3633499145507812,-5.0987119674682617,-5.4044508934020996,0
10.376,-5.9536666870117188,-5.6923956871032715,-6.1776108741760254,-5.8190484046936035,-5.8877730369567871,-5.9595284461975098,-5.6653647422790527,-5.9328985214233398,0
10.38,-5.7235527038574219,-5.5632119178771973,-5.9706482887268066,-5.6085805892944336,-5.7114119529724121,-5.6936097145080566,-5.4774641990661621,-5.6585416793823242,0
10.384,-4.9721908569335938,-4.9154305458068848,-5.164149284362793,-4.8949494361877441,-5.0012245178222656,-4.8857827186584473,-4.8322820663452148,-4.8878073692321777,0
10.388,-8.4175262451171875,-8.5076274871826172,-8.513702392578125,-8.4416580200195312,-8.5024518966674805,-8.2935695648193359,-8.3578338623046875,-8.3524198532104492,0
10.392,-6.8921194076538086,-7.1168198585510254,-6.9268903732299805,-7.0143537521362305,-7.0800666809082031,-6.7855453491210938,-6.8682723045349121,-6.8718209266662598,0
10.396,-7.1976828575134277,-7.4172821044921875,-7.17999267578125,-7.3327741622924805,-7.4406304359436035,-7.1215925216674805,-7.1702446937561035,-7.1454634666442871,0
10.4,-6.8764891624450684,-6.9377875328063965,-6.7349562644958496,-6.9515066146850586,-7.028289794921875,-6.793607234954834,-6.8005208969116211,-6.660977840423584,0
10.404,-5.7788758277893066,-5.5907516479492188,-5.501185417175293,-5.7357521057128906,-5.7511587142944336,-5.6525778770446777,-5.6331620216369629,-5.3376450538635254,0
10.408,-8.7001247406005859,-8.2552642822265625,-8.3720245361328125,-8.510218620300293,-8.5212812423706055,-8.5003414154052734,-8.5096111297607422,-8.0984573364257812,0
10.412,-7.1545319557189941,-6.652644157409668,-6.8613014221191406,-6.9300894737243652,-6.9659147262573242,-6.9421224594116211,-7.0266098976135254,-6.5734243392944336,0
10.416,-7.9107122421264648,-7.6195235252380371,-7.7005400657653809,-7.8123016357421875,-7.852808952331543,-7.7955045700073242,-7.9611196517944336,-7.5183286666870117,0
10.42,-8.1077346801757812,-8.0517606735229492,-7.9800858497619629,-8.1528682708740234,-8.1746320724487305,-8.1063108444213867,-8.2860794067382812,-7.9210906028747559,0
10.424,-6.9921903610229492,-7.0411810874938965,-6.889218807220459,-7.1163167953491211,-7.0633611679077148,-7.0617623329162598,-7.1575560569763184,-6.9495835304260254,0
10.428,-9.2405071258544922,-9.3302688598632812,-9.1217527389526367,-9.4054393768310547,-9.23291015625,-9.3506088256835938,-9.3384609222412109,-9.303309440612793,0
10.432,-6.6564421653747559,-6.7751007080078125,-6.5833029747009277,-6.8431525230407715,-6.6068077087402344,-6.8052482604980469,-6.7183938026428223,-6.7841315269470215,0
10.436,-6.4112076759338379,-6.5378966331481934,-6.4793815612792969,-6.5739049911499023,-6.4006681442260742,-6.588594913482666,-6.4961166381835938,-6.5363831520080566,0
10.44,-6.4953055381774902,-6.613710880279541,-6.6892828941345215,-6.5915780067443848,-6.5727081298828125,-6.6441864967346191,-6.6511116027832031,-6.5631766319274902,0
10.444,-6.3197507858276367,-6.4478964805603027,-6.5208830833435059,-6.371640682220459,-6.4962677955627441,-6.3802247047424316,-6.5704216957092285,-6.3593931198120117,0
10.448,-10.189809799194336,-10.308897018432617,-10.277364730834961,-10.187530517578125,-10.412834167480469,-10.135429382324219,-10.495590209960938,-10.244697570800781,0
10.452,-9.2504377365112305,-9.2879362106323242,-9.169342041015625,-9.1514873504638672,-9.463200569152832,-9.080296516418457,-9.518031120300293,-9.3149471282958984,0
10.456,-9.7739772796630859,-9.713078498840332,-9.5698976516723633,-9.630218505859375,-9.9948148727416992,-9.5103359222412109,-9.9624614715576172,-9.8711395263671875,0
10.46,-9.6015911102294922,-9.4757232666015625,-9.3640928268432617,-9.4997587203979492,-9.8508205413818359,-9.3004837036132812,-9.7059125900268555,-9.7450284957885742,0
10.464,-8.5503387451171875,-8.3919553756713867,-8.3337907791137695,-8.5170955657958984,-8.80609130859375,-8.3214845657348633,-8.5680265426635742,-8.7194652557373047,0
10.468,-11.973790168762207,-11.79908561706543,-11.793299674987793,-11.990443229675293,-12.189539909362793,-11.908714294433594,-11.944727897644043,-12.154171943664551,0
10.472,-11.276692390441895,-11.0875244140625,-11.14372730255127,-11.317146301269531,-11.413633346557617,-11.384788513183594,-11.287930488586426,-11.442744255065918,0
10.476,-11.806137084960938,-11.621549606323242,-11.740826606750488,-11.865280151367188,-11.888853073120117,-12.050094604492188,-11.948202133178711,-11.938763618469238,0
10.48,-11.38623046875,-11.258565902709961,-11.401405334472656,-11.469212532043457,-11.476786613464355,-11.678245544433594,-11.686388969421387,-11.488889694213867,0
10.484,-10.358517646789551,-10.354093551635742,-10.454938888549805,-10.44972038269043,-10.49439811706543,-10.59889030456543,-10.781469345092773,-10.46174430847168,0
10.488,-14.575836181640625,-14.711382865905762,-14.708122253417969,-14.662008285522461,-14.729182243347168,-14.745367050170898,-15.046481132507324,-14.711273193359375,0
10.492,-15.106292724609375,-15.303716659545898,-15.199114799499512,-15.174944877624512,-15.2095947265625,-15.218221664428711,-15.520917892456055,-15.269305229187012,0
10.496,-16.149501800537109,-16.294719696044922,-16.165538787841797,-16.145492553710938,-16.187301635742188,-16.203466415405273,-16.416250228881836,-16.336284637451172,0
10.5,-15.305850028991699,-15.332043647766113,-15.270245552062988,-15.177739143371582,-15.324094772338867,-15.328152656555176,-15.40673828125,-15.519697189331055,0
10.504,-13.498723983764648,-13.378758430480957,-13.451916694641113,-13.257695198059082,-13.553695678710938,-13.480491638183594,-13.522422790527344,-13.713760375976562,0
10.508,-17.19818115234375,-16.958501815795898,-17.127162933349609,-16.898387908935547,-17.316478729248047,-17.07952880859375,-17.238656997680664,-17.383874893188477,0
10.512,-17.331920623779297,-17.062078475952148,-17.204967498779297,-17.008769989013672,-17.455038070678711,-17.100393295288086,-17.360239028930664,-17.454681396484375,0
10.516,-17.872091293334961,-17.670263290405273,-17.686182022094727,-17.552764892578125,-17.926189422607422,-17.585063934326172,-17.839275360107422,-17.934988021850586,0
10.52,-16.753320693969727,-16.653005599975586,-16.540752410888672,-16.500619888305664,-16.793609619140625,-16.489849090576172,-16.717260360717773,-16.855443954467773,0
10.524,-14.779228210449219,-14.742637634277344,-14.563886642456055,-14.63862133026123,-14.903546333312988,-14.584320068359375,-14.81879711151123,-14.986066818237305,0
10.528,-18.633218765258789,-18.614767074584961,-18.39727783203125,-18.567815780639648,-18.820367813110352,-18.479242324829102,-18.748128890991211,-18.863018035888672,0
10.532,-19.555828094482422,-19.517772674560547,-19.295843124389648,-19.462701797485352,-19.6812744140625,-19.361257553100586,-19.647394180297852,-19.677078247070312,0
10.536,-21.172754287719727,-21.148590087890625,-20.921518325805664,-21.0111083984375,-21.15838623046875,-20.896429061889648,-21.175405502319336,-21.179327011108398,0
10.54,-20.835872650146484,-20.902156829833984,-20.631088256835938,-20.653665542602539,-20.735860824584961,-20.524002075195312,-20.805063247680664,-20.832504272460938,0
10.544,-18.535497665405273,-18.706756591796875,-18.394052505493164,-18.379465103149414,-18.457530975341797,-18.286346435546875,-18.543905258178711,-18.600255966186523,0
10.548,-21.564126968383789,-21.792678833007812,-21.476528167724609,-21.463159561157227,-21.560470581054688,-21.459558486938477,-21.631011962890625,-21.724300384521484,0
10.552,-22.118566513061523,-22.344188690185547,-22.063837051391602,-22.068979263305664,-22.177114486694336,-22.159795761108398,-22.205877304077148,-22.360393524169922,0
10.556,-23.243892669677734,-23.436904907226562,-23.2257080078125,-23.190933227539062,-23.323770523071289,-23.384836196899414,-23.302221298217773,-23.506875991821289,0
10.56,-21.005519866943359,-21.114410400390625,-21.027475357055664,-20.873147964477539,-21.028829574584961,-21.164407730102539,-21.002574920654297,-21.227813720703125,0
10.564,-14.618606567382812,-14.626811027526855,-14.676043510437012,-14.432454109191895,-14.548808097839355,-14.715307235717773,-14.592068672180176,-14.80443286895752,0
10.568,-15.406715393066406,-15.421585083007812,-15.523739814758301,-15.297879219055176,-15.347768783569336,-15.45411491394043,-15.457371711730957,-15.57954216003418,0
10.572,-20.954217910766602,-21.082302093505859,-21.130376815795898,-20.972345352172852,-21.038604736328125,-20.990774154663086,-21.086009979248047,-21.088424682617188,0
10.576,-32.677471160888672,-32.906402587890625,-32.867694854736328,-32.764801025390625,-32.906116485595703,-32.700580596923828,-32.789508819580078,-32.730182647705078,0
10.58,-39.752159118652344,-39.994224548339844,-39.9248046875,-39.858112335205078,-40.023681640625,-39.7679443359375,-39.759361267089844,-39.699413299560547,0
10.584,-34.738056182861328,-34.938373565673828,-34.903331756591797,-34.861442565917969,-34.980396270751953,-34.76422119140625,-34.658740997314453,-34.638134002685547,0
10.588,-27.78265380859375,-27.955776214599609,-27.961828231811523,-27.914394378662109,-27.960550308227539,-27.790288925170898,-27.698776245117188,-27.764572143554688,0
10.592,-21.088586807250977,-21.251535415649414,-21.289266586303711,-21.182256698608398,-21.164134979248047,-21.013500213623047,-21.022180557250977,-21.19195556640625,0
10.596,-22.891902923583984,-23.002481460571289,-23.129003524780273,-22.946895599365234,-22.866058349609375,-22.735652923583984,-22.833837509155273,-23.031747817993164,0
10.6,-27.816158294677734,-27.819839477539062,-28.077398300170898,-27.871856689453125,-27.729925155639648,-27.632396697998047,-27.793588638305664,-27.899938583374023,0
10.604,-27.279409408569336,-27.177639007568359,-27.511562347412109,-27.340810775756836,-27.149541854858398,-27.122579574584961,-27.314315795898438,-27.284200668334961,0
10.608,-25.640651702880859,-25.523818969726562,-25.890316009521484,-25.751073837280273,-25.473608016967773,-25.621053695678711,-25.770853042602539,-25.654567718505859,0
10.612,-21.193674087524414,-21.166732788085938,-21.542638778686523,-21.390285491943359,-21.047662734985352,-21.396453857421875,-21.466684341430664,-21.317596435546875,0
10.616,-22.081172943115234,-22.143915176391602,-22.460723876953125,-22.277984619140625,-21.999883651733398,-22.426250457763672,-22.449993133544922,-22.288202285766602,0
10.62,-25.460153579711914,-25.535106658935547,-25.758794784545898,-25.529077529907227,-25.369710922241211,-25.743993759155273,-25.810205459594727,-25.648950576782227,0
10.624,-25.035488128662109,-25.054042816162109,-25.208492279052734,-24.916011810302734,-24.839748382568359,-25.127010345458984,-25.286169052124023,-25.119625091552734,0
10.628,-25.245449066162109,-25.171749114990234,-25.31182861328125,-25.014190673828125,-24.963186264038086,-25.201400756835938,-25.400167465209961,-25.204980850219727,0
10.632,-22.182474136352539,-22.024419784545898,-22.194070816040039,-21.98779296875,-21.905725479125977,-22.123077392578125,-22.317516326904297,-22.05743408203125,0
10.636,-22.101369857788086,-21.936550140380859,-22.095937728881836,-22.036615371704102,-21.918655395507812,-22.114648818969727,-22.309127807617188,-21.972539901733398,0
10.64,-23.729537963867188,-23.659734725952148,-23.777938842773438,-23.83251953125,-23.692424774169922,-23.8670654296875,-24.063833236694336,-23.700418472290039,0
10.644,-23.272668838500977,-23.326253890991211,-23.447017669677734,-23.5118408203125,-23.35882568359375,-23.483287811279297,-23.7174072265625,-23.333074569702148,0
10.648,-25.068511962890625,-25.177892684936523,-25.315771102905273,-25.322429656982422,-25.17718505859375,-25.235189437866211,-25.560525894165039,-25.100784301757812,0
10.652,-22.481454849243164,-22.571681976318359,-22.698003768920898,-22.650737762451172,-22.515102386474609,-22.564889907836914,-22.964397430419922,-22.432363510131836,0
10.656,-20.109634399414062,-20.165384292602539,-20.271081924438477,-20.199493408203125,-20.065303802490234,-20.168691635131836,-20.539728164672852,-20.010889053344727,0
10.66,-19.416814804077148,-19.4735107421875,-19.563217163085938,-19.496490478515625,-19.385177612304688,-19.539913177490234,-19.76068115234375,-19.311321258544922,0
10.664,-19.538482666015625,-19.657791137695312,-19.745870590209961,-19.687816619873047,-19.621713638305664,-19.781097412109375,-19.808639526367188,-19.477535247802734,0
10.668,-23.707042694091797,-23.888362884521484,-24.010143280029297,-23.9488525390625,-23.92633056640625,-24.046091079711914,-23.948400497436523,-23.728603363037109,0
10.672,-22.191692352294922,-22.356884002685547,-22.546890258789062,-22.476985931396484,-22.467128753662109,-22.558526992797852,-22.444564819335938,-22.26800537109375,0
10.676,-18.730371475219727,-18.851726531982422,-19.063446044921875,-18.998804092407227,-18.958663940429688,-19.077325820922852,-19.005670547485352,-18.805938720703125,0
10.68,-16.961786270141602,-17.081218719482422,-17.206390380859375,-17.163503646850586,-17.10223388671875,-17.270898818969727,-17.207656860351562,-17.03118896484375,0
10.684,-17.243572235107422,-17.387319564819336,-17.413558959960938,-17.3482666015625,-17.305324554443359,-17.514602661132812,-17.392940521240234,-17.340570449829102,0
10.688,-21.972427368164062,-22.107204437255859,-22.105331420898438,-22.003179550170898,-21.981878280639648,-22.204006195068359,-22.010900497436523,-22.102670669555664,0
10.692,-20.182994842529297,-20.241054534912109,-20.259136199951172,-20.201974868774414,-20.175760269165039,-20.34967041015625,-20.139278411865234,-20.327789306640625,0
10.696,-14.76104736328125,-14.738426208496094,-14.792866706848145,-14.817563056945801,-14.752772331237793,-14.822712898254395,-14.702484130859375,-14.934039115905762,0
10.7,-12.029461860656738,-11.9825439453125,-12.054815292358398,-12.129423141479492,-12.009860038757324,-11.957575798034668,-12.000880241394043,-12.248680114746094,0
10.704,-16.259332656860352,-16.200693130493164,-16.268960952758789,-16.378738403320312,-16.223302841186523,-16.077011108398438,-16.217357635498047,-16.475473403930664,0
10.708,-25.673086166381836,-25.556253433227539,-25.63134765625,-25.79559326171875,-25.635477066040039,-25.435348510742188,-25.585565567016602,-25.827157974243164,0
10.712,-21.917154312133789,-21.698055267333984,-21.794811248779297,-22.039642333984375,-21.885198593139648,-21.675094604492188,-21.813064575195312,-22.038238525390625,0
10.716,-10.046414375305176,-9.7464656829833984,-9.8577756881713867,-10.189582824707031,-10.005955696105957,-9.8783750534057617,-9.9336452484130859,-10.208073616027832,0
10.72,-3.3869261741638184,-3.1038742065429688,-3.1967399120330811,-3.6054229736328125,-3.3278803825378418,-3.3326919078826904,-3.2395567893981934,-3.5884318351745605,0
10.724,-7.9358053207397461,-7.7746725082397461,-7.8282914161682129,-8.282252311706543,-7.9045906066894531,-7.9574241638183594,-7.7967047691345215,-8.1379756927490234,0
10.728,-20.813055038452148,-20.815851211547852,-20.863597869873047,-21.267009735107422,-20.896352767944336,-20.864665985107422,-20.785629272460938,-21.045217514038086,0
10.732,-22.514337539672852,-22.657445907592773,-22.733688354492188,-22.982900619506836,-22.742696762084961,-22.54833984375,-22.631664276123047,-22.784694671630859,0
10.736,-14.635063171386719,-14.832473754882812,-14.923090934753418,-15.039205551147461,-14.929801940917969,-14.614825248718262,-14.843954086303711,-14.867365837097168,0
10.74,-8.2114105224609375,-8.3521785736083984,-8.4148941040039062,-8.5062313079833984,-8.4291763305664062,-8.1275663375854492,-8.423823356628418,-8.3420162200927734,0
10.744,-11.034772872924805,-11.103556632995605,-11.045845031738281,-11.187589645385742,-11.098554611206055,-10.894986152648926,-11.178045272827148,-11.069149971008301,0
10.748,-22.757696151733398,-22.817245483398438,-22.573022842407227,-22.762868881225586,-22.678289413452148,-22.597127914428711,-22.788000106811523,-22.719478607177734,0
10.752,-24.181940078735352,-24.278610229492188,-23.925745010375977,-24.087106704711914,-24.013820648193359,-24.064510345458984,-24.088541030883789,-24.060888290405273,0
10.756,-15.970767021179199,-16.142446517944336,-15.795275688171387,-15.854710578918457,-15.805361747741699,-15.92754077911377,-15.809147834777832,-15.782257080078125,0
10.76,-9.3722257614135742,-9.6247329711914062,-9.316411018371582,-9.286952018737793,-9.2632417678833008,-9.3814163208007812,-9.2116680145263672,-9.1837005615234375,0
10.764,-11.856361389160156,-12.138493537902832,-11.867109298706055,-11.833081245422363,-11.784899711608887,-11.889864921569824,-11.739156723022461,-11.715405464172363,0
10.768,-22.222763061523438,-22.473480224609375,-22.254186630249023,-22.283498764038086,-22.161901473999023,-22.274959564208984,-22.182399749755859,-22.131845474243164,0
10.772,-22.751312255859375,-22.919326782226562,-22.774337768554688,-22.857799530029297,-22.693414688110352,-22.821014404296875,-22.758007049560547,-22.673898696899414,0
10.776,-15.923983573913574,-15.979105949401855,-15.89234733581543,-15.994091987609863,-15.856541633605957,-15.951101303100586,-15.907384872436523,-15.795394897460938,0
10.78,-11.202064514160156,-11.190292358398438,-11.096318244934082,-11.19658374786377,-11.135859489440918,-11.145955085754395,-11.137875556945801,-11.003807067871094,0
10.784,-12.490971565246582,-12.493192672729492,-12.34520435333252,-12.410244941711426,-12.465978622436523,-12.394742965698242,-12.380236625671387,-12.282020568847656,0
10.788,-19.431722640991211,-19.483501434326172,-19.264947891235352,-19.283336639404297,-19.467388153076172,-19.336725234985352,-19.299388885498047,-19.291259765625,0
10.792,-18.807388305664062,-18.920436859130859,-18.615978240966797,-18.648797988891602,-18.892827987670898,-18.73260498046875,-18.706401824951172,-18.746225357055664,0
10.796,-14.613667488098145,-14.785842895507812,-14.416837692260742,-14.537063598632812,-14.755969047546387,-14.598236083984375,-14.59038257598877,-14.59260368347168,0
10.8,-12.935089111328125,-13.128700256347656,-12.762753486633301,-12.950749397277832,-13.159568786621094,-13.016865730285645,-13.020559310913086,-12.945913314819336,0
10.804,-13.596674919128418,-13.745160102844238,-13.447189331054688,-13.59215259552002,-13.860476493835449,-13.746969223022461,-13.739347457885742,-13.597521781921387,0
10.808,-17.554534912109375,-17.602743148803711,-17.392868041992188,-17.413930892944336,-17.791820526123047,-17.726083755493164,-17.636621475219727,-17.50018310546875,0
10.812,-16.360845565795898,-16.281200408935547,-16.1650390625,-16.065561294555664,-16.547613143920898,-16.500335693359375,-16.3048095703125,-16.260234832763672,0
10.816,-14.251215934753418,-14.050186157226562,-14.051328659057617,-13.860145568847656,-14.35029125213623,-14.277738571166992,-14.08735466003418,-14.145895004272461,0
10.82,-13.526837348937988,-13.274368286132812,-13.34613037109375,-13.118032455444336,-13.513842582702637,-13.440755844116211,-13.386953353881836,-13.470479011535645,0
10.824,-12.478828430175781,-12.249008178710938,-12.302518844604492,-12.107989311218262,-12.40150260925293,-12.364781379699707,-12.439074516296387,-12.459698677062988,0
10.828,-14.853833198547363,-14.664556503295898,-14.703951835632324,-14.548910140991211,-14.798995971679688,-14.79692554473877,-14.86646842956543,-14.815496444702148,0
10.832,-14.524190902709961,-14.400175094604492,-14.431808471679688,-14.297492980957031,-14.559951782226562,-14.610270500183105,-14.552899360656738,-14.438535690307617,0
10.836,-14.259016036987305,-14.237768173217773,-14.211555480957031,-14.13947582244873,-14.4259033203125,-14.514462471008301,-14.335447311401367,-14.167165756225586,0
10.84,-14.852770805358887,-14.899328231811523,-14.822751045227051,-14.852811813354492,-15.137273788452148,-15.175890922546387,-14.92768383026123,-14.783073425292969,0
10.844,-14.13910961151123,-14.186795234680176,-14.118260383605957,-14.182943344116211,-14.460487365722656,-14.404660224914551,-14.119916915893555,-14.037832260131836,0
10.848,-15.618609428405762,-15.639707565307617,-15.61961841583252,-15.590517997741699,-15.894223213195801,-15.751617431640625,-15.521222114562988,-15.442655563354492,0
10.852,-13.782322883605957,-13.759498596191406,-13.828681945800781,-13.632916450500488,-13.988302230834961,-13.772880554199219,-13.649144172668457,-13.521710395812988,0
10.856,-12.319196701049805,-12.246310234069824,-12.443041801452637,-12.090291976928711,-12.473834037780762,-12.256566047668457,-12.184346199035645,-11.975092887878418,0
10.86,-12.617263793945312,-12.513427734375,-12.772712707519531,-12.338285446166992,-12.703392028808594,-12.593142509460449,-12.508984565734863,-12.216787338256836,0
10.864,-12.234822273254395,-12.126790046691895,-12.322688102722168,-11.900724411010742,-12.246472358703613,-12.274778366088867,-12.105728149414062,-11.836662292480469,0
10.868,-14.739120483398438,-14.657101631164551,-14.723464965820312,-14.368085861206055,-14.724164962768555,-14.801206588745117,-14.494961738586426,-14.392596244812012,0
10.872,-14.657133102416992,-14.64826774597168,-14.553814888000488,-14.273257255554199,-14.620862007141113,-14.626386642456055,-14.262168884277344,-14.372777938842773,0
10.876,-14.572303771972656,-14.656698226928711,-14.443295478820801,-14.197744369506836,-14.504127502441406,-14.385958671569824,-14.119773864746094,-14.370880126953125,0
10.88,-15.401557922363281,-15.542623519897461,-15.317561149597168,-15.070691108703613,-15.329434394836426,-15.12708854675293,-15.050051689147949,-15.27363109588623,0
10.884,-14.407315254211426,-14.572700500488281,-14.401390075683594,-14.184926986694336,-14.357498168945312,-14.144543647766113,-14.246885299682617,-14.289921760559082,0
10.888,-15.389431953430176,-15.54527759552002,-15.453738212585449,-15.302556991577148,-15.348858833312988,-15.182418823242188,-15.401853561401367,-15.254153251647949,0
10.892,-14.311729431152344,-14.415311813354492,-14.403660774230957,-14.272695541381836,-14.235844612121582,-14.150815010070801,-14.403936386108398,-14.177040100097656,0
10.896,-13.993632316589355,-14.039502143859863,-14.070335388183594,-13.905965805053711,-13.897848129272461,-13.85820484161377,-14.061968803405762,-13.887128829956055,0
10.9,-14.762420654296875,-14.727363586425781,-14.781499862670898,-14.603869438171387,-14.685078620910645,-14.606640815734863,-14.739400863647461,-14.643961906433105,0
10.904,-13.723261833190918,-13.574948310852051,-13.672264099121094,-13.504776000976562,-13.655055046081543,-13.505317687988281,-13.604435920715332,-13.546292304992676,0
10.908,-14.846982955932617,-14.609420776367188,-14.735466003417969,-14.585220336914062,-14.745513916015625,-14.570188522338867,-14.681576728820801,-14.65144157409668,0
10.912,-14.105606079101562,-13.820350646972656,-13.918484687805176,-13.800799369812012,-13.893145561218262,-13.788090705871582,-13.903864860534668,-13.916244506835938,1
10.916,-13.927172660827637,-13.663212776184082,-13.652255058288574,-13.553227424621582,-13.594319343566895,-13.615450859069824,-13.657063484191895,-13.749288558959961,0
10.92,-14.611822128295898,-14.461352348327637,-14.290614128112793,-14.17840576171875,-14.263753890991211,-14.346746444702148,-14.275556564331055,-14.478643417358398,2
10.924,-13.223774909973145,-13.214739799499512,-12.952064514160156,-12.813491821289062,-12.964953422546387,-13.024151802062988,-12.879467964172363,-13.183873176574707,0
10.928,-13.968671798706055,-14.079226493835449,-13.84034252166748,-13.684194564819336,-13.831901550292969,-13.852529525756836,-13.72264575958252,-14.070132255554199,0
10.932,-13.230570793151855,-13.41778564453125,-13.284258842468262,-13.104032516479492,-13.211590766906738,-13.169222831726074,-13.132688522338867,-13.458836555480957,0
10.936,-13.241521835327148,-13.43968677520752,-13.424702644348145,-13.199575424194336,-13.314916610717773,-13.205365180969238,-13.236065864562988,-13.534042358398438,0
10.94,-14.032422065734863,-14.193173408508301,-14.242551803588867,-14.004429817199707,-14.12505054473877,-14.040204048156738,-14.054946899414062,-14.330296516418457,0
10.944,-12.233955383300781,-12.314674377441406,-12.389747619628906,-12.161321640014648,-12.257980346679688,-12.244389533996582,-12.212211608886719,-12.468154907226562,0
10.948,-12.554926872253418,-12.52020263671875,-12.603657722473145,-12.366238594055176,-12.49860668182373,-12.460813522338867,-12.43964958190918,-12.669863700866699,0
10.952,-12.215246200561523,-12.08851432800293,-12.169240951538086,-11.942248344421387,-12.161293029785156,-11.997419357299805,-12.041424751281738,-12.242902755737305,0
10.956,-12.890957832336426,-12.716519355773926,-12.84380054473877,-12.642443656921387,-12.908340454101562,-12.612981796264648,-12.693387031555176,-12.940200805664062,0
10.96,-14.369297981262207,-14.194921493530273,-14.412618637084961,-14.245381355285645,-14.4862060546875,-14.082113265991211,-14.151150703430176,-14.517041206359863,0
10.964,-13.179873466491699,-13.072148323059082,-13.290249824523926,-13.192317008972168,-13.39777660369873,-12.925747871398926,-12.913915634155273,-13.398419380187988,0
10.968,-13.678914070129395,-13.669039726257324,-13.738983154296875,-13.715672492980957,-13.916584968566895,-13.496322631835938,-13.323965072631836,-13.883726119995117,0
10.972,-13.219709396362305,-13.312370300292969,-13.147448539733887,-13.181472778320312,-13.395973205566406,-13.13123893737793,-12.803955078125,-13.345950126647949,0
10.976,-13.389419555664062,-13.58696460723877,-13.168034553527832,-13.263081550598145,-13.520788192749023,-13.394001960754395,-12.972323417663574,-13.40863037109375,0
10.98,-14.087850570678711,-14.377209663391113,-13.781644821166992,-13.936111450195312,-14.200965881347656,-14.152676582336426,-13.700602531433105,-14.030932426452637,0
10.984,-12.370953559875488,-12.724507331848145,-12.110433578491211,-12.319148063659668,-12.438507080078125,-12.489517211914062,-12.072027206420898,-12.341499328613281,0
10.988,-13.057047843933105,-13.451144218444824,-12.940803527832031,-13.227767944335938,-13.059077262878418,-13.25780200958252,-12.937909126281738,-13.136012077331543,0
10.992,-12.92127513885498,-13.36231517791748,-12.988146781921387,-13.377052307128906,-12.902348518371582,-13.220461845397949,-13.030377388000488,-13.110287666320801,0
10.996,-12.506192207336426,-12.982473373413086,-12.77104663848877,-13.191701889038086,-12.553617477416992,-12.905911445617676,-12.822647094726562,-12.789736747741699,0
11,-12.55809497833252,-13.032422065734863,-13.009641647338867,-13.319615364074707,-12.7459716796875,-13.023284912109375,-13.006495475769043,-12.917327880859375,0
11.004,-11.32124137878418,-11.773531913757324,-11.902769088745117,-12.029441833496094,-11.679644584655762,-11.808189392089844,-11.80279541015625,-11.72978687286377,0
11.008,-13.394987106323242,-13.802337646484375,-14.014516830444336,-14.018404960632324,-13.909449577331543,-13.885793685913086,-13.849719047546387,-13.849665641784668,0
11.012,-14.429705619812012,-14.769083976745605,-15.005094528198242,-15.02875804901123,-15.03925895690918,-14.87824535369873,-14.820162773132324,-14.937255859375,0
11.016,-13.919486999511719,-14.159879684448242,-14.377279281616211,-14.517965316772461,-14.499018669128418,-14.226458549499512,-14.180631637573242,-14.43323802947998,0
11.02,-12.895849227905273,-13.011858940124512,-13.130575180053711,-13.397329330444336,-13.312713623046875,-12.969207763671875,-12.957817077636719,-13.316088676452637,0
11.024,-10.196696281433105,-10.208216667175293,-10.148098945617676,-10.488723754882812,-10.434992790222168,-10.054580688476562,-10.041030883789062,-10.477513313293457,0
11.028,-11.066892623901367,-11.041531562805176,-10.815348625183105,-11.153196334838867,-11.248830795288086,-10.852912902832031,-10.771697998046875,-11.265068054199219,0
11.032,-11.922409057617188,-11.963369369506836,-11.619343757629395,-11.944836616516113,-12.165746688842773,-11.760627746582031,-11.620597839355469,-12.133435249328613,0
11.036,-12.496496200561523,-12.625137329101562,-12.239359855651855,-12.558135986328125,-12.771415710449219,-12.390955924987793,-12.288070678710938,-12.768049240112305,0
11.04,-13.570874214172363,-13.712895393371582,-13.456586837768555,-13.67341423034668,-13.823982238769531,-13.521123886108398,-13.522438049316406,-13.928570747375488,0
11.044,-12.393592834472656,-12.517336845397949,-12.534579277038574,-12.553960800170898,-12.660881042480469,-12.432594299316406,-12.541128158569336,-12.839279174804688,0
11.048,-13.086102485656738,-13.185002326965332,-13.43658447265625,-13.301884651184082,-13.362141609191895,-13.192629814147949,-13.381382942199707,-13.529070854187012,0
11.052,-12.847763061523438,-12.914924621582031,-13.260195732116699,-13.080085754394531,-13.096096992492676,-13.001256942749023,-13.202703475952148,-13.239355087280273,0
11.056,-12.46839714050293,-12.56602954864502,-12.860918998718262,-12.676727294921875,-12.707194328308105,-12.683218002319336,-12.799894332885742,-12.825146675109863,0
11.06,-13.834638595581055,-14.028755187988281,-14.169856071472168,-13.966578483581543,-14.081408500671387,-14.097639083862305,-14.055219650268555,-14.10608959197998,0
11.064,-13.625576972961426,-13.908892631530762,-13.916979789733887,-13.668734550476074,-13.879307746887207,-13.904426574707031,-13.722969055175781,-13.800626754760742,0
11.068,-14.273228645324707,-14.603446960449219,-14.579897880554199,-14.293971061706543,-14.5367431640625,-14.536458015441895,-14.297924995422363,-14.416155815124512,0
11.072,-12.96961498260498,-13.26722240447998,-13.278264045715332,-13.019001960754395,-13.19963550567627,-13.15826416015625,-12.903327941894531,-13.069143295288086,0
11.076,-11.272382736206055,-11.472137451171875,-11.518994331359863,-11.315391540527344,-11.391293525695801,-11.328557014465332,-11.079526901245117,-11.292561531066895,0
11.08,-12.106697082519531,-12.213847160339355,-12.280804634094238,-12.132992744445801,-12.087669372558594,-12.012881278991699,-11.856893539428711,-12.095441818237305,0
11.084,-12.525820732116699,-12.578417778015137,-12.639984130859375,-12.604802131652832,-12.40790843963623,-12.289851188659668,-12.325282096862793,-12.521041870117188,0
11.088,-14.215171813964844,-14.283529281616211,-14.308050155639648,-14.39515495300293,-14.076123237609863,-13.889430046081543,-14.097625732421875,-14.214370727539062,0
11.092,-13.221542358398438,-13.380711555480957,-13.339299201965332,-13.457855224609375,-13.125582695007324,-12.919064521789551,-13.144674301147461,-13.243757247924805,0
11.096,-10.743588447570801,-10.998626708984375,-10.847598075866699,-10.949203491210938,-10.69123363494873,-10.578112602233887,-10.657963752746582,-10.783282279968262,0
11.1,-11.46625804901123,-11.745295524597168,-11.482833862304688,-11.6146240234375,-11.43543529510498,-11.479757308959961,-11.373106002807617,-11.474352836608887,0
11.104,-12.990862846374512,-13.228854179382324,-12.936863899230957,-13.106544494628906,-13.00446605682373,-13.135066032409668,-12.911361694335938,-12.97069263458252,0
11.108,-15.435770988464355,-15.610624313354492,-15.391209602355957,-15.550854682922363,-15.509513854980469,-15.595705986022949,-15.381503105163574,-15.447665214538574,0
11.112,-14.251197814941406,-14.359655380249023,-14.242161750793457,-14.402206420898438,-14.336087226867676,-14.343014717102051,-14.220768928527832,-14.298853874206543,0
11.116,-11.133382797241211,-11.171198844909668,-11.168693542480469,-11.293661117553711,-11.191164970397949,-11.158473014831543,-11.115153312683105,-11.173008918762207,0
11.12,-11.587260246276855,-11.578453063964844,-11.714259147644043,-11.706929206848145,-11.647542953491211,-11.598394393920898,-11.629486083984375,-11.615537643432617,0
11.124,-12.994099617004395,-12.979696273803711,-13.215171813964844,-13.07710075378418,-13.11308765411377,-13.065823554992676,-13.175602912902832,-13.021777153015137,0
11.128,-15.080836296081543,-15.032766342163086,-15.32734203338623,-15.123153686523438,-15.258148193359375,-15.241788864135742,-15.387469291687012,-15.115461349487305,0
11.132,-13.845479965209961,-13.755396842956543,-14.100316047668457,-13.872395515441895,-14.05498218536377,-14.087016105651855,-14.20634937286377,-13.922882080078125,0
11.136,-10.499506950378418,-10.413432121276855,-10.810506820678711,-10.599896430969238,-10.769811630249023,-10.808688163757324,-10.869308471679688,-10.627741813659668,0
11.14,-10.034586906433105,-9.9550447463989258,-10.374242782592773,-10.24756908416748,-10.331807136535645,-10.377706527709961,-10.367312431335449,-10.181553840637207,0
11.144,-10.457708358764648,-10.38604736328125,-10.691515922546387,-10.679051399230957,-10.627485275268555,-10.763524055480957,-10.667788505554199,-10.579261779785156,0
11.148,-12.407534599304199,-12.366561889648438,-12.433210372924805,-12.472166061401367,-12.400591850280762,-12.596464157104492,-12.425697326660156,-12.454022407531738,0
11.152,-12.162081718444824,-12.140403747558594,-12.040942192077637,-12.034269332885742,-12.127166748046875,-12.209225654602051,-12.002507209777832,-12.126927375793457,0
11.156,-10.133298873901367,-10.080945014953613,-9.9941072463989258,-9.9248476028442383,-10.207664489746094,-10.063641548156738,-9.8908214569091797,-10.049563407897949,0
11.16,-10.765768051147461,-10.633183479309082,-10.648384094238281,-10.577067375183105,-10.943570137023926,-10.594940185546875,-10.53132152557373,-10.653715133666992,0
11.164,-11.586819648742676,-11.364339828491211,-11.492210388183594,-11.43415355682373,-11.797610282897949,-11.336825370788574,-11.387677192687988,-11.472750663757324,0
11.168,-13.203084945678711,-12.93695068359375,-13.126907348632812,-13.043975830078125,-13.351753234863281,-12.945727348327637,-13.050137519836426,-13.122503280639648,0
11.172,-12.655904769897461,-12.426859855651855,-12.576291084289551,-12.417905807495117,-12.651303291320801,-12.426167488098145,-12.537015914916992,-12.581646919250488,0
11.176,-10.415507316589355,-10.273625373840332,-10.341443061828613,-10.113592147827148,-10.259384155273438,-10.207127571105957,-10.311491012573242,-10.311038017272949,0
11.18,-10.843290328979492,-10.756858825683594,-10.738059997558594,-10.600896835327148,-10.574139595031738,-10.671412467956543,-10.762965202331543,-10.721539497375488,0
11.184,-11.382046699523926,-11.240925788879395,-11.164657592773438,-11.245443344116211,-11.003332138061523,-11.225468635559082,-11.27015495300293,-11.228894233703613,0
11.188,-12.857058525085449,-12.585378646850586,-12.540493965148926,-12.762466430664062,-12.398183822631836,-12.694578170776367,-12.619941711425781,-12.645078659057617,0
11.192,-12.693295478820801,-12.350980758666992,-12.344265937805176,-12.567248344421387,-12.196111679077148,-12.547086715698242,-12.316490173339844,-12.413335800170898,0
11.196,-10.697705268859863,-10.381101608276367,-10.345809936523438,-10.466217041015625,-10.18487548828125,-10.561233520507812,-10.206637382507324,-10.359365463256836,0
11.2,-10.972636222839355,-10.71876049041748,-10.619766235351562,-10.597765922546387,-10.473078727722168,-10.841494560241699,-10.374059677124023,-10.619819641113281,0
11.204,-11.170878410339355,-11.008049011230469,-10.851081848144531,-10.743553161621094,-10.75670337677002,-11.090235710144043,-10.509119987487793,-10.859540939331055,0
11.208,-12.179786682128906,-12.112393379211426,-11.960726737976074,-11.841458320617676,-11.920025825500488,-12.185254096984863,-11.557235717773438,-11.974782943725586,0
11.212,-11.457547187805176,-11.431503295898438,-11.36023998260498,-11.253646850585938,-11.314639091491699,-11.540019035339355,-10.951757431030273,-11.393147468566895,0
11.216,-8.5531520843505859,-8.529510498046875,-8.5461025238037109,-8.4428300857543945,-8.449894905090332,-8.7084321975708008,-8.1886425018310547,-8.616093635559082,0
11.22,-8.2661361694335938,-8.2511978149414062,-8.2969160079956055,-8.1781034469604492,-8.1528072357177734,-8.4696273803710938,-8.0305051803588867,-8.3978471755981445,0
11.224,-8.8119001388549805,-8.8204174041748047,-8.8401212692260742,-8.7011613845825195,-8.6239824295043945,-8.9607820510864258,-8.6712188720703125,-8.8866348266601562,0
11.228,-10.733828544616699,-10.748311996459961,-10.754081726074219,-10.607464790344238,-10.409429550170898,-10.751643180847168,-10.699976921081543,-10.656522750854492,0
11.232,-11.192756652832031,-11.130915641784668,-11.163434982299805,-11.07246208190918,-10.697530746459961,-11.08900260925293,-11.276037216186523,-10.964057922363281,0
11.236,-9.2142333984375,-8.9933595657348633,-9.0258407592773438,-9.1053295135498047,-8.5700817108154297,-9.0416135787963867,-9.326939582824707,-8.8920869827270508,0
11.24,-9.5238113403320312,-9.1535797119140625,-9.0936870574951172,-9.4067001342773438,-8.8232545852661133,-9.3464508056640625,-9.5451231002807617,-9.169154167175293,0
11.244,-10.247288703918457,-9.7817745208740234,-9.6012172698974609,-10.101992607116699,-9.5815305709838867,-10.102727890014648,-10.128362655639648,-9.8808622360229492,0
11.248,-11.774620056152344,-11.285794258117676,-11.04145622253418,-11.656323432922363,-11.200736999511719,-11.733197212219238,-11.570953369140625,-11.419461250305176,0
11.252,-11.59241771697998,-11.172698974609375,-10.925251960754395,-11.588986396789551,-11.119413375854492,-11.725540161132812,-11.382360458374023,-11.270658493041992,0
11.256,-8.8691310882568359,-8.5300273895263672,-8.3266506195068359,-8.9542465209960938,-8.4491243362426758,-9.1047344207763672,-8.6810894012451172,-8.5371980667114258,0
11.26,-8.7055339813232422,-8.4014949798583984,-8.2761869430541992,-8.7911300659179688,-8.3186826705932617,-8.9151382446289062,-8.5693187713623047,-8.2965450286865234,0
11.264,-9.4703874588012695,-9.197199821472168,-9.15936279296875,-9.5092363357543945,-9.1386337280273438,-9.6012678146362305,-9.400904655456543,-8.995880126953125,0
11.268,-11.705676078796387,-11.454930305480957,-11.494898796081543,-11.64445972442627,-11.419836044311523,-11.757743835449219,-11.67273998260498,-11.228042602539062,0
11.272,-12.720016479492188,-12.433418273925781,-12.538784980773926,-12.490623474121094,-12.459811210632324,-12.712682723999023,-12.683283805847168,-12.281054496765137,0
11.276,-10.538793563842773,-10.157893180847168,-10.335515975952148,-10.138117790222168,-10.299052238464355,-10.492835998535156,-10.436793327331543,-10.176562309265137,0
11.28,-9.9883956909179688,-9.5123491287231445,-9.7995481491088867,-9.4973297119140625,-9.7386198043823242,-9.8980922698974609,-9.7901058197021484,-9.6805696487426758,0
11.284,-9.9088344573974609,-9.4252147674560547,-9.7728166580200195,-9.4138469696044922,-9.6128129959106445,-9.7821760177612305,-9.6684322357177734,-9.5885906219482422,0
11.288,-11.439082145690918,-11.089581489562988,-11.312650680541992,-11.018089294433594,-11.125531196594238,-11.333372116088867,-11.233920097351074,-11.146263122558594,0
11.292,-12.450320243835449,-12.303532600402832,-12.30146598815918,-12.200863838195801,-12.209602355957031,-12.386833190917969,-12.304197311401367,-12.274609565734863,0
11.296,-10.532684326171875,-10.53643798828125,-10.417355537414551,-10.511172294616699,-10.420575141906738,-10.496383666992188,-10.424505233764648,-10.488797187805176,0
11.3,-10.291952133178711,-10.380422592163086,-10.274862289428711,-10.469030380249023,-10.287923812866211,-10.305949211120605,-10.241270065307617,-10.34465503692627,0
11.304,-10.517768859863281,-10.625509262084961,-10.54816722869873,-10.786176681518555,-10.553388595581055,-10.597346305847168,-10.57677173614502,-10.607101440429688,0
11.308,-12.272024154663086,-12.316320419311523,-12.229397773742676,-12.495162963867188,-12.27232837677002,-12.382525444030762,-12.418545722961426,-12.309613227844238,0
11.312,-13.671534538269043,-13.66767692565918,-13.536343574523926,-13.797966003417969,-13.63618278503418,-13.786328315734863,-13.847882270812988,-13.593986511230469,0
11.316,-11.939196586608887,-11.962079048156738,-11.793432235717773,-12.030113220214844,-11.913813591003418,-12.066319465637207,-12.160855293273926,-11.777812004089355,0
11.32,-11.583303451538086,-11.620984077453613,-11.508567810058594,-11.701693534851074,-11.591499328613281,-11.731817245483398,-11.86756420135498,-11.429861068725586,0
11.324,-11.516215324401855,-11.508613586425781,-11.560844421386719,-11.697975158691406,-11.544921875,-11.70641040802002,-11.831883430480957,-11.430084228515625,0
11.328,-13.023740768432617,-12.911857604980469,-13.120875358581543,-13.245824813842773,-12.98834228515625,-13.242895126342773,-13.3172607421875,-12.964109420776367,0
11.332,-14.726344108581543,-14.45374584197998,-14.722575187683105,-14.86474609375,-14.53941822052002,-14.864082336425781,-14.917640686035156,-14.576309204101562,0
11.336,-11.98213005065918,-11.565887451171875,-11.822087287902832,-11.981481552124023,-11.611457824707031,-11.949234008789062,-12.0181884765625,-11.720914840698242,0
11.34,-4.2427473068237305,-3.8131499290466309,-4.0209794044494629,-4.177577018737793,-3.7130978107452393,-4.1123528480529785,-4.1453008651733398,-3.9947211742401123,0
11.344,8.93353271484375,9.2351608276367188,9.0740184783935547,8.9935102462768555,9.4901657104492188,9.0296688079833984,9.0524730682373047,9.0364503860473633,0
11.348,14.809934616088867,14.916425704956055,14.809374809265137,14.83745288848877,15.228228569030762,14.82880687713623,14.82933521270752,14.70330810546875,0
11.352,7.9321732521057129,7.8424210548400879,7.840362548828125,7.935488224029541,8.168828010559082,7.8887128829956055,7.8384323120117188,7.6500244140625,0
11.356,-2.5065529346466064,-2.7254843711853027,-2.6077556610107422,-2.5020415782928467,-2.3902091979980469,-2.5967648029327393,-2.6569831371307373,-2.8654842376708984,0
11.36,-10.187177658081055,-10.444539070129395,-10.231224060058594,-10.154655456542969,-10.113637924194336,-10.286328315734863,-10.332440376281738,-10.518404960632324,0
11.364,-8.226806640625,-8.4436779022216797,-8.1812314987182617,-8.1457977294921875,-8.1455841064453125,-8.2865734100341797,-8.2954740524291992,-8.4561977386474609,0
11.368,-3.9108898639678955,-4.0216803550720215,-3.7844123840332031,-3.7825920581817627,-3.8137545585632324,-3.9007613658905029,-3.840125560760498,-4.0226149559020996,0
11.372,-5.0525422096252441,-5.0201849937438965,-4.853482723236084,-4.871060848236084,-4.9141645431518555,-4.9488120079040527,-4.8654775619506836,-5.0326719284057617,0
11.376,-9.0959062576293945,-8.9334230422973633,-8.8516006469726562,-8.8831863403320312,-8.9165468215942383,-8.9522504806518555,-8.9197874069213867,-8.987945556640625,0
11.38,-13.71247386932373,-13.514409065246582,-13.503782272338867,-13.552419662475586,-13.579127311706543,-13.630427360534668,-13.65418815612793,-13.649508476257324,0
11.384,-11.414822578430176,-11.28510570526123,-11.313720703125,-11.341527938842773,-11.363279342651367,-11.395014762878418,-11.473127365112305,-11.448095321655273,0
11.388,-7.2195053100585938,-7.175870418548584,-7.2702140808105469,-7.1631803512573242,-7.2060599327087402,-7.2255043983459473,-7.3690896034240723,-7.2932281494140625,0
11.392,-7.5470609664916992,-7.5451836585998535,-7.7427496910095215,-7.4584946632385254,-7.5455541610717773,-7.5835280418395996,-7.7657952308654785,-7.584047794342041,0
11.396,-9.2116317749023438,-9.229334831237793,-9.4566755294799805,-9.0840864181518555,-9.2287187576293945,-9.2660799026489258,-9.417027473449707,-9.1766176223754883,0
11.4,-11.558377265930176,-11.610816955566406,-11.765464782714844,-11.395042419433594,-11.605130195617676,-11.614212036132812,-11.683369636535645,-11.495244026184082,0
11.404,-9.5755281448364258,-9.64764404296875,-9.7097959518432617,-9.4289836883544922,-9.6181411743164062,-9.5823345184326172,-9.6062040328979492,-9.5165252685546875,0
11.408,-7.9492826461791992,-8.0182981491088867,-7.9934349060058594,-7.8384513854980469,-7.8979668617248535,-7.8410515785217285,-7.8633522987365723,-7.8856277465820312,0
11.412,-9.873438835144043,-9.9406967163085938,-9.8448028564453125,-9.7618227005004883,-9.6482725143432617,-9.6978969573974609,-9.658294677734375,-9.7953567504882812,0
11.416,-10.11363697052002,-10.17414665222168,-10.036295890808105,-9.9770870208740234,-9.7444581985473633,-9.9960613250732422,-9.8243179321289062,-10.001873970031738,0
11.42,-11.060895919799805,-11.128883361816406,-10.94422721862793,-10.915664672851562,-10.657055854797363,-11.114428520202637,-10.828137397766113,-10.931605339050293,0
11.424,-10.836446762084961,-10.959281921386719,-10.733396530151367,-10.750091552734375,-10.503657341003418,-11.134405136108398,-10.770528793334961,-10.757176399230957,0
11.428,-11.688122749328613,-11.874056816101074,-11.651435852050781,-11.722000122070312,-11.472491264343262,-12.194668769836426,-11.770376205444336,-11.702168464660645,0
11.432,-12.796834945678711,-12.977165222167969,-12.802862167358398,-12.92718505859375,-12.653913497924805,-13.335577011108398,-12.928083419799805,-12.843693733215332,0
11.436,-9.5318498611450195,-9.6724729537963867,-9.5723848342895508,-9.675013542175293,-9.4313478469848633,-9.9261903762817383,-9.6826276779174805,-9.5126876831054688,0
11.44,-8.8857345581054688,-9.0178422927856445,-9.0034284591674805,-8.9984941482543945,-8.8600139617919922,-9.0772686004638672,-9.083648681640625,-8.7772951126098633,0
11.444,-10.532977104187012,-10.685249328613281,-10.722399711608887,-10.635299682617188,-10.62517261505127,-10.574462890625,-10.780032157897949,-10.387850761413574,0
11.448,-13.589254379272461,-13.773031234741211,-13.782241821289062,-13.700088500976562,-13.793914794921875,-13.595388412475586,-13.87568187713623,-13.474905014038086,0
11.452,-15.016159057617188,-15.222630500793457,-15.179957389831543,-15.099920272827148,-15.265505790710449,-15.061988830566406,-15.315841674804688,-14.942955017089844,0
11.456,-11.100090026855469,-11.324905395507812,-11.256965637207031,-11.123184204101562,-11.359115600585938,-11.215298652648926,-11.390953063964844,-11.071739196777344,0
11.46,-10.683613777160645,-10.911746025085449,-10.821830749511719,-10.644099235534668,-10.950182914733887,-10.86931324005127,-10.955264091491699,-10.722735404968262,0
11.464,-12.901127815246582,-13.072309494018555,-12.995129585266113,-12.803288459777832,-13.166038513183594,-13.110133171081543,-13.138516426086426,-12.991270065307617,0
11.468,-15.092748641967773,-15.169952392578125,-15.165000915527344,-15.016194343566895,-15.382769584655762,-15.281774520874023,-15.272542953491211,-15.216819763183594,0
11.472,-14.631612777709961,-14.651629447937012,-14.671857833862305,-14.658223152160645,-14.93260669708252,-14.739581108093262,-14.69953727722168,-14.734746932983398,0
11.476,-9.4155473709106445,-9.445012092590332,-9.3908185958862305,-9.5198802947998047,-9.6694231033325195,-9.398406982421875,-9.3710155487060547,-9.4057540893554688,0
11.48,-9.30780029296875,-9.3588008880615234,-9.2359342575073242,-9.416804313659668,-9.4853191375732422,-9.1833114624023438,-9.1941890716552734,-9.1556377410888672,0
11.484,-12.538818359375,-12.550451278686523,-12.442787170410156,-12.571658134460449,-12.597058296203613,-12.32941722869873,-12.342903137207031,-12.25483226776123,0
11.488,-14.908308029174805,-14.852778434753418,-14.80821704864502,-14.828605651855469,-14.834040641784668,-14.703518867492676,-14.669291496276855,-14.544787406921387,0
11.492,-13.950015068054199,-13.877950668334961,-13.897381782531738,-13.810589790344238,-13.830388069152832,-13.920730590820312,-13.82282829284668,-13.646896362304688,0
11.496,-8.2777509689331055,-8.2753114700317383,-8.3418788909912109,-8.1811246871948242,-8.2148494720458984,-8.5239229202270508,-8.3773221969604492,-8.1470155715942383,0
11.5,-8.3406658172607422,-8.5046539306640625,-8.5441055297851562,-8.3972749710083008,-8.3419952392578125,-8.8387298583984375,-8.6646709442138672,-8.3739519119262695,0
11.504,-12.497622489929199,-12.886236190795898,-12.805952072143555,-12.766111373901367,-12.577517509460449,-13.155957221984863,-12.98115348815918,-12.66065788269043,0
11.508,-16.230554580688477,-16.794015884399414,-16.620721817016602,-16.683237075805664,-16.454141616821289,-16.912836074829102,-16.745092391967773,-16.502071380615234,0
11.512,-16.409048080444336,-17.007305145263672,-16.893478393554688,-16.952987670898438,-16.773260116577148,-16.978204727172852,-16.803070068359375,-16.746990203857422,0
11.516,-10.68049430847168,-11.180659294128418,-11.240386962890625,-11.200798034667969,-11.123700141906738,-11.115903854370117,-10.923571586608887,-11.026852607727051,0
11.52,-10.17645263671875,-10.461148262023926,-10.676608085632324,-10.534154891967773,-10.545463562011719,-10.496907234191895,-10.276290893554688,-10.42322826385498,0
11.524,-14.203283309936523,-14.209155082702637,-14.486053466796875,-14.287264823913574,-14.335050582885742,-14.3389892578125,-14.120549201965332,-14.238558769226074,0
11.528,-17.936229705810547,-17.753046035766602,-18.008733749389648,-17.806819915771484,-17.880990982055664,-17.892160415649414,-17.766763687133789,-17.781158447265625,0
11.532,-18.064346313476562,-17.82928466796875,-18.016036987304688,-17.863506317138672,-17.951211929321289,-17.928564071655273,-17.949350357055664,-17.831829071044922,0
11.536,-11.87066650390625,-11.65545654296875,-11.774482727050781,-11.671833992004395,-11.761492729187012,-11.694613456726074,-11.819143295288086,-11.659817695617676,0
11.54,-10.283712387084961,-10.137072563171387,-10.234049797058105,-10.11711597442627,-10.222590446472168,-10.139187812805176,-10.27998161315918,-10.125683784484863,0
11.544,-12.975942611694336,-12.923861503601074,-12.995205879211426,-12.81341552734375,-12.932185173034668,-12.912010192871094,-12.996557235717773,-12.796873092651367,0
11.548,-16.031810760498047,-16.064168930053711,-16.049392700195312,-15.798528671264648,-15.940564155578613,-16.009454727172852,-16.003616333007812,-15.764747619628906,0
11.552,-17.015554428100586,-17.094112396240234,-16.972772598266602,-16.711929321289062,-16.909128189086914,-16.972869873046875,-16.904561996459961,-16.669000625610352,0
11.556,-12.419415473937988,-12.466468811035156,-12.323010444641113,-12.116401672363281,-12.386497497558594,-12.338895797729492,-12.249590873718262,-12.03937816619873,0
11.56,-11.854733467102051,-11.770831108093262,-11.729174613952637,-11.581454277038574,-11.929611206054688,-11.743728637695312,-11.629302978515625,-11.506709098815918,0
11.564,-14.413058280944824,-14.143928527832031,-14.266505241394043,-14.150487899780273,-14.592120170593262,-14.273155212402344,-14.13739013671875,-14.125679016113281,0
11.568,-16.558517456054688,-16.155971527099609,-16.445867538452148,-16.333553314208984,-16.842260360717773,-16.430862426757812,-16.312814712524414,-16.339929580688477,0
11.572,-16.710016250610352,-16.279348373413086,-16.699350357055664,-16.582408905029297,-17.052526473999023,-16.630752563476562,-16.591527938842773,-16.558300018310547,0
11.576,-11.379193305969238,-11.023623466491699,-11.46339225769043,-11.344172477722168,-11.714724540710449,-11.324978828430176,-11.404141426086426,-11.243268013000488,0
11.58,-10.483993530273438,-10.286618232727051,-10.612185478210449,-10.497711181640625,-10.759468078613281,-10.416666984558105,-10.596919059753418,-10.32555103302002,0
11.584,-13.274477958679199,-13.182098388671875,-13.421150207519531,-13.281270027160645,-13.447805404663086,-13.173235893249512,-13.383761405944824,-13.111259460449219,0
11.588,-15.412895202636719,-15.293479919433594,-15.57740592956543,-15.381434440612793,-15.54826831817627,-15.305852890014648,-15.433280944824219,-15.287257194519043,0
11.592,-15.223350524902344,-15.024456977844238,-15.38556957244873,-15.16767692565918,-15.398361206054688,-15.137967109680176,-15.148341178894043,-15.153742790222168,0
11.596,-9.7898006439208984,-9.5015773773193359,-9.9176998138427734,-9.7073192596435547,-9.9857378005981445,-9.7119979858398438,-9.6848039627075195,-9.7687759399414062,0
11.6,-9.3947429656982422,-9.0863008499145508,-9.4885454177856445,-9.2967987060546875,-9.637150764465332,-9.3449430465698242,-9.3300352096557617,-9.4174346923828125,0
11.604,-12.606849670410156,-12.409487724304199,-12.65208911895752,-12.511141777038574,-12.95026683807373,-12.625683784484863,-12.627942085266113,-12.663711547851562,0
11.608,-14.665107727050781,-14.57636833190918,-14.614652633666992,-14.555732727050781,-15.068760871887207,-14.745489120483398,-14.800519943237305,-14.729311943054199,0
11.612,-14.743749618530273,-14.688337326049805,-14.627955436706543,-14.638578414916992,-15.166323661804199,-14.844366073608398,-15.000791549682617,-14.796956062316895,0
11.616,-9.9641618728637695,-9.9464750289916992,-9.8892803192138672,-9.9307613372802734,-10.425776481628418,-10.044364929199219,-10.308782577514648,-10.037966728210449,0
11.62,-10.037443161010742,-10.047134399414062,-10.046445846557617,-10.08973217010498,-10.510183334350586,-10.04381275177002,-10.370931625366211,-10.138534545898438,0
11.624,-13.231877326965332,-13.190589904785156,-13.315101623535156,-13.307180404663086,-13.653617858886719,-13.130210876464844,-13.439661979675293,-13.282572746276855,0
11.628,-15.002484321594238,-14.900808334350586,-15.186375617980957,-15.065922737121582,-15.359214782714844,-14.866564750671387,-15.07386302947998,-14.946403503417969,0
11.632,-15.221176147460938,-15.133511543273926,-15.512682914733887,-15.260848999023438,-15.534693717956543,-15.168220520019531,-15.238073348999023,-15.05181884765625,0
11.636,-10.728408813476562,-10.671015739440918,-11.083135604858398,-10.718951225280762,-11.031721115112305,-10.804440498352051,-10.760958671569824,-10.476821899414062,0
11.64,-10.580986022949219,-10.559455871582031,-10.966108322143555,-10.550291061401367,-10.87994384765625,-10.764554023742676,-10.689657211303711,-10.360967636108398,0
11.644,-13.070165634155273,-13.128150939941406,-13.458134651184082,-13.103047370910645,-13.344192504882812,-13.33124828338623,-13.279866218566895,-12.97968578338623,0
11.648,-14.359725952148438,-14.480918884277344,-14.725008964538574,-14.528448104858398,-14.627795219421387,-14.687832832336426,-14.63433837890625,-14.410876274108887,0
11.652,-15.055585861206055,-15.190526008605957,-15.405637741088867,-15.356051445007324,-15.328794479370117,-15.414695739746094,-15.368247985839844,-15.21825122833252,0
11.656,-11.374191284179688,-11.471000671386719,-11.691915512084961,-11.711337089538574,-11.601481437683105,-11.66009521484375,-11.658534049987793,-11.557642936706543,0
11.66,-11.457621574401855,-11.474599838256836,-11.714144706726074,-11.731593132019043,-11.611722946166992,-11.564069747924805,-11.622556686401367,-11.570591926574707,0
11.664,-13.438435554504395,-13.392059326171875,-13.643684387207031,-13.619482040405273,-13.565661430358887,-13.391721725463867,-13.494512557983398,-13.487004280090332,0
11.668,-14.105361938476562,-14.040922164916992,-14.232519149780273,-14.23711109161377,-14.235903739929199,-14.026357650756836,-14.135641098022461,-14.11530590057373,0
11.672,-14.834210395812988,-14.782092094421387,-14.827639579772949,-14.995246887207031,-14.933128356933594,-14.769831657409668,-14.898633003234863,-14.782511711120605,0
11.676,-11.47735595703125,-11.425854682922363,-11.361656188964844,-11.705935478210449,-11.54298210144043,-11.431393623352051,-11.565394401550293,-11.348379135131836,0
11.68,-11.871452331542969,-11.786130905151367,-11.76531982421875,-12.158353805541992,-11.972265243530273,-11.879585266113281,-11.966647148132324,-11.716276168823242,0
11.684,-14.028890609741211,-13.937309265136719,-14.075462341308594,-14.374247550964355,-14.248001098632812,-14.097640991210938,-14.180623054504395,-13.956830978393555,0
11.688,-14.592872619628906,-14.545903205871582,-14.843267440795898,-14.985018730163574,-14.966863632202148,-14.683451652526855,-14.832980155944824,-14.687731742858887,0
11.692,-15.313146591186523,-15.273104667663574,-15.670573234558105,-15.688941955566406,-15.805850028991699,-15.372776985168457,-15.567008972167969,-15.57317066192627,0
11.696,-11.610171318054199,-11.521970748901367,-11.919837951660156,-11.917536735534668,-12.13184642791748,-11.589126586914062,-11.794942855834961,-11.960446357727051,0
11.7,-10.937975883483887,-10.829205513000488,-11.110127449035645,-11.197675704956055,-11.407712936401367,-10.790141105651855,-11.078356742858887,-11.295321464538574,0
11.704,-11.896347045898438,-11.838247299194336,-11.957952499389648,-12.147366523742676,-12.293930053710938,-11.622210502624512,-12.06470775604248,-12.20685863494873,0
11.708,-11.871081352233887,-11.876592636108398,-11.904045104980469,-12.088827133178711,-12.179598808288574,-11.541776657104492,-12.065261840820312,-12.091160774230957,0
11.712,-12.99671745300293,-12.993240356445312,-13.044161796569824,-13.106956481933594,-13.167236328125,-12.648852348327637,-13.127911567687988,-13.109603881835938,0
11.716,-10.296972274780273,-10.210675239562988,-10.352404594421387,-10.274490356445312,-10.306190490722656,-9.9199657440185547,-10.27166748046875,-10.338068962097168,0
11.72,-10.94920825958252,-10.750663757324219,-10.998812675476074,-10.84345817565918,-10.851919174194336,-10.571495056152344,-10.724408149719238,-10.982427597045898,0
11.724,-13.08002758026123,-12.818334579467773,-13.111813545227051,-12.968564987182617,-12.993830680847168,-12.760882377624512,-12.732131958007812,-13.166951179504395,0
11.728,-13.488798141479492,-13.286285400390625,-13.509640693664551,-13.466314315795898,-13.506434440612793,-13.27173900604248,-13.196368217468262,-13.67274284362793,0
11.732,-14.65576171875,-14.565371513366699,-14.703434944152832,-14.794981002807617,-14.769955635070801,-14.535713195800781,-14.515948295593262,-14.914187431335449,0
11.736,-11.760073661804199,-11.737920761108398,-11.853492736816406,-12.042984008789062,-11.903593063354492,-11.703709602355957,-11.715962409973145,-12.00098705291748,0
11.74,-12.069122314453125,-12.055280685424805,-12.192388534545898,-12.428688049316406,-12.202366828918457,-12.067678451538086,-12.026890754699707,-12.21123218536377,0
11.744,-13.982246398925781,-13.928645133972168,-14.12205982208252,-14.363360404968262,-14.105402946472168,-14.030856132507324,-13.900753974914551,-14.013891220092773,0
11.748,-14.334228515625,-14.265043258666992,-14.49616527557373,-14.680203437805176,-14.438565254211426,-14.412333488464355,-14.234113693237305,-14.342535018920898,0
11.752,-15.614527702331543,-15.607818603515625,-15.800930976867676,-15.898617744445801,-15.660100936889648,-15.665510177612305,-15.482144355773926,-15.69456958770752,0
11.756,-12.397097587585449,-12.508329391479492,-12.609692573547363,-12.65143871307373,-12.386480331420898,-12.346438407897949,-12.21961784362793,-12.570457458496094,0
11.76,-11.752830505371094,-11.996533393859863,-11.978216171264648,-12.021383285522461,-11.716273307800293,-11.590560913085938,-11.626401901245117,-12.00384521484375,0
11.764,-12.610633850097656,-12.910444259643555,-12.794187545776367,-12.86726188659668,-12.511604309082031,-12.36468505859375,-12.584907531738281,-12.84712028503418,0
11.768,-12.198849678039551,-12.441670417785645,-12.319178581237793,-12.364794731140137,-12.034431457519531,-11.921183586120605,-12.216458320617676,-12.336117744445801,0
11.772,-13.234725952148438,-13.415937423706055,-13.33195972442627,-13.31403923034668,-13.099447250366211,-13.043333053588867,-13.268948554992676,-13.343594551086426,0
11.776,-9.957977294921875,-10.124341011047363,-10.042409896850586,-10.034245491027832,-9.9193525314331055,-9.92962646484375,-10.020673751831055,-10.153915405273438,0
11.78,-9.4829607009887695,-9.6231460571289062,-9.4946317672729492,-9.6043930053710938,-9.5051193237304688,-9.5294599533081055,-9.5440120697021484,-9.7724819183349609,0
11.784,-10.728573799133301,-10.80803394317627,-10.622380256652832,-10.906903266906738,-10.736750602722168,-10.725651741027832,-10.763707160949707,-11.048187255859375,0
11.788,-10.386770248413086,-10.388410568237305,-10.196067810058594,-10.601219177246094,-10.376502990722656,-10.30433177947998,-10.454460144042969,-10.706486701965332,0
11.792,-11.385534286499023,-11.308479309082031,-11.183627128601074,-11.572113037109375,-11.398175239562988,-11.210034370422363,-11.540245056152344,-11.668660163879395,0
11.796,-8.3297119140625,-8.201268196105957,-8.1477327346801758,-8.4557399749755859,-8.4000368118286133,-8.0676498413085938,-8.5447664260864258,-8.5183391571044922,0
11.8,-8.4515666961669922,-8.3126859664916992,-8.2949552536010742,-8.5639448165893555,-8.6074600219726562,-8.1812648773193359,-8.6633682250976562,-8.5572919845581055,0
11.804,-10.315832138061523,-10.161346435546875,-10.218450546264648,-10.442814826965332,-10.484768867492676,-10.108014106750488,-10.442349433898926,-10.359745979309082,0
11.808,-10.205273628234863,-10.034085273742676,-10.153678894042969,-10.297139167785645,-10.235084533691406,-10.031463623046875,-10.1875,-10.173459053039551,0
11.812,-11.410223007202148,-11.321065902709961,-11.364372253417969,-11.450030326843262,-11.255941390991211,-11.239201545715332,-11.297261238098145,-11.328892707824707,0
11.816,-8.611851692199707,-8.6951017379760742,-8.570404052734375,-8.6065120697021484,-8.3993806838989258,-8.5168361663818359,-8.5214643478393555,-8.5460662841796875,0
11.82,-9.0678863525390625,-9.252589225769043,-8.9774856567382812,-8.983891487121582,-8.911250114440918,-9.048192024230957,-9.0218095779418945,-9.0163021087646484,0
11.824,-11.350567817687988,-11.530787467956543,-11.177536010742188,-11.218920707702637,-11.234588623046875,-11.269866943359375,-11.263142585754395,-11.240913391113281,0
11.828,-11.466717720031738,-11.631344795227051,-11.298123359680176,-11.359066963195801,-11.356701850891113,-11.235593795776367,-11.28363037109375,-11.265790939331055,0
11.832,-12.847999572753906,-13.023794174194336,-12.754458427429199,-12.797246932983398,-12.724225997924805,-12.50054931640625,-12.585533142089844,-12.583412170410156,0
11.836,-9.8987102508544922,-10.134260177612305,-9.8869829177856445,-9.9885635375976562,-9.7636623382568359,-9.5746126174926758,-9.6316299438476562,-9.655970573425293,0
11.84,-9.6075954437255859,-9.9645290374755859,-9.6584148406982422,-9.9299297332763672,-9.515568733215332,-9.4499406814575195,-9.437373161315918,-9.4952907562255859,0
11.844,-10.912442207336426,-11.372777938842773,-10.982734680175781,-11.419387817382812,-10.93280029296875,-10.956706047058105,-10.88239574432373,-10.964620590209961,0
11.848,-10.166891098022461,-10.606414794921875,-10.178421020507812,-10.696780204772949,-10.308616638183594,-10.322850227355957,-10.225642204284668,-10.294149398803711,0
11.852,-11.150471687316895,-11.477737426757812,-11.024004936218262,-11.56385326385498,-11.340846061706543,-11.263771057128906,-11.237524032592773,-11.21551513671875,0
11.856,-8.3132905960083008,-8.5426759719848633,-8.1064863204956055,-8.5715665817260742,-8.4820766448974609,-8.3308210372924805,-8.4428281784057617,-8.2934675216674805,0
11.86,-8.6322612762451172,-8.7972240447998047,-8.4544954299926758,-8.752039909362793,-8.727604866027832,-8.6056852340698242,-8.7983169555664062,-8.6147890090942383,0
11.864,-10.563873291015625,-10.652313232421875,-10.414899826049805,-10.581957817077637,-10.560376167297363,-10.479469299316406,-10.666776657104492,-10.58845043182373,0
11.868,-9.743830680847168,-9.7558393478393555,-9.6085128784179688,-9.7468242645263672,-9.6890459060668945,-9.586024284362793,-9.731536865234375,-9.7994594573974609,0
11.872,-10.401400566101074,-10.400747299194336,-10.315374374389648,-10.463831901550293,-10.36713981628418,-10.246999740600586,-10.321990966796875,-10.496007919311523,0
11.876,-7.3587660789489746,-7.381680965423584,-7.3205771446228027,-7.4766693115234375,-7.3814458847045898,-7.2536940574645996,-7.2579803466796875,-7.4637246131896973,0
11.88,-7.517695426940918,-7.5397276878356934,-7.4715614318847656,-7.6444344520568848,-7.5821595191955566,-7.4224052429199219,-7.4389076232910156,-7.5506048202514648,0
11.884,-9.5531291961669922,-9.5957002639770508,-9.457982063293457,-9.6573057174682617,-9.5983791351318359,-9.4319887161254883,-9.5580883026123047,-9.4665050506591797,0
11.888,-9.2955398559570312,-9.3840208053588867,-9.1142654418945312,-9.3526840209960938,-9.2623291015625,-9.137425422668457,-9.3754806518554688,-9.1212844848632812,0
11.892,-10.766949653625488,-10.85633373260498,-10.501828193664551,-10.774024963378906,-10.6571044921875,-10.54906177520752,-10.839962959289551,-10.594540596008301,0
11.896,-8.1403017044067383,-8.1897687911987305,-7.866762638092041,-8.1103973388671875,-7.9854836463928223,-7.8743910789489746,-8.1565017700195312,-8.0330886840820312,0
11.9,-8.503809928894043,-8.532928466796875,-8.2949113845825195,-8.3972759246826172,-8.2885589599609375,-8.2278623580932617,-8.456843376159668,-8.4291057586669922,0
11.904,-10.748357772827148,-10.822384834289551,-10.662437438964844,-10.570173263549805,-10.480122566223145,-10.507441520690918,-10.685539245605469,-10.698391914367676,0
11.908,-10.15522575378418,-10.316177368164062,-10.210131645202637,-10.00214672088623,-9.9166536331176758,-10.014928817749023,-10.127738952636719,-10.197962760925293,0
11.912,-11.015403747558594,-11.242063522338867,-11.142173767089844,-10.931635856628418,-10.835803031921387,-10.994671821594238,-10.976025581359863,-11.142451286315918,0
11.916,-7.96771240234375,-8.1883363723754883,-8.08709716796875,-7.8934593200683594,-7.8120765686035156,-8.058868408203125,-7.8937315940856934,-8.110325813293457,0
11.92,-8.0483903884887695,-8.2208633422851562,-8.1899690628051758,-7.9499855041503906,-7.9388875961303711,-8.2372465133666992,-8.0227203369140625,-8.198359489440918,0
11.924,-9.9239177703857422,-10.079472541809082,-10.13818359375,-9.8322477340698242,-9.921351432800293,-10.172175407409668,-10.012969970703125,-10.112852096557617,0
11.928,-9.0273571014404297,-9.1971111297607422,-9.2459611892700195,-8.9497556686401367,-9.135167121887207,-9.3196077346801758,-9.2061872482299805,-9.2568788528442383,0
11.932,-10.159031867980957,-10.320551872253418,-10.292417526245117,-10.088299751281738,-10.339704513549805,-10.449276924133301,-10.330691337585449,-10.373533248901367,0
11.936,-7.6709580421447754,-7.7519683837890625,-7.6813993453979492,-7.6025338172912598,-7.8827042579650879,-7.8647642135620117,-7.735346794128418,-7.7828207015991211,0
11.94,-8.3039579391479492,-8.2587032318115234,-8.1740245819091797,-8.216273307800293,-8.4618806838989258,-8.3527355194091797,-8.1954803466796875,-8.2459182739257812,0
11.944,-10.737874984741211,-10.617660522460938,-10.522832870483398,-10.622001647949219,-10.796165466308594,-10.677694320678711,-10.46479320526123,-10.540840148925781,0
11.948,-10.082646369934082,-9.9985456466674805,-9.9221477508544922,-9.9684858322143555,-10.078021049499512,-10.00575065612793,-9.7663097381591797,-9.889094352722168,0
11.952,-10.953269958496094,-10.961782455444336,-10.934704780578613,-10.856229782104492,-10.912112236022949,-10.928525924682617,-10.704940795898438,-10.846626281738281,0
11.956,-7.873866081237793,-7.9202628135681152,-7.9398031234741211,-7.745513916015625,-7.8046059608459473,-7.9109864234924316,-7.6930265426635742,-7.8079781532287598,0
11.96,-8.1767101287841797,-8.1716814041137695,-8.2401485443115234,-7.954831600189209,-8.0714702606201172,-8.271122932434082,-8.0636167526245117,-8.109623908996582,0
11.964,-10.610026359558105,-10.516415596008301,-10.679255485534668,-10.302798271179199,-10.470115661621094,-10.755589485168457,-10.577303886413574,-10.546025276184082,0
11.968,-9.8720884323120117,-9.6857357025146484,-9.9473371505737305,-9.5539579391479492,-9.712921142578125,-10.01972484588623,-9.8631744384765625,-9.8212566375732422,0
11.972,-10.786799430847168,-10.510249137878418,-10.808637619018555,-10.516169548034668,-10.591534614562988,-10.855069160461426,-10.749028205871582,-10.734494209289551,0
11.976,-7.7341742515563965,-7.4287452697753906,-7.6975913047790527,-7.5316543579101562,-7.503809928894043,-7.6653127670288086,-7.6741166114807129,-7.6701111793518066,0
11.98,-7.6902337074279785,-7.454343318939209,-7.6753301620483398,-7.5791845321655273,-7.4869904518127441,-7.4845404624938965,-7.6372947692871094,-7.6778860092163086,0
11.984,-9.576141357421875,-9.4819364547729492,-9.6753873825073242,-9.5555849075317383,-9.4682598114013672,-9.3330965042114258,-9.5691814422607422,-9.67645263671875,0
11.988,-8.482081413269043,-8.532567024230957,-8.6739835739135742,-8.4686479568481445,-8.4455385208129883,-8.2978696823120117,-8.5282621383666992,-8.6368331909179688,0
11.992,-9.5930147171020508,-9.7441864013671875,-9.7852554321289062,-9.5403060913085938,-9.5735149383544922,-9.4505414962768555,-9.6598739624023438,-9.7018032073974609,0
11.996,-6.9630417823791504,-7.2012100219726562,-7.125124454498291,-6.9355649948120117,-6.9685654640197754,-6.8486442565917969,-7.0392632484436035,-6.9932732582092285,0
12,-7.2746672630310059,-7.5526976585388184,-7.3658013343811035,-7.2926902770996094,-7.2841835021972656,-7.1865935325622559,-7.3249497413635254,-7.2386360168457031,0
12.004,-9.3371124267578125,-9.5367431640625,-9.2762126922607422,-9.3403215408325195,-9.2795238494873047,-9.2165727615356445,-9.2609691619873047,-9.2133922576904297,0
12.008,-8.2300395965576172,-8.268763542175293,-8.0213899612426758,-8.2125377655029297,-8.0388412475585938,-8.0413618087768555,-7.9796814918518066,-7.9738759994506836,0
12.012,-9.6702089309692383,-9.5455808639526367,-9.4019680023193359,-9.7028579711914062,-9.298797607421875,-9.4202194213867188,-9.3314437866210938,-9.3565168380737305,0
12.016,-7.475311279296875,-7.2402763366699219,-7.218592643737793,-7.610562801361084,-6.9449806213378906,-7.1892805099487305,-7.1820144653320312,-7.2927308082580566,0
12.02,-8.139430046081543,-7.8683867454528809,-7.9207029342651367,-8.3677825927734375,-7.5455894470214844,-7.8599777221679688,-7.9400191307067871,-8.1735410690307617,0
12.024,-10.736700057983398,-10.486081123352051,-10.546177864074707,-10.981216430664062,-10.166178703308105,-10.493838310241699,-10.562088012695312,-10.897250175476074,0
12.028,-9.6001482009887695,-9.4120559692382812,-9.4238557815551758,-9.7647781372070312,-9.0999326705932617,-9.4009370803833008,-9.3962888717651367,-9.766932487487793,0
12.032,-10.092068672180176,-9.9816160202026367,-9.933955192565918,-10.105628967285156,-9.6758251190185547,-9.896575927734375,-9.8734712600708008,-10.206997871398926,0
12.036,-6.7481017112731934,-6.6811513900756836,-6.6069221496582031,-6.5880270004272461,-6.391110897064209,-6.506528377532959,-6.5212235450744629,-6.8045492172241211,0
12.04,-6.6905388832092285,-6.652069091796875,-6.5653142929077148,-6.4131112098693848,-6.3579168319702148,-6.3976387977600098,-6.4804573059082031,-6.7222914695739746,0
12.044,-9.0764236450195312,-9.0620269775390625,-8.9800796508789062,-8.7833766937255859,-8.7509441375732422,-8.7444562911987305,-8.9345598220825195,-9.1117229461669922,0
12.048,-8.3430328369140625,-8.3150081634521484,-8.2478103637695312,-8.1554012298583984,-8.0265884399414062,-8.0091457366943359,-8.2413969039916992,-8.3874006271362305,0
12.052,-9.791478157043457,-9.7742691040039062,-9.6471052169799805,-9.7679014205932617,-9.5191373825073242,-9.490321159362793,-9.6330671310424805,-9.8576259613037109,0
12.056,-6.8518180847167969,-6.9288229942321777,-6.7091407775878906,-6.9457221031188965,-6.6888113021850586,-6.590909481048584,-6.629025936126709,-6.9718146324157715,0
12.06,-6.5599822998046875,-6.7290945053100586,-6.5100746154785156,-6.735076904296875,-6.5328803062438965,-6.3723182678222656,-6.3610000610351562,-6.7664351463317871,0
12.064,-9.170039176940918,-9.3429546356201172,-9.216792106628418,-9.4164505004882812,-9.2486696243286133,-9.0904741287231445,-9.0446929931640625,-9.4654645919799805,0
12.068,-9.036738395690918,-9.1173248291015625,-9.1495265960693359,-9.2888765335083008,-9.1491775512695312,-9.0382747650146484,-8.984990119934082,-9.379124641418457,0
12.072,-10.94969654083252,-10.859850883483887,-11.07758617401123,-11.119259834289551,-10.994077682495117,-10.946375846862793,-10.927203178405762,-11.237035751342773,0
12.076,-8.2026166915893555,-7.9482407569885254,-8.2583980560302734,-8.2293825149536133,-8.095921516418457,-8.109166145324707,-8.0818986892700195,-8.3278322219848633,0
12.08,-7.8735761642456055,-7.5449204444885254,-7.7954812049865723,-7.7231292724609375,-7.6023473739624023,-7.644073486328125,-7.5325264930725098,-7.8260369300842285,0
12.084,-10.035923957824707,-9.7459239959716797,-9.8699922561645508,-9.7641401290893555,-9.6969966888427734,-9.7018556594848633,-9.5155487060546875,-9.9110488891601562,0
12.088,-8.894810676574707,-8.7632169723510742,-8.777252197265625,-8.6088542938232422,-8.6267757415771484,-8.5749969482421875,-8.3757429122924805,-8.8351955413818359,0
12.092,-9.9298534393310547,-10.014178276062012,-9.956298828125,-9.6716337203979492,-9.7877225875854492,-9.725947380065918,-9.5574979782104492,-10.043642997741699,0
12.096,-6.6344137191772461,-6.8832931518554688,-6.8229508399963379,-6.4286284446716309,-6.5625967979431152,-6.5475997924804688,-6.4428229331970215,-6.8916664123535156,0
12.1,-5.8021750450134277,-6.1187429428100586,-6.0984907150268555,-5.6702866554260254,-5.7082815170288086,-5.7554922103881836,-5.7376112937927246,-6.0496382713317871,0
12.104,-7.7363266944885254,-8.0512723922729492,-8.0684738159179688,-7.6731467247009277,-7.6035370826721191,-7.6846084594726562,-7.7419919967651367,-7.8789534568786621,0
12.108,-6.8313436508178711,-7.0787734985351562,-7.1725020408630371,-6.823850154876709,-6.6800804138183594,-6.7943205833435059,-6.892366886138916,-6.8814496994018555,0
12.112,-8.5744304656982422,-8.6628646850585938,-8.8724956512451172,-8.569127082824707,-8.3901290893554688,-8.5489711761474609,-8.6383867263793945,-8.5491867065429688,0
12.116,-6.1387152671813965,-6.072962760925293,-6.3671722412109375,-6.1014776229858398,-5.9543471336364746,-6.1332297325134277,-6.1501593589782715,-6.0769424438476562,0
12.12,-6.31939697265625,-6.2353692054748535,-6.5169930458068848,-6.2703323364257812,-6.1791877746582031,-6.3352041244506836,-6.2756080627441406,-6.2787117958068848,0
12.124,-9.3851194381713867,-9.3983182907104492,-9.5563154220581055,-9.3332395553588867,-9.2610549926757812,-9.3713483810424805,-9.267481803894043,-9.3900880813598633,0
12.128,-8.9735383987426758,-9.0720796585083008,-9.0865001678466797,-8.9029359817504883,-8.854100227355957,-8.8905611038208008,-8.7627439498901367,-8.9690933227539062,0
12.132,-10.727581977844238,-10.778826713562012,-10.792140007019043,-10.627467155456543,-10.641181945800781,-10.594067573547363,-10.451644897460938,-10.587491035461426,0
12.136,-8.3365373611450195,-8.2312297821044922,-8.4024248123168945,-8.2290678024291992,-8.276667594909668,-8.2413387298583984,-8.0556163787841797,-8.0191926956176758,0
12.14,-8.3475522994995117,-8.0482082366943359,-8.351409912109375,-8.2268218994140625,-8.2513408660888672,-8.3223876953125,-8.1167268753051758,-7.8937788009643555,0
12.144,-10.913564682006836,-10.426424980163574,-10.703468322753906,-10.747457504272461,-10.730369567871094,-10.881141662597656,-10.729306221008301,-10.363103866577148,0
12.148,-9.9866542816162109,-9.4613018035888672,-9.5487422943115234,-9.7981472015380859,-9.7673244476318359,-9.9103469848632812,-9.80816650390625,-9.4793977737426758,0
12.152,-11.392515182495117,-11.036005973815918,-10.878402709960938,-11.207883834838867,-11.231626510620117,-11.316401481628418,-11.229848861694336,-11.108619689941406,0
12.156,-8.5797634124755859,-8.4960145950317383,-8.183436393737793,-8.4510622024536133,-8.5526809692382812,-8.5924129486083984,-8.5204753875732422,-8.5821332931518555,0
12.16,-8.367924690246582,-8.5591859817504883,-8.2048549652099609,-8.4118633270263672,-8.5260543823242188,-8.5823593139648438,-8.4965572357177734,-8.6575803756713867,0
12.164,-11.128608703613281,-11.442303657531738,-11.140548706054688,-11.332441329956055,-11.394129753112793,-11.523669242858887,-11.381765365600586,-11.612330436706543,0
12.168,-10.406217575073242,-10.601452827453613,-10.440717697143555,-10.591303825378418,-10.574567794799805,-10.798721313476562,-10.604423522949219,-10.859243392944336,0
12.172,-12.017644882202148,-12.013415336608887,-12.006510734558105,-12.075340270996094,-11.999725341796875,-12.262763977050781,-12.080998420715332,-12.298528671264648,0
12.176,-9.1477689743041992,-9.040379524230957,-9.0968961715698242,-9.0848598480224609,-9.0420637130737305,-9.2509870529174805,-9.1143550872802734,-9.2634553909301758,0
12.18,-8.465693473815918,-8.3686704635620117,-8.3644514083862305,-8.288945198059082,-8.3785781860351562,-8.525477409362793,-8.3847713470458984,-8.4232988357543945,0
12.184,-10.791173934936523,-10.746371269226074,-10.638374328613281,-10.510641098022461,-10.753293037414551,-10.867840766906738,-10.720893859863281,-10.595756530761719,0
12.188,-9.7420177459716797,-9.7232694625854492,-9.54400634765625,-9.4466552734375,-9.7352399826049805,-9.8167829513549805,-9.7325496673583984,-9.467778205871582,0
12.192,-11.098989486694336,-11.055196762084961,-10.847393989562988,-10.891057968139648,-11.071576118469238,-11.128605842590332,-11.148466110229492,-10.800069808959961,0
12.196,-8.1818675994873047,-8.0711212158203125,-7.8934988975524902,-8.0399913787841797,-8.0716171264648438,-8.127598762512207,-8.2496547698974609,-7.8246679306030273,0
12.2,-7.7942376136779785,-7.6451582908630371,-7.4972243309020996,-7.6646108627319336,-7.5998702049255371,-7.646115779876709,-7.8587965965270996,-7.3654580116271973,0
12.204,-10.35594654083252,-10.261512756347656,-10.077545166015625,-10.254473686218262,-10.145439147949219,-10.168157577514648,-10.449699401855469,-9.9140701293945312,0
12.208,-9.1258831024169922,-9.1810789108276367,-8.9251585006713867,-9.0930376052856445,-9.0051097869873047,-9.0192232131958008,-9.3212480545043945,-8.7788801193237305,0
12.212,-10.364872932434082,-10.608029365539551,-10.285374641418457,-10.413508415222168,-10.400039672851562,-10.425025939941406,-10.693346977233887,-10.185697555541992,0
12.216,-7.22808837890625,-7.5819196701049805,-7.232177734375,-7.316164493560791,-7.3530182838439941,-7.397120475769043,-7.6063117980957031,-7.1612930297851562,0
12.22,-6.1937704086303711,-6.5229673385620117,-6.2291183471679688,-6.2688851356506348,-6.3228330612182617,-6.3465285301208496,-6.5360631942749023,-6.1719541549682617,0
12.224,-8.4023008346557617,-8.619175910949707,-8.4848299026489258,-8.4286832809448242,-8.5045680999755859,-8.493250846862793,-8.688420295715332,-8.398930549621582,0
12.228,-7.564422607421875,-7.672480583190918,-7.7127394676208496,-7.5280523300170898,-7.5980939865112305,-7.6103987693786621,-7.7640800476074219,-7.5388588905334473,0
12.232,-9.8355846405029297,-9.9140605926513672,-10.006106376647949,-9.76116943359375,-9.7849025726318359,-9.8383464813232422,-9.947443962097168,-9.7778806686401367,0
12.236,-8.0079402923583984,-8.093902587890625,-8.1191682815551758,-7.9275994300842285,-7.8985352516174316,-7.9646201133728027,-8.0464067459106445,-7.9358787536621094,0
12.24,-8.1336650848388672,-8.2226839065551758,-8.146235466003418,-8.078094482421875,-8.0092973709106445,-8.069911003112793,-8.0866069793701172,-8.0719785690307617,0
12.244,-10.788658142089844,-10.922490119934082,-10.744543075561523,-10.772245407104492,-10.719289779663086,-10.737774848937988,-10.707906723022461,-10.749290466308594,0
12.248,-8.8355636596679688,-9.0440397262573242,-8.7998685836791992,-8.8528165817260742,-8.870915412902832,-8.8086347579956055,-8.8394680023193359,-8.8355913162231445,0
12.252,-8.8915252685546875,-9.1316814422607422,-8.8734722137451172,-8.9659957885742188,-9.0329113006591797,-8.8773088455200195,-9.0274257659912109,-8.9700603485107422,0
12.256,-5.2397003173828125,-5.4187836647033691,-5.1908531188964844,-5.3741049766540527,-5.4480271339416504,-5.2368240356445312,-5.431574821472168,-5.3825149536132812,0
12.26,-4.7864174842834473,-4.8686904907226562,-4.7187180519104004,-4.9264779090881348,-5.023465633392334,-4.8530721664428711,-4.9590973854064941,-4.971433162689209,0
12.264,-8.0725860595703125,-8.1216659545898438,-8.049626350402832,-8.1743268966674805,-8.3196897506713867,-8.2707901000976562,-8.2423677444458008,-8.3063764572143555,0
12.268,-7.4848504066467285,-7.5921578407287598,-7.5126852989196777,-7.5274162292480469,-7.7141661643981934,-7.8139419555664062,-7.6656289100646973,-7.7278609275817871,0
12.272,-9.1536312103271484,-9.3482112884521484,-9.2046432495117188,-9.1221294403076172,-9.335418701171875,-9.5402355194091797,-9.2834043502807617,-9.3401336669921875,0
12.276,-6.2497434616088867,-6.500056266784668,-6.3217964172363281,-6.1244354248046875,-6.3288688659667969,-6.5972189903259277,-6.2865333557128906,-6.3561744689941406,0
12.28,-5.2017860412597656,-5.5033407211303711,-5.3142905235290527,-5.017242431640625,-5.1655960083007812,-5.4779424667358398,-5.2125005722045898,-5.2563657760620117,0
12.284,-7.4349813461303711,-7.7553138732910156,-7.5549125671386719,-7.2874464988708496,-7.3376312255859375,-7.6388726234436035,-7.5269002914428711,-7.4750885963439941,0
12.288,-5.8355674743652344,-6.1102514266967773,-5.8763580322265625,-5.7451086044311523,-5.7125768661499023,-5.9924635887145996,-6.0565872192382812,-5.8957128524780273,0
12.292,-7.0559415817260742,-7.2923164367675781,-7.0087041854858398,-6.984278678894043,-6.9788579940795898,-7.2067732810974121,-7.3793282508850098,-7.1522345542907715,0
12.296,-4.7909417152404785,-5.0080938339233398,-4.6849303245544434,-4.7306251525878906,-4.7904691696166992,-4.9073843955993652,-5.1371674537658691,-4.9057211875915527,0
12.3,-5.2682943344116211,-5.4683713912963867,-5.0891509056091309,-5.2430534362792969,-5.287966251373291,-5.3092002868652344,-5.5958189964294434,-5.4352059364318848,0
12.304,-9.1972885131835938,-9.3771133422851562,-8.939579963684082,-9.2156600952148438,-9.195551872253418,-9.1429729461669922,-9.5081758499145508,-9.4296293258666992,0
12.308,-8.6676769256591797,-8.7983760833740234,-8.3605804443359375,-8.6969022750854492,-8.607823371887207,-8.5304365158081055,-8.9251995086669922,-8.8651714324951172,0
12.312,-10.228475570678711,-10.327954292297363,-9.9509792327880859,-10.260952949523926,-10.116216659545898,-10.109687805175781,-10.408709526062012,-10.342083930969238,0
12.316,-7.650876522064209,-7.7940444946289062,-7.4915580749511719,-7.706265926361084,-7.5684242248535156,-7.6391997337341309,-7.792170524597168,-7.7370429039001465,0
12.32,-7.272003173828125,-7.4720816612243652,-7.2159452438354492,-7.3101820945739746,-7.2607650756835938,-7.3261947631835938,-7.3708329200744629,-7.3409104347229004,0
12.324,-10.205304145812988,-10.386370658874512,-10.155596733093262,-10.155179977416992,-10.227353096008301,-10.202054977416992,-10.193072319030762,-10.205251693725586,0
12.328,-8.9028120040893555,-8.9845075607299805,-8.796173095703125,-8.7809114456176758,-8.9213485717773438,-8.768101692199707,-8.7907075881958008,-8.8392915725708008,0
12.332,-10.237650871276855,-10.189489364624023,-10.06415843963623,-10.084773063659668,-10.212862968444824,-10.006423950195312,-10.109258651733398,-10.123991012573242,0
12.336,-7.8773918151855469,-7.7030820846557617,-7.6573324203491211,-7.6811308860778809,-7.7668366432189941,-7.6246132850646973,-7.7498946189880371,-7.6635093688964844,0
12.34,-7.8530402183532715,-7.5667672157287598,-7.608302116394043,-7.6275205612182617,-7.6593766212463379,-7.6306571960449219,-7.7066764831542969,-7.5543723106384277,0
12.344,-11.065221786499023,-10.745516777038574,-10.823066711425781,-10.846951484680176,-10.842565536499023,-10.899823188781738,-10.899989128112793,-10.763781547546387,0
12.348,-9.6869916915893555,-9.4594249725341797,-9.4702301025390625,-9.495579719543457,-9.4698514938354492,-9.5927104949951172,-9.4944868087768555,-9.4052886962890625,0
12.352,-10.829299926757812,-10.761922836303711,-10.656527519226074,-10.696311950683594,-10.596410751342773,-10.843544006347656,-10.639532089233398,-10.539113998413086,0
12.356,-8.2235136032104492,-8.311030387878418,-8.142186164855957,-8.1950254440307617,-7.9819860458374023,-8.3673276901245117,-8.1030502319335938,-7.9153275489807129,0
12.36,-7.7089676856994629,-7.9160690307617188,-7.7243452072143555,-7.7965865135192871,-7.5131750106811523,-7.9349546432495117,-7.6784806251525879,-7.4202103614807129,0
12.364,-10.366744995117188,-10.627431869506836,-10.406866073608398,-10.489988327026367,-10.243311882019043,-10.6143798828125,-10.390782356262207,-10.122053146362305,0
12.368,-8.4738674163818359,-8.6834821701049805,-8.458125114440918,-8.5146913528442383,-8.4190120697021484,-8.695164680480957,-8.499110221862793,-8.2743511199951172,0
12.372,-9.3544721603393555,-9.4657516479492188,-9.2477493286132812,-9.2889604568481445,-9.3774518966674805,-9.5236415863037109,-9.3623018264770508,-9.261509895324707,0
12.376,-6.5231361389160156,-6.5744843482971191,-6.3295722007751465,-6.3941488265991211,-6.5892243385314941,-6.6481246948242188,-6.5448594093322754,-6.5968489646911621,0
12.38,-5.6960296630859375,-5.7244019508361816,-5.4617514610290527,-5.5331602096557617,-5.7347564697265625,-5.8315834999084473,-5.7702856063842773,-5.8912148475646973,0
12.384,-8.7757949829101562,-8.815800666809082,-8.6320552825927734,-8.6143417358398438,-8.802485466003418,-9.0304975509643555,-8.9073848724365234,-8.999821662902832,0
12.388,-8.0191116333007812,-8.1063976287841797,-8.065216064453125,-7.8901543617248535,-8.0913591384887695,-8.4246015548706055,-8.1795482635498047,-8.208674430847168,0
12.392,-9.8730449676513672,-9.9661588668823242,-10.021710395812988,-9.7274856567382812,-9.9928264617919922,-10.32207202911377,-9.9944896697998047,-9.9586105346679688,0
12.396,-7.498591423034668,-7.4930791854858398,-7.5608243942260742,-7.2331428527832031,-7.5984954833984375,-7.8668427467346191,-7.4904303550720215,-7.4057226181030273,0
12.4,-6.4598031044006348,-6.3244719505310059,-6.3791403770446777,-6.0905685424804688,-6.4835500717163086,-6.6780800819396973,-6.3326988220214844,-6.2257218360900879,0
12.404,-8.4927730560302734,-8.2881059646606445,-8.4214706420898438,-8.1606578826904297,-8.4684810638427734,-8.5775651931762695,-8.3737697601318359,-8.2328338623046875,0
12.408,-6.2747230529785156,-6.0677757263183594,-6.3492684364318848,-6.079287052154541,-6.2692923545837402,-6.3166556358337402,-6.2781896591186523,-6.0671210289001465,0
12.412,-7.2894539833068848,-7.1387863159179688,-7.5154290199279785,-7.2887535095214844,-7.3950271606445312,-7.3730306625366211,-7.4667129516601562,-7.1930389404296875,0
12.416,-4.9790596961975098,-4.9491791725158691,-5.3445625305175781,-5.2206244468688965,-5.3000855445861816,-5.1609139442443848,-5.331787109375,-5.0349030494689941,0
12.42,-4.7356748580932617,-4.8441991806030273,-5.2204031944274902,-5.154172420501709,-5.274874210357666,-5.04010009765625,-5.2091360092163086,-4.9159865379333496,0
12.424,-8.3994350433349609,-8.592987060546875,-8.9226102828979492,-8.8134031295776367,-9.0262117385864258,-8.8123855590820312,-8.9020872116088867,-8.6294231414794922,0
12.428,-7.8471565246582031,-8.059330940246582,-8.2852373123168945,-8.0898714065551758,-8.409459114074707,-8.2894411087036133,-8.2992382049560547,-8.0644636154174805,0
12.432,-9.7662582397460938,-9.9564266204833984,-10.059768676757812,-9.7768096923828125,-10.17451000213623,-10.132696151733398,-10.130218505859375,-9.9367446899414062,0
12.436,-7.7518258094787598,-7.9378433227539062,-7.9595136642456055,-7.5862045288085938,-8.020909309387207,-8.0342769622802734,-8.0501508712768555,-7.8643975257873535,0
12.44,-7.5876402854919434,-7.8007993698120117,-7.7588796615600586,-7.3643903732299805,-7.795135498046875,-7.8113961219787598,-7.8483490943908691,-7.6348333358764648,0
12.444,-11.12267017364502,-11.362452507019043,-11.283001899719238,-10.948759078979492,-11.348973274230957,-11.27025318145752,-11.327662467956543,-11.116612434387207,0
12.448,-10.017025947570801,-10.302556037902832,-10.208231925964355,-9.9392366409301758,-10.31663990020752,-10.140974044799805,-10.142105102539062,-10.002909660339355,0
12.452,-11.234232902526855,-11.560076713562012,-11.409518241882324,-11.193118095397949,-11.58343505859375,-11.43470287322998,-11.245785713195801,-11.214073181152344,0
12.456,-8.2673311233520508,-8.5683364868164062,-8.3578929901123047,-8.165553092956543,-8.5920610427856445,-8.5337657928466797,-8.1495389938354492,-8.1786117553710938,0
12.46,-6.743006706237793,-6.9653730392456055,-6.8043532371520996,-6.6202583312988281,-6.9807190895080566,-6.9982476234436035,-6.5527753829956055,-6.5350899696350098,0
12.464,-9.2167387008666992,-9.3307466506958008,-9.3255739212036133,-9.1798458099365234,-9.348846435546875,-9.4288845062255859,-9.0176267623901367,-8.8952770233154297,0
12.468,-7.7726912498474121,-7.8011841773986816,-7.9149236679077148,-7.8551011085510254,-7.8145637512207031,-7.9424386024475098,-7.6449384689331055,-7.4267525672912598,0
12.472,-9.3998918533325195,-9.4356966018676758,-9.5858383178710938,-9.6512813568115234,-9.407282829284668,-9.5772686004638672,-9.48187255859375,-9.155613899230957,0
12.476,-7.6847062110900879,-7.7852416038513184,-7.9849615097045898,-8.1079301834106445,-7.739473819732666,-7.9630560874938965,-8.0258541107177734,-7.5914535522460938,0
12.48,-7.9149198532104492,-8.0614986419677734,-8.3120622634887695,-8.3762331008911133,-8.0231504440307617,-8.2938594818115234,-8.3874711990356445,-7.9285802841186523,0
12.484,-11.497591972351074,-11.626602172851562,-11.861610412597656,-11.881342887878418,-11.605438232421875,-11.815142631530762,-11.892146110534668,-11.490560531616211,0
12.488,-9.7396135330200195,-9.7919492721557617,-9.9515810012817383,-10.005627632141113,-9.8144636154174805,-9.8289394378662109,-9.8950881958007812,-9.5926666259765625,0
12.492,-10.549657821655273,-10.483787536621094,-10.566960334777832,-10.670674324035645,-10.56068229675293,-10.351801872253418,-10.456416130065918,-10.243588447570801,0
12.496,-8.2447738647460938,-8.0024614334106445,-8.1001157760620117,-8.2031831741333008,-8.1642894744873047,-7.7658019065856934,-8.0174131393432617,-7.8251862525939941,0
12.5,-7.7281737327575684,-7.3383865356445312,-7.4964218139648438,-7.5298705101013184,-7.5838127136230469,-7.1074447631835938,-7.4933409690856934,-7.2906265258789062,0
12.504,-10.722577095031738,-10.333727836608887,-10.471343994140625,-10.40196704864502,-10.56139087677002,-10.196032524108887,-10.540827751159668,-10.365957260131836,0
12.508,-9.068354606628418,-8.7973814010620117,-8.8694581985473633,-8.7277278900146484,-8.923680305480957,-8.7533016204833984,-8.9421596527099609,-8.866877555847168,0
12.512,-10.26215648651123,-10.12848949432373,-10.191246032714844,-10.053693771362305,-10.205945014953613,-10.125666618347168,-10.208348274230957,-10.222967147827148,0
12.516,-8.0976896286010742,-8.0836467742919922,-8.1755352020263672,-8.0958995819091797,-8.1894969940185547,-8.0423994064331055,-8.1412248611450195,-8.1172380447387695,0
12.52,-7.6616683006286621,-7.7473387718200684,-7.8195829391479492,-7.8193039894104004,-7.8445305824279785,-7.6283063888549805,-7.7727432250976562,-7.6742463111877441,0
12.524,-10.55322265625,-10.664443969726562,-10.709362983703613,-10.769396781921387,-10.733909606933594,-10.547651290893555,-10.670736312866211,-10.583279609680176,0
12.528,-8.0933284759521484,-8.123356819152832,-8.246037483215332,-8.2769622802734375,-8.253962516784668,-8.1173734664916992,-8.204925537109375,-8.1466522216796875,0
12.532,-8.4797868728637695,-8.3767070770263672,-8.6464948654174805,-8.5715255737304688,-8.6323165893554688,-8.509918212890625,-8.5774049758911133,-8.5376482009887695,0
12.536,-6.0898261070251465,-5.8615355491638184,-6.2180671691894531,-6.0540146827697754,-6.2277030944824219,-6.064206600189209,-6.1331076622009277,-6.1390929222106934,0
12.54,-5.7983818054199219,-5.510068416595459,-5.8550643920898438,-5.626650333404541,-5.8959593772888184,-5.6888456344604492,-5.7979292869567871,-5.8208222389221191,0
12.544,-9.4117841720581055,-9.1724138259887695,-9.4538860321044922,-9.1441926956176758,-9.4500226974487305,-9.2797422409057617,-9.3904905319213867,-9.3571224212646484,0
12.548,-7.7641372680664062,-7.6419410705566406,-7.8599929809570312,-7.5052785873413086,-7.7597641944885254,-7.6572623252868652,-7.6974282264709473,-7.5961294174194336,0
12.552,-8.3200054168701172,-8.3277463912963867,-8.5246706008911133,-8.1734466552734375,-8.3074798583984375,-8.2362241744995117,-8.2034120559692383,-8.0830974578857422,0
12.556,-5.6117386817932129,-5.6994423866271973,-5.8940682411193848,-5.5761518478393555,-5.6095542907714844,-5.5230894088745117,-5.4545326232910156,-5.345731258392334,0
12.56,-4.8835196495056152,-4.9410161972045898,-5.1058998107910156,-4.8898735046386719,-4.9212164878845215,-4.7520651817321777,-4.695399284362793,-4.6112275123596191,0
12.564,-8.2674055099487305,-8.2839279174804688,-8.3880996704101562,-8.3245363235473633,-8.390202522277832,-8.1163768768310547,-8.1034393310546875,-8.0888795852661133,0
12.568,-6.661435604095459,-6.7186446189880371,-6.7901458740234375,-6.8082122802734375,-6.8383116722106934,-6.570277214050293,-6.60406494140625,-6.668088436126709,0
12.572,-7.5730986595153809,-7.666414737701416,-7.7625784873962402,-7.7186126708984375,-7.7259354591369629,-7.5857911109924316,-7.6478681564331055,-7.7273292541503906,0
12.576,-5.3944005966186523,-5.4403219223022461,-5.5377912521362305,-5.4273567199707031,-5.5095748901367188,-5.4817442893981934,-5.5308904647827148,-5.5915594100952148,0
12.58,-5.0060081481933594,-4.9321579933166504,-4.9961638450622559,-4.9473867416381836,-5.1000008583068848,-5.0901527404785156,-5.1275625228881836,-5.2093062400817871,0
12.584,-8.697087287902832,-8.4672651290893555,-8.5726146697998047,-8.6125946044921875,-8.7760438919067383,-8.6861677169799805,-8.773712158203125,-8.9118423461914062,0
12.588,-7.6574888229370117,-7.317537784576416,-7.5556678771972656,-7.5979108810424805,-7.7535338401794434,-7.5038108825683594,-7.6705756187438965,-7.852571964263916,0
12.592,-9.5675258636474609,-9.266118049621582,-9.5806989669799805,-9.5811519622802734,-9.7014751434326172,-9.320338249206543,-9.5045680999755859,-9.7454586029052734,0
12.596,-8.5483274459838867,-8.3993425369262695,-8.6592607498168945,-8.6212215423583984,-8.6868209838867188,-8.290837287902832,-8.4058589935302734,-8.751643180847168,0
12.6,-8.8476943969726562,-8.811253547668457,-9.0027446746826172,-8.94854736328125,-8.9838695526123047,-8.6444244384765625,-8.678959846496582,-9.0892000198364258,0
12.604,-12.509152412414551,-12.452888488769531,-12.674720764160156,-12.652761459350586,-12.700727462768555,-12.405817985534668,-12.423876762390137,-12.764120101928711,0
12.608,-10.660682678222656,-10.455843925476074,-10.796542167663574,-10.838053703308105,-10.888906478881836,-10.625104904174805,-10.674657821655273,-10.868647575378418,0
12.612,-11.289080619812012,-10.869585990905762,-11.351765632629395,-11.435015678405762,-11.416386604309082,-11.239049911499023,-11.278531074523926,-11.369527816772461,0
12.616,-8.9350156784057617,-8.3261899948120117,-8.9440279006958008,-8.9718246459960938,-8.880401611328125,-8.8432140350341797,-8.7612075805664062,-8.8528013229370117,0
12.62,-8.355555534362793,-7.6747498512268066,-8.3908233642578125,-8.2675533294677734,-8.1753873825073242,-8.2583799362182617,-8.0092039108276367,-8.1675014495849609,0
12.624,-12.364901542663574,-11.773122787475586,-12.462359428405762,-12.21149730682373,-12.143359184265137,-12.275891304016113,-11.940191268920898,-12.145251274108887,0
12.628,-11.803306579589844,-11.401690483093262,-11.943203926086426,-11.667409896850586,-11.592290878295898,-11.715787887573242,-11.398501396179199,-11.60546875,0
12.632,-13.909016609191895,-13.704897880554199,-14.113957405090332,-13.888944625854492,-13.789607048034668,-13.869186401367188,-13.647440910339355,-13.822179794311523,0
12.636,-13.025251388549805,-12.988759994506836,-13.343826293945312,-13.19581127166748,-13.057157516479492,-13.068204879760742,-12.959196090698242,-13.104040145874023,0
12.64,-13.60273265838623,-13.721837997436523,-14.03911304473877,-13.96430778503418,-13.75848388671875,-13.704017639160156,-13.654960632324219,-13.798704147338867,0
12.644,-18.047283172607422,-18.247676849365234,-18.539129257202148,-18.463373184204102,-18.251489639282227,-18.139974594116211,-18.096080780029297,-18.238475799560547,0
12.648,-17.165298461914062,-17.289913177490234,-17.581142425537109,-17.418451309204102,-17.302301406860352,-17.153472900390625,-17.111419677734375,-17.218368530273438,0
12.652,-18.670940399169922,-18.653289794921875,-18.909887313842773,-18.703893661499023,-18.692794799804688,-18.536539077758789,-18.535940170288086,-18.561752319335938,0
12.656,-16.936916351318359,-16.82049560546875,-17.024225234985352,-16.839111328125,-16.906255722045898,-16.760616302490234,-16.826320648193359,-16.747808456420898,0
12.66,-16.310867309570312,-16.140670776367188,-16.30194091796875,-16.126007080078125,-16.239131927490234,-16.172967910766602,-16.296651840209961,-16.112417221069336,0
12.664,-19.754928588867188,-19.537145614624023,-19.643321990966797,-19.502059936523438,-19.605401992797852,-19.68798828125,-19.819942474365234,-19.565700531005859,0
12.668,-18.121124267578125,-17.831567764282227,-17.897436141967773,-17.840084075927734,-17.901531219482422,-18.084951400756836,-18.155202865600586,-17.912927627563477,0
12.672,-18.987970352172852,-18.627389907836914,-18.712673187255859,-18.700786590576172,-18.731287002563477,-18.921703338623047,-18.883739471435547,-18.737039566040039,0
12.676,-16.771505355834961,-16.415533065795898,-16.586288452148438,-16.528057098388672,-16.532608032226562,-16.710113525390625,-16.558252334594727,-16.534561157226562,0
12.68,-15.662160873413086,-15.413416862487793,-15.643330574035645,-15.501896858215332,-15.494404792785645,-15.672266960144043,-15.461090087890625,-15.526586532592773,0
12.684,-18.837137222290039,-18.692464828491211,-18.895090103149414,-18.721441268920898,-18.713537216186523,-18.889410018920898,-18.662124633789062,-18.819219589233398,0
12.688,-17.293102264404297,-17.187744140625,-17.302068710327148,-17.220928192138672,-17.128866195678711,-17.363988876342773,-17.106033325195312,-17.366785049438477,0
12.692,-18.436294555664062,-18.378673553466797,-18.359981536865234,-18.47540283203125,-18.2252197265625,-18.566143035888672,-18.290618896484375,-18.594741821289062,0
12.696,-16.481496810913086,-16.482555389404297,-16.396978378295898,-16.693399429321289,-16.31903076171875,-16.681610107421875,-16.423717498779297,-16.713516235351562,0
12.7,-15.718626022338867,-15.739039421081543,-15.720085144042969,-16.078090667724609,-15.681323051452637,-15.961210250854492,-15.713102340698242,-15.995201110839844,0
12.704,-19.506191253662109,-19.504177093505859,-19.590688705444336,-19.866424560546875,-19.579782485961914,-19.736715316772461,-19.498636245727539,-19.808578491210938,0
12.708,-18.308542251586914,-18.279092788696289,-18.419841766357422,-18.525690078735352,-18.415878295898438,-18.480962753295898,-18.292678833007812,-18.649002075195312,0
12.712,-19.273818969726562,-19.2698974609375,-19.392827987670898,-19.318918228149414,-19.329961776733398,-19.389324188232422,-19.245010375976562,-19.661657333374023,0
12.716,-16.738170623779297,-16.792776107788086,-16.873575210571289,-16.695383071899414,-16.68048095703125,-16.810043334960938,-16.647247314453125,-17.139577865600586,0
12.72,-14.994230270385742,-15.106511116027832,-15.146757125854492,-14.977755546569824,-14.832738876342773,-15.043889999389648,-14.85676383972168,-15.359640121459961,0
12.724,-18.033565521240234,-18.240310668945312,-18.213800430297852,-18.100002288818359,-17.858623504638672,-18.079137802124023,-17.932531356811523,-18.320644378662109,0
12.728,-16.861202239990234,-17.132101058959961,-17.068014144897461,-16.952871322631836,-16.76153564453125,-16.873464584350586,-16.799158096313477,-17.045877456665039,0
12.732,-18.696071624755859,-18.900600433349609,-18.872735977172852,-18.657180786132812,-18.665752410888672,-18.620092391967773,-18.617156982421875,-18.783290863037109,0
12.736,-17.520803451538086,-17.624059677124023,-17.6138916015625,-17.264430999755859,-17.437383651733398,-17.345733642578125,-17.401958465576172,-17.523372650146484,0
12.74,-16.800958633422852,-16.876506805419922,-16.86273193359375,-16.4132080078125,-16.569427490234375,-16.590087890625,-16.702602386474609,-16.774124145507812,0
12.744,-20.273757934570312,-20.37249755859375,-20.409021377563477,-19.930660247802734,-19.958745956420898,-20.118408203125,-20.351181030273438,-20.30029296875,0
12.748,-19.073236465454102,-19.211812973022461,-19.296600341796875,-18.904363632202148,-18.82012939453125,-19.061981201171875,-19.409551620483398,-19.154302597045898,0
12.752,-20.481822967529297,-20.651876449584961,-20.725320816040039,-20.499462127685547,-20.372777938842773,-20.657665252685547,-20.986663818359375,-20.586380004882812,0
12.756,-18.492544174194336,-18.656026840209961,-18.685247421264648,-18.641765594482422,-18.520030975341797,-18.771047592163086,-19.025613784790039,-18.634241104125977,0
12.76,-16.758611679077148,-16.914932250976562,-16.863901138305664,-17.006359100341797,-16.859521865844727,-17.012050628662109,-17.236431121826172,-16.955455780029297,0
12.764,-19.393346786499023,-19.619152069091797,-19.434579849243164,-19.722146987915039,-19.505102157592773,-19.637075424194336,-19.766836166381836,-19.656448364257812,0
12.768,-17.290609359741211,-17.614160537719727,-17.296260833740234,-17.633962631225586,-17.395467758178711,-17.580867767333984,-17.530044555664062,-17.607427597045898,0
12.772,-17.804937362670898,-18.142192840576172,-17.737442016601562,-18.070358276367188,-17.887624740600586,-18.091405868530273,-17.936559677124023,-18.151449203491211,0
12.776,-15.586459159851074,-15.866928100585938,-15.409955024719238,-15.720762252807617,-15.624941825866699,-15.823193550109863,-15.649867057800293,-15.965314865112305,0
12.78,-14.275802612304688,-14.547470092773438,-14.041006088256836,-14.303196907043457,-14.295654296875,-14.497006416320801,-14.328710556030273,-14.716695785522461,0
12.784,-17.522735595703125,-17.906656265258789,-17.332839965820312,-17.547418594360352,-17.613058090209961,-17.787664413452148,-17.655426025390625,-18.043514251708984,0
12.788,-15.504812240600586,-16.045019149780273,-15.398382186889648,-15.60981273651123,-15.745999336242676,-15.821187019348145,-15.72380542755127,-16.043680191040039,0
12.792,-15.443331718444824,-16.063192367553711,-15.348574638366699,-15.58918571472168,-15.78156852722168,-15.782354354858398,-15.667971611022949,-15.876055717468262,0
12.796,-12.845614433288574,-13.445010185241699,-12.712040901184082,-12.936953544616699,-13.121350288391113,-13.187536239624023,-13.035093307495117,-13.099157333374023,0
12.8,-11.80181884765625,-12.294079780578613,-11.619924545288086,-11.77880859375,-11.922636032104492,-12.108325004577637,-11.986326217651367,-11.891705513000488,0
12.804,-15.878278732299805,-16.154840469360352,-15.580327987670898,-15.688174247741699,-15.837713241577148,-16.085750579833984,-16.029674530029297,-15.855062484741211,0
12.808,-14.852804183959961,-14.863863945007324,-14.416720390319824,-14.491498947143555,-14.653898239135742,-14.919410705566406,-14.873296737670898,-14.785161972045898,0
12.812,-15.509089469909668,-15.364082336425781,-15.019253730773926,-15.072357177734375,-15.17915153503418,-15.422019958496094,-15.395970344543457,-15.436498641967773,0
12.816,-13.090993881225586,-12.936747550964355,-12.602566719055176,-12.664332389831543,-12.697003364562988,-12.883204460144043,-12.899487495422363,-12.977720260620117,0
12.82,-11.498664855957031,-11.383230209350586,-11.023907661437988,-11.128898620605469,-11.094114303588867,-11.268804550170898,-11.270693778991699,-11.321388244628906,0
12.824,-14.559618949890137,-14.453933715820312,-14.11854076385498,-14.280721664428711,-14.168180465698242,-14.390905380249023,-14.338554382324219,-14.341863632202148,0
12.828,-12.52227783203125,-12.400599479675293,-12.105598449707031,-12.310420036315918,-12.175445556640625,-12.43885326385498,-12.350126266479492,-12.274859428405762,0
12.832,-12.875724792480469,-12.782140731811523,-12.500661849975586,-12.708249092102051,-12.607335090637207,-12.871188163757324,-12.811114311218262,-12.607292175292969,0
12.836,-11.075182914733887,-11.090864181518555,-10.810490608215332,-10.977473258972168,-10.901456832885742,-11.112403869628906,-11.107531547546387,-10.804797172546387,0
12.84,-10.143949508666992,-10.284635543823242,-9.9916505813598633,-10.109652519226074,-10.077703475952148,-10.177386283874512,-10.160931587219238,-9.901362419128418,0
12.844,-13.369606018066406,-13.539799690246582,-13.23485279083252,-13.301429748535156,-13.394966125488281,-13.337898254394531,-13.230105400085449,-13.18694019317627,0
12.848,-11.14289379119873,-11.234232902526855,-10.951992988586426,-10.96923828125,-11.15723991394043,-10.976277351379395,-10.791875839233398,-11.022817611694336,0
12.852,-11.381734848022461,-11.370306015014648,-11.156025886535645,-11.149755477905273,-11.30091381072998,-11.093183517456055,-10.940983772277832,-11.305211067199707,0
12.856,-9.8031721115112305,-9.7198514938354492,-9.6003389358520508,-9.5806398391723633,-9.6825008392333984,-9.4889631271362305,-9.4560375213623047,-9.7525463104248047,0
12.86,-9.2139263153076172,-9.073002815246582,-9.0474987030029297,-9.0526351928710938,-9.1288738250732422,-8.9537429809570312,-9.0499649047851562,-9.1808805465698242,0
12.864,-12.963839530944824,-12.764826774597168,-12.799270629882812,-12.885195732116699,-12.911669731140137,-12.761335372924805,-12.943649291992188,-12.939125061035156,0
12.868,-11.383041381835938,-11.186535835266113,-11.227992057800293,-11.401863098144531,-11.373105049133301,-11.254885673522949,-11.444254875183105,-11.382670402526855,0
12.872,-12.085151672363281,-12.00140380859375,-12.028759956359863,-12.257268905639648,-12.163808822631836,-12.078908920288086,-12.245359420776367,-12.159849166870117,0
12.876,-10.710332870483398,-10.76854419708252,-10.789271354675293,-11.031150817871094,-10.866681098937988,-10.775639533996582,-10.962948799133301,-10.834713935852051,0
